2025-12-09 09:43:54.791 +01:00 [INF] Starting web application
2025-12-09 09:43:56.974 +01:00 [DBG] An 'IServiceProvider' was created for internal use by Entity Framework.
2025-12-09 09:43:57.593 +01:00 [DBG] Entity Framework Core 9.0.10 initialized 'ShelterDbContext' using provider 'Pomelo.EntityFrameworkCore.MySql:9.0.0' with options: ParameterizedCollectionTranslationMode=Constantize ServerVersion=8.0.44-mysql 
2025-12-09 09:43:57.623 +01:00 [DBG] Creating DbConnection.
2025-12-09 09:43:57.630 +01:00 [DBG] Created DbConnection. (4ms).
2025-12-09 09:43:57.646 +01:00 [DBG] Opening connection to database '' on server '127.0.0.1'.
2025-12-09 09:43:57.687 +01:00 [DBG] Opened connection to database '' on server '127.0.0.1'.
2025-12-09 09:43:57.694 +01:00 [DBG] Creating DbConnection.
2025-12-09 09:43:57.695 +01:00 [DBG] Created DbConnection. (2ms).
2025-12-09 09:43:57.775 +01:00 [DBG] Disposing connection to database '' on server '127.0.0.1'.
2025-12-09 09:43:57.784 +01:00 [DBG] Disposed connection to database '' on server '127.0.0.1' (3ms).
2025-12-09 09:43:57.800 +01:00 [DBG] Creating DbCommand for 'ExecuteScalar'.
2025-12-09 09:43:57.806 +01:00 [DBG] Created DbCommand for 'ExecuteScalar' (6ms).
2025-12-09 09:43:57.809 +01:00 [DBG] Initialized DbCommand for 'ExecuteScalar' (13ms).
2025-12-09 09:43:57.811 +01:00 [DBG] Opening connection to database 'shelter' on server '127.0.0.1'.
2025-12-09 09:43:57.831 +01:00 [DBG] Opened connection to database 'shelter' on server '127.0.0.1'.
2025-12-09 09:43:57.842 +01:00 [DBG] Executing DbCommand [Parameters=[], CommandType='"Text"', CommandTimeout='30']
SELECT CASE WHEN COUNT(*) = 0 THEN FALSE ELSE TRUE END
FROM information_schema.tables
WHERE table_type = 'BASE TABLE' AND table_schema = 'shelter'
2025-12-09 09:43:57.930 +01:00 [INF] Executed DbCommand (78ms) [Parameters=[], CommandType='"Text"', CommandTimeout='30']
SELECT CASE WHEN COUNT(*) = 0 THEN FALSE ELSE TRUE END
FROM information_schema.tables
WHERE table_type = 'BASE TABLE' AND table_schema = 'shelter'
2025-12-09 09:43:57.939 +01:00 [DBG] Closing connection to database 'shelter' on server '127.0.0.1'.
2025-12-09 09:43:57.947 +01:00 [DBG] Closed connection to database 'shelter' on server '127.0.0.1' (7ms).
2025-12-09 09:43:58.000 +01:00 [DBG] Compiling query expression: 
'DbSet<User>()
    .Any(u => u.Name == "admin")'
2025-12-09 09:43:58.290 +01:00 [DBG] Generated query execution expression: 
'queryContext => SingleQueryingEnumerable.Create<bool>(
    relationalQueryContext: (RelationalQueryContext)queryContext, 
    relationalCommandResolver: parameters => [LIFTABLE Constant: RelationalCommandCache.QueryExpression(
        Projection Mapping:
            EmptyProjectionMember -> 0
        SELECT EXISTS (
            SELECT 1
            FROM Users AS u
            WHERE u.Name == 'admin')) | Resolver: c => new RelationalCommandCache(
        c.Dependencies.MemoryCache, 
        c.RelationalDependencies.QuerySqlGeneratorFactory, 
        c.RelationalDependencies.RelationalParameterBasedSqlProcessorFactory, 
        Projection Mapping:
            EmptyProjectionMember -> 0
        SELECT EXISTS (
            SELECT 1
            FROM Users AS u
            WHERE u.Name == 'admin'), 
        False, 
        new HashSet<string>(
            new string[]{ }, 
            StringComparer.Ordinal
        )
    )].GetRelationalCommandTemplate(parameters), 
    readerColumns: null, 
    shaper: (queryContext, dataReader, resultContext, resultCoordinator) => 
    {
        bool? value1;
        value1 = dataReader.IsDBNull(0) ? default(bool?) : (bool?)dataReader.GetBoolean(0);
        return (bool)value1;
    }, 
    contextType: ValcharUtulek.Database.ShelterDbContext, 
    standAloneStateManager: False, 
    detailedErrorsEnabled: False, 
    threadSafetyChecksEnabled: True)
    .Single()'
2025-12-09 09:43:58.327 +01:00 [DBG] Opening connection to database 'shelter' on server '127.0.0.1'.
2025-12-09 09:43:58.334 +01:00 [DBG] Opened connection to database 'shelter' on server '127.0.0.1'.
2025-12-09 09:43:58.337 +01:00 [DBG] Creating DbCommand for 'ExecuteReader'.
2025-12-09 09:43:58.338 +01:00 [DBG] Created DbCommand for 'ExecuteReader' (1ms).
2025-12-09 09:43:58.340 +01:00 [DBG] Initialized DbCommand for 'ExecuteReader' (2ms).
2025-12-09 09:43:58.342 +01:00 [DBG] Executing DbCommand [Parameters=[], CommandType='"Text"', CommandTimeout='30']
SELECT EXISTS (
    SELECT 1
    FROM `Users` AS `u`
    WHERE `u`.`Name` = 'admin')
2025-12-09 09:43:58.370 +01:00 [INF] Executed DbCommand (28ms) [Parameters=[], CommandType='"Text"', CommandTimeout='30']
SELECT EXISTS (
    SELECT 1
    FROM `Users` AS `u`
    WHERE `u`.`Name` = 'admin')
2025-12-09 09:43:58.377 +01:00 [DBG] Closing data reader to 'shelter' on server '127.0.0.1'.
2025-12-09 09:43:58.381 +01:00 [DBG] A data reader for 'shelter' on server '127.0.0.1' is being disposed after spending 5ms reading results.
2025-12-09 09:43:58.384 +01:00 [DBG] Closing connection to database 'shelter' on server '127.0.0.1'.
2025-12-09 09:43:58.387 +01:00 [DBG] Closed connection to database 'shelter' on server '127.0.0.1' (2ms).
2025-12-09 09:43:58.390 +01:00 [DBG] Compiling query expression: 
'DbSet<News>()
    .Any()'
2025-12-09 09:43:58.396 +01:00 [DBG] Generated query execution expression: 
'queryContext => SingleQueryingEnumerable.Create<bool>(
    relationalQueryContext: (RelationalQueryContext)queryContext, 
    relationalCommandResolver: parameters => [LIFTABLE Constant: RelationalCommandCache.QueryExpression(
        Projection Mapping:
            EmptyProjectionMember -> 0
        SELECT EXISTS (
            SELECT 1
            FROM News AS n)) | Resolver: c => new RelationalCommandCache(
        c.Dependencies.MemoryCache, 
        c.RelationalDependencies.QuerySqlGeneratorFactory, 
        c.RelationalDependencies.RelationalParameterBasedSqlProcessorFactory, 
        Projection Mapping:
            EmptyProjectionMember -> 0
        SELECT EXISTS (
            SELECT 1
            FROM News AS n), 
        False, 
        new HashSet<string>(
            new string[]{ }, 
            StringComparer.Ordinal
        )
    )].GetRelationalCommandTemplate(parameters), 
    readerColumns: null, 
    shaper: (queryContext, dataReader, resultContext, resultCoordinator) => 
    {
        bool? value1;
        value1 = dataReader.IsDBNull(0) ? default(bool?) : (bool?)dataReader.GetBoolean(0);
        return (bool)value1;
    }, 
    contextType: ValcharUtulek.Database.ShelterDbContext, 
    standAloneStateManager: False, 
    detailedErrorsEnabled: False, 
    threadSafetyChecksEnabled: True)
    .Single()'
2025-12-09 09:43:58.400 +01:00 [DBG] Opening connection to database 'shelter' on server '127.0.0.1'.
2025-12-09 09:43:58.402 +01:00 [DBG] Opened connection to database 'shelter' on server '127.0.0.1'.
2025-12-09 09:43:58.403 +01:00 [DBG] Creating DbCommand for 'ExecuteReader'.
2025-12-09 09:43:58.404 +01:00 [DBG] Created DbCommand for 'ExecuteReader' (1ms).
2025-12-09 09:43:58.406 +01:00 [DBG] Initialized DbCommand for 'ExecuteReader' (3ms).
2025-12-09 09:43:58.408 +01:00 [DBG] Executing DbCommand [Parameters=[], CommandType='"Text"', CommandTimeout='30']
SELECT EXISTS (
    SELECT 1
    FROM `News` AS `n`)
2025-12-09 09:43:58.426 +01:00 [INF] Executed DbCommand (18ms) [Parameters=[], CommandType='"Text"', CommandTimeout='30']
SELECT EXISTS (
    SELECT 1
    FROM `News` AS `n`)
2025-12-09 09:43:58.430 +01:00 [DBG] Closing data reader to 'shelter' on server '127.0.0.1'.
2025-12-09 09:43:58.431 +01:00 [DBG] A data reader for 'shelter' on server '127.0.0.1' is being disposed after spending 1ms reading results.
2025-12-09 09:43:58.433 +01:00 [DBG] Closing connection to database 'shelter' on server '127.0.0.1'.
2025-12-09 09:43:58.435 +01:00 [DBG] Closed connection to database 'shelter' on server '127.0.0.1' (1ms).
2025-12-09 09:43:58.438 +01:00 [DBG] 'ShelterDbContext' disposed.
2025-12-09 09:43:58.440 +01:00 [DBG] Disposing connection to database 'shelter' on server '127.0.0.1'.
2025-12-09 09:43:58.442 +01:00 [DBG] Disposed connection to database 'shelter' on server '127.0.0.1' (2ms).
2025-12-09 09:43:58.520 +01:00 [DBG] Initializing Razor view compiler with compiled view: '/Views/Account/Login.cshtml'.
2025-12-09 09:43:58.523 +01:00 [DBG] Initializing Razor view compiler with compiled view: '/Views/Account/Register.cshtml'.
2025-12-09 09:43:58.524 +01:00 [DBG] Initializing Razor view compiler with compiled view: '/Views/Adoptions/Create.cshtml'.
2025-12-09 09:43:58.526 +01:00 [DBG] Initializing Razor view compiler with compiled view: '/Views/Adoptions/Delete.cshtml'.
2025-12-09 09:43:58.527 +01:00 [DBG] Initializing Razor view compiler with compiled view: '/Views/Adoptions/Details.cshtml'.
2025-12-09 09:43:58.528 +01:00 [DBG] Initializing Razor view compiler with compiled view: '/Views/Adoptions/Edit.cshtml'.
2025-12-09 09:43:58.529 +01:00 [DBG] Initializing Razor view compiler with compiled view: '/Views/Adoptions/Index.cshtml'.
2025-12-09 09:43:58.531 +01:00 [DBG] Initializing Razor view compiler with compiled view: '/Views/Gifts/Create.cshtml'.
2025-12-09 09:43:58.532 +01:00 [DBG] Initializing Razor view compiler with compiled view: '/Views/Gifts/Delete.cshtml'.
2025-12-09 09:43:58.533 +01:00 [DBG] Initializing Razor view compiler with compiled view: '/Views/Gifts/Details.cshtml'.
2025-12-09 09:43:58.534 +01:00 [DBG] Initializing Razor view compiler with compiled view: '/Views/Gifts/Edit.cshtml'.
2025-12-09 09:43:58.536 +01:00 [DBG] Initializing Razor view compiler with compiled view: '/Views/Gifts/Index.cshtml'.
2025-12-09 09:43:58.537 +01:00 [DBG] Initializing Razor view compiler with compiled view: '/Views/Home/Index.cshtml'.
2025-12-09 09:43:58.538 +01:00 [DBG] Initializing Razor view compiler with compiled view: '/Views/Home/Privacy.cshtml'.
2025-12-09 09:43:58.540 +01:00 [DBG] Initializing Razor view compiler with compiled view: '/Views/News/Create.cshtml'.
2025-12-09 09:43:58.541 +01:00 [DBG] Initializing Razor view compiler with compiled view: '/Views/News/Delete.cshtml'.
2025-12-09 09:43:58.542 +01:00 [DBG] Initializing Razor view compiler with compiled view: '/Views/News/Details.cshtml'.
2025-12-09 09:43:58.543 +01:00 [DBG] Initializing Razor view compiler with compiled view: '/Views/News/Edit.cshtml'.
2025-12-09 09:43:58.544 +01:00 [DBG] Initializing Razor view compiler with compiled view: '/Views/News/Index.cshtml'.
2025-12-09 09:43:58.546 +01:00 [DBG] Initializing Razor view compiler with compiled view: '/Views/Shared/Error.cshtml'.
2025-12-09 09:43:58.547 +01:00 [DBG] Initializing Razor view compiler with compiled view: '/Views/Shared/_ValidationScriptsPartial.cshtml'.
2025-12-09 09:43:58.548 +01:00 [DBG] Initializing Razor view compiler with compiled view: '/Views/_ViewImports.cshtml'.
2025-12-09 09:43:58.549 +01:00 [DBG] Initializing Razor view compiler with compiled view: '/Views/_ViewStart.cshtml'.
2025-12-09 09:43:58.551 +01:00 [DBG] Initializing Razor view compiler with compiled view: '/Views/Shared/_Layout.cshtml'.
2025-12-09 09:43:58.573 +01:00 [DBG] Registered model binder providers, in the following order: ["Microsoft.AspNetCore.Mvc.ModelBinding.Binders.BinderTypeModelBinderProvider","Microsoft.AspNetCore.Mvc.ModelBinding.Binders.ServicesModelBinderProvider","Microsoft.AspNetCore.Mvc.ModelBinding.Binders.BodyModelBinderProvider","Microsoft.AspNetCore.Mvc.ModelBinding.Binders.HeaderModelBinderProvider","Microsoft.AspNetCore.Mvc.ModelBinding.Binders.FloatingPointTypeModelBinderProvider","Microsoft.AspNetCore.Mvc.ModelBinding.Binders.EnumTypeModelBinderProvider","Microsoft.AspNetCore.Mvc.ModelBinding.Binders.DateTimeModelBinderProvider","Microsoft.AspNetCore.Mvc.ModelBinding.Binders.SimpleTypeModelBinderProvider","Microsoft.AspNetCore.Mvc.ModelBinding.Binders.TryParseModelBinderProvider","Microsoft.AspNetCore.Mvc.ModelBinding.Binders.CancellationTokenModelBinderProvider","Microsoft.AspNetCore.Mvc.ModelBinding.Binders.ByteArrayModelBinderProvider","Microsoft.AspNetCore.Mvc.ModelBinding.Binders.FormFileModelBinderProvider","Microsoft.AspNetCore.Mvc.ModelBinding.Binders.FormCollectionModelBinderProvider","Microsoft.AspNetCore.Mvc.ModelBinding.Binders.KeyValuePairModelBinderProvider","Microsoft.AspNetCore.Mvc.ModelBinding.Binders.DictionaryModelBinderProvider","Microsoft.AspNetCore.Mvc.ModelBinding.Binders.ArrayModelBinderProvider","Microsoft.AspNetCore.Mvc.ModelBinding.Binders.CollectionModelBinderProvider","Microsoft.AspNetCore.Mvc.ModelBinding.Binders.ComplexObjectModelBinderProvider"]
2025-12-09 09:43:58.673 +01:00 [DBG] Hosting starting
2025-12-09 09:43:58.710 +01:00 [INF] User profile is available. Using 'C:\Users\David\AppData\Local\ASP.NET\DataProtection-Keys' as key repository and Windows DPAPI to encrypt keys at rest.
2025-12-09 09:43:58.738 +01:00 [DBG] Reading data from file 'C:\Users\David\AppData\Local\ASP.NET\DataProtection-Keys\key-f5c154a5-e5b4-4c9b-b7eb-6e5e819bbbdf.xml'.
2025-12-09 09:43:58.788 +01:00 [DBG] Found key {f5c154a5-e5b4-4c9b-b7eb-6e5e819bbbdf}.
2025-12-09 09:43:58.809 +01:00 [DBG] Considering key {f5c154a5-e5b4-4c9b-b7eb-6e5e819bbbdf} with expiration date 2025-12-22 06:21:24Z as default key.
2025-12-09 09:43:58.817 +01:00 [DBG] Forwarded activator type request from Microsoft.AspNetCore.DataProtection.XmlEncryption.DpapiXmlDecryptor, Microsoft.AspNetCore.DataProtection, Version=9.0.0.0, Culture=neutral, PublicKeyToken=adb9793829ddae60 to Microsoft.AspNetCore.DataProtection.XmlEncryption.DpapiXmlDecryptor, Microsoft.AspNetCore.DataProtection, Culture=neutral, PublicKeyToken=adb9793829ddae60
2025-12-09 09:43:58.820 +01:00 [DBG] Decrypting secret element using Windows DPAPI.
2025-12-09 09:43:58.824 +01:00 [DBG] Forwarded activator type request from Microsoft.AspNetCore.DataProtection.AuthenticatedEncryption.ConfigurationModel.AuthenticatedEncryptorDescriptorDeserializer, Microsoft.AspNetCore.DataProtection, Version=9.0.0.0, Culture=neutral, PublicKeyToken=adb9793829ddae60 to Microsoft.AspNetCore.DataProtection.AuthenticatedEncryption.ConfigurationModel.AuthenticatedEncryptorDescriptorDeserializer, Microsoft.AspNetCore.DataProtection, Culture=neutral, PublicKeyToken=adb9793829ddae60
2025-12-09 09:43:58.829 +01:00 [DBG] Opening CNG algorithm 'AES' from provider 'null' with chaining mode CBC.
2025-12-09 09:43:58.832 +01:00 [DBG] Opening CNG algorithm 'SHA256' from provider 'null' with HMAC.
2025-12-09 09:43:58.836 +01:00 [DBG] Using key {f5c154a5-e5b4-4c9b-b7eb-6e5e819bbbdf} as the default key.
2025-12-09 09:43:58.840 +01:00 [DBG] Key ring with default key {f5c154a5-e5b4-4c9b-b7eb-6e5e819bbbdf} was loaded during application startup.
2025-12-09 09:43:58.853 +01:00 [DBG] Middleware loaded
2025-12-09 09:43:58.859 +01:00 [DBG] Middleware loaded. Script /_framework/aspnetcore-browser-refresh.js (16511 B).
2025-12-09 09:43:58.861 +01:00 [DBG] Middleware loaded. Script /_framework/blazor-hotreload.js (799 B).
2025-12-09 09:43:58.930 +01:00 [DBG] Middleware configuration started with options: {AllowedHosts = *, AllowEmptyHosts = True, IncludeFailureMessage = True}
2025-12-09 09:43:58.933 +01:00 [DBG] Wildcard detected, all requests with hosts will be allowed.
2025-12-09 09:43:58.950 +01:00 [DBG] Middleware loaded: DOTNET_MODIFIABLE_ASSEMBLIES=debug, __ASPNETCORE_BROWSER_TOOLS=true
2025-12-09 09:43:59.042 +01:00 [INF] Now listening on: https://localhost:7079
2025-12-09 09:43:59.044 +01:00 [INF] Now listening on: http://localhost:5048
2025-12-09 09:43:59.046 +01:00 [DBG] Loaded hosting startup assembly ValcharUtulek
2025-12-09 09:43:59.048 +01:00 [DBG] Loaded hosting startup assembly Microsoft.WebTools.ApiEndpointDiscovery
2025-12-09 09:43:59.049 +01:00 [DBG] Loaded hosting startup assembly Microsoft.AspNetCore.Watch.BrowserRefresh
2025-12-09 09:43:59.050 +01:00 [DBG] Loaded hosting startup assembly Microsoft.WebTools.BrowserLink.Net
2025-12-09 09:43:59.061 +01:00 [DBG] Executing API description provider 'EndpointMetadataApiDescriptionProvider' from assembly Microsoft.AspNetCore.Mvc.ApiExplorer v9.0.0.0.
2025-12-09 09:43:59.064 +01:00 [DBG] Executing API description provider 'DefaultApiDescriptionProvider' from assembly Microsoft.AspNetCore.Mvc.ApiExplorer v9.0.0.0.
2025-12-09 09:43:59.142 +01:00 [INF] Application started. Press Ctrl+C to shut down.
2025-12-09 09:43:59.144 +01:00 [INF] Hosting environment: Development
2025-12-09 09:43:59.145 +01:00 [INF] Content root path: C:\Users\David\source\repos\ValcharUtulek\ValcharUtulek
2025-12-09 09:43:59.147 +01:00 [DBG] Hosting started
2025-12-09 09:43:59.171 +01:00 [DBG] Connection id "0HNHMVSCAP1CH" received FIN.
2025-12-09 09:43:59.171 +01:00 [DBG] Connection id "0HNHMVSCAP1CG" received FIN.
2025-12-09 09:43:59.184 +01:00 [DBG] Connection id "0HNHMVSCAP1CG" accepted.
2025-12-09 09:43:59.184 +01:00 [DBG] Connection id "0HNHMVSCAP1CH" accepted.
2025-12-09 09:43:59.186 +01:00 [DBG] Connection id "0HNHMVSCAP1CG" started.
2025-12-09 09:43:59.187 +01:00 [DBG] Connection id "0HNHMVSCAP1CH" started.
2025-12-09 09:43:59.205 +01:00 [DBG] Failed to authenticate HTTPS connection.
System.IO.IOException: Received an unexpected EOF or 0 bytes from the transport stream.
   at System.Net.Security.SslStream.ReceiveHandshakeFrameAsync[TIOAdapter](CancellationToken cancellationToken)
   at System.Net.Security.SslStream.ForceAuthenticationAsync[TIOAdapter](Boolean receiveFirst, Byte[] reAuthenticationData, CancellationToken cancellationToken)
   at System.Net.Security.SslStream.ProcessAuthenticationWithTelemetryAsync(Boolean isAsync, CancellationToken cancellationToken)
   at Microsoft.AspNetCore.Server.Kestrel.Https.Internal.HttpsConnectionMiddleware.OnConnectionAsync(ConnectionContext context)
2025-12-09 09:43:59.205 +01:00 [DBG] Failed to authenticate HTTPS connection.
System.IO.IOException: Received an unexpected EOF or 0 bytes from the transport stream.
   at System.Net.Security.SslStream.ReceiveHandshakeFrameAsync[TIOAdapter](CancellationToken cancellationToken)
   at System.Net.Security.SslStream.ForceAuthenticationAsync[TIOAdapter](Boolean receiveFirst, Byte[] reAuthenticationData, CancellationToken cancellationToken)
   at System.Net.Security.SslStream.ProcessAuthenticationWithTelemetryAsync(Boolean isAsync, CancellationToken cancellationToken)
   at Microsoft.AspNetCore.Server.Kestrel.Https.Internal.HttpsConnectionMiddleware.OnConnectionAsync(ConnectionContext context)
2025-12-09 09:43:59.238 +01:00 [DBG] Connection id "0HNHMVSCAP1CG" stopped.
2025-12-09 09:43:59.238 +01:00 [DBG] Connection id "0HNHMVSCAP1CH" stopped.
2025-12-09 09:43:59.244 +01:00 [DBG] Connection id "0HNHMVSCAP1CH" sending FIN because: "The Socket transport's send loop completed gracefully."
2025-12-09 09:43:59.244 +01:00 [DBG] Connection id "0HNHMVSCAP1CG" sending FIN because: "The Socket transport's send loop completed gracefully."
2025-12-09 09:44:00.401 +01:00 [DBG] Connection id "0HNHMVSCAP1CI" accepted.
2025-12-09 09:44:00.403 +01:00 [DBG] Connection id "0HNHMVSCAP1CI" started.
2025-12-09 09:44:00.404 +01:00 [DBG] Connection id "0HNHMVSCAP1CJ" accepted.
2025-12-09 09:44:00.407 +01:00 [DBG] Connection id "0HNHMVSCAP1CJ" started.
2025-12-09 09:44:00.433 +01:00 [DBG] Connection id "0HNHMVSCAP1CJ" received FIN.
2025-12-09 09:44:00.447 +01:00 [DBG] Connection 0HNHMVSCAP1CJ established using the following protocol: "Tls13"
2025-12-09 09:44:00.447 +01:00 [DBG] Connection 0HNHMVSCAP1CI established using the following protocol: "Tls13"
2025-12-09 09:44:00.474 +01:00 [DBG] Connection id "0HNHMVSCAP1CJ" is closed. The last processed stream ID was 0.
2025-12-09 09:44:00.477 +01:00 [DBG] Connection id "0HNHMVSCAP1CJ" sending FIN because: "The Socket transport's send loop completed gracefully."
2025-12-09 09:44:00.483 +01:00 [DBG] The connection queue processing loop for 0HNHMVSCAP1CJ completed.
2025-12-09 09:44:00.487 +01:00 [DBG] Connection id "0HNHMVSCAP1CJ" stopped.
2025-12-09 09:44:00.540 +01:00 [INF] Request starting HTTP/2 GET https://localhost:7079/ - null null
2025-12-09 09:44:00.736 +01:00 [DBG] The request path / does not match a supported file type
2025-12-09 09:44:00.771 +01:00 [DBG] 1 candidate(s) found for the request path '/'
2025-12-09 09:44:00.774 +01:00 [DBG] Endpoint 'ValcharUtulek.Controllers.HomeController.Index (ValcharUtulek)' with route pattern '{controller=Home}/{action=Index}/{id?}' is valid for the request path '/'
2025-12-09 09:44:00.778 +01:00 [DBG] Request matched endpoint 'ValcharUtulek.Controllers.HomeController.Index (ValcharUtulek)'
2025-12-09 09:44:00.800 +01:00 [DBG] AuthenticationScheme: Cookies was not authenticated.
2025-12-09 09:44:00.805 +01:00 [INF] Executing endpoint 'ValcharUtulek.Controllers.HomeController.Index (ValcharUtulek)'
2025-12-09 09:44:00.826 +01:00 [INF] Route matched with {action = "Index", controller = "Home"}. Executing controller action with signature Microsoft.AspNetCore.Mvc.IActionResult Index() on controller ValcharUtulek.Controllers.HomeController (ValcharUtulek).
2025-12-09 09:44:00.831 +01:00 [DBG] Execution plan of authorization filters (in the following order): ["None"]
2025-12-09 09:44:00.834 +01:00 [DBG] Execution plan of resource filters (in the following order): ["Microsoft.AspNetCore.Mvc.ViewFeatures.Filters.SaveTempDataFilter"]
2025-12-09 09:44:00.837 +01:00 [DBG] Execution plan of action filters (in the following order): ["Microsoft.AspNetCore.Mvc.Filters.ControllerActionFilter (Order: -2147483648)","Microsoft.AspNetCore.Mvc.ModelBinding.UnsupportedContentTypeFilter (Order: -3000)"]
2025-12-09 09:44:00.840 +01:00 [DBG] Execution plan of exception filters (in the following order): ["None"]
2025-12-09 09:44:00.843 +01:00 [DBG] Execution plan of result filters (in the following order): ["Microsoft.AspNetCore.Mvc.ViewFeatures.Filters.SaveTempDataFilter"]
2025-12-09 09:44:00.848 +01:00 [DBG] Executing controller factory for controller ValcharUtulek.Controllers.HomeController (ValcharUtulek)
2025-12-09 09:44:00.851 +01:00 [DBG] Executed controller factory for controller ValcharUtulek.Controllers.HomeController (ValcharUtulek)
2025-12-09 09:44:00.861 +01:00 [DBG] View lookup cache miss for view 'Index' in controller 'Home'.
2025-12-09 09:44:00.872 +01:00 [INF] Executing ViewResult, running view Index.
2025-12-09 09:44:00.878 +01:00 [DBG] The view path '/Views/Home/Index.cshtml' was found in 13.7668ms.
2025-12-09 09:44:00.927 +01:00 [DBG] View lookup cache miss for view '_Layout' in controller 'Home'.
2025-12-09 09:44:01.047 +01:00 [DBG] Response markup is scheduled to include Browser Link script injection.
2025-12-09 09:44:01.055 +01:00 [DBG] Response markup is scheduled to include browser refresh script injection.
2025-12-09 09:44:01.062 +01:00 [INF] Executed ViewResult - view Index executed in 201.487ms.
2025-12-09 09:44:01.065 +01:00 [INF] Executed action ValcharUtulek.Controllers.HomeController.Index (ValcharUtulek) in 220.1138ms
2025-12-09 09:44:01.068 +01:00 [INF] Executed endpoint 'ValcharUtulek.Controllers.HomeController.Index (ValcharUtulek)'
2025-12-09 09:44:01.070 +01:00 [DBG] Response markup was updated to include Browser Link script injection.
2025-12-09 09:44:01.073 +01:00 [DBG] Response markup was updated to include browser refresh script injection.
2025-12-09 09:44:01.080 +01:00 [INF] Request finished HTTP/2 GET https://localhost:7079/ - 200 null text/html; charset=utf-8 555.0803ms
2025-12-09 09:44:01.125 +01:00 [INF] Request starting HTTP/2 GET https://localhost:7079/lib/jquery/dist/jquery.min.js - null null
2025-12-09 09:44:01.125 +01:00 [INF] Request starting HTTP/2 GET https://localhost:7079/ValcharUtulek.styles.css?v=j5zwibrJczPiRVDQ5VRbX9PLWOuE_L1NX0cek0_whqI - null null
2025-12-09 09:44:01.125 +01:00 [INF] Request starting HTTP/2 GET https://localhost:7079/css/site.css?v=vap0le44TLdgsRiQrV3uoAeH2bjxcRLSqEsTqb5sD3o - null null
2025-12-09 09:44:01.125 +01:00 [INF] Request starting HTTP/2 GET https://localhost:7079/lib/bootstrap/dist/css/bootstrap.min.css - null null
2025-12-09 09:44:01.132 +01:00 [INF] Request starting HTTP/2 GET https://localhost:7079/js/site.js?v=hRQyftXiu1lLX2P9Ly9xa4gHJgLeR1uGN5qegUobtGo - null null
2025-12-09 09:44:01.132 +01:00 [INF] Request starting HTTP/2 GET https://localhost:7079/lib/bootstrap/dist/js/bootstrap.bundle.min.js - null null
2025-12-09 09:44:01.200 +01:00 [INF] Request starting HTTP/2 GET https://localhost:7079/_framework/aspnetcore-browser-refresh.js - null null
2025-12-09 09:44:01.200 +01:00 [INF] Request starting HTTP/2 GET https://localhost:7079/images/logo.png - null null
2025-12-09 09:44:01.262 +01:00 [INF] Request starting HTTP/2 GET https://localhost:7079/_vs/browserLink - null null
2025-12-09 09:44:01.313 +01:00 [INF] Sending file. Request path: '/ValcharUtulek.styles.css'. Physical path: 'C:\Users\David\source\repos\ValcharUtulek\ValcharUtulek\obj\Debug\net9.0\scopedcss\bundle\ValcharUtulek.styles.css'
2025-12-09 09:44:01.317 +01:00 [INF] Sending file. Request path: '/css/site.css'. Physical path: 'C:\Users\David\source\repos\ValcharUtulek\ValcharUtulek\wwwroot\css\site.css'
2025-12-09 09:44:01.341 +01:00 [INF] Request finished HTTP/2 GET https://localhost:7079/ValcharUtulek.styles.css?v=j5zwibrJczPiRVDQ5VRbX9PLWOuE_L1NX0cek0_whqI - 200 1131 text/css 215.9943ms
2025-12-09 09:44:01.341 +01:00 [DBG] Script injected: /_framework/aspnetcore-browser-refresh.js
2025-12-09 09:44:01.317 +01:00 [INF] Sending file. Request path: '/js/site.js'. Physical path: 'C:\Users\David\source\repos\ValcharUtulek\ValcharUtulek\wwwroot\js\site.js'
2025-12-09 09:44:01.447 +01:00 [INF] Request finished HTTP/2 GET https://localhost:7079/css/site.css?v=vap0le44TLdgsRiQrV3uoAeH2bjxcRLSqEsTqb5sD3o - 200 3944 text/css 321.6977ms
2025-12-09 09:44:01.454 +01:00 [INF] Request finished HTTP/2 GET https://localhost:7079/_framework/aspnetcore-browser-refresh.js - 200 16511 application/javascript; charset=utf-8 254.6881ms
2025-12-09 09:44:01.455 +01:00 [INF] Sending file. Request path: '/lib/bootstrap/dist/js/bootstrap.bundle.min.js'. Physical path: 'C:\Users\David\source\repos\ValcharUtulek\ValcharUtulek\wwwroot\lib\bootstrap\dist\js\bootstrap.bundle.min.js'
2025-12-09 09:44:01.455 +01:00 [INF] Sending file. Request path: '/lib/jquery/dist/jquery.min.js'. Physical path: 'C:\Users\David\source\repos\ValcharUtulek\ValcharUtulek\wwwroot\lib\jquery\dist\jquery.min.js'
2025-12-09 09:44:01.456 +01:00 [INF] Sending file. Request path: '/lib/bootstrap/dist/css/bootstrap.min.css'. Physical path: 'C:\Users\David\source\repos\ValcharUtulek\ValcharUtulek\wwwroot\lib\bootstrap\dist\css\bootstrap.min.css'
2025-12-09 09:44:01.456 +01:00 [INF] Request finished HTTP/2 GET https://localhost:7079/js/site.js?v=hRQyftXiu1lLX2P9Ly9xa4gHJgLeR1uGN5qegUobtGo - 200 231 text/javascript 324.4717ms
2025-12-09 09:44:01.471 +01:00 [INF] Request finished HTTP/2 GET https://localhost:7079/lib/bootstrap/dist/js/bootstrap.bundle.min.js - 200 80721 text/javascript 338.7617ms
2025-12-09 09:44:01.473 +01:00 [INF] Request finished HTTP/2 GET https://localhost:7079/lib/jquery/dist/jquery.min.js - 200 87533 text/javascript 347.7176ms
2025-12-09 09:44:01.476 +01:00 [INF] Request finished HTTP/2 GET https://localhost:7079/lib/bootstrap/dist/css/bootstrap.min.css - 200 232803 text/css 350.5391ms
2025-12-09 09:44:01.492 +01:00 [INF] Request starting HTTP/2 GET https://localhost:7079/images/homebackground.jpg - null null
2025-12-09 09:44:01.508 +01:00 [INF] Request finished HTTP/2 GET https://localhost:7079/_vs/browserLink - 200 null text/javascript; charset=UTF-8 246.4053ms
2025-12-09 09:44:01.551 +01:00 [INF] Sending file. Request path: '/images/homebackground.jpg'. Physical path: 'C:\Users\David\source\repos\ValcharUtulek\ValcharUtulek\wwwroot\images\homebackground.jpg'
2025-12-09 09:44:01.554 +01:00 [INF] Request finished HTTP/2 GET https://localhost:7079/images/homebackground.jpg - 200 456563 image/jpeg 62.6789ms
2025-12-09 09:44:01.594 +01:00 [INF] Sending file. Request path: '/images/logo.png'. Physical path: 'C:\Users\David\source\repos\ValcharUtulek\ValcharUtulek\wwwroot\images\logo.png'
2025-12-09 09:44:01.596 +01:00 [INF] Request finished HTTP/2 GET https://localhost:7079/images/logo.png - 200 4026441 image/png 396.2859ms
2025-12-09 09:44:05.148 +01:00 [INF] Request starting HTTP/2 GET https://localhost:7079/Adoptions - null null
2025-12-09 09:44:05.157 +01:00 [DBG] The request path /Adoptions does not match a supported file type
2025-12-09 09:44:05.162 +01:00 [DBG] 1 candidate(s) found for the request path '/Adoptions'
2025-12-09 09:44:05.165 +01:00 [DBG] Endpoint 'ValcharUtulek.Controllers.AdoptionsController.Index (ValcharUtulek)' with route pattern '{controller=Home}/{action=Index}/{id?}' is valid for the request path '/Adoptions'
2025-12-09 09:44:05.167 +01:00 [DBG] Request matched endpoint 'ValcharUtulek.Controllers.AdoptionsController.Index (ValcharUtulek)'
2025-12-09 09:44:05.170 +01:00 [DBG] AuthenticationScheme: Cookies was not authenticated.
2025-12-09 09:44:05.172 +01:00 [INF] Executing endpoint 'ValcharUtulek.Controllers.AdoptionsController.Index (ValcharUtulek)'
2025-12-09 09:44:05.181 +01:00 [INF] Route matched with {action = "Index", controller = "Adoptions"}. Executing controller action with signature System.Threading.Tasks.Task`1[Microsoft.AspNetCore.Mvc.IActionResult] Index() on controller ValcharUtulek.Controllers.AdoptionsController (ValcharUtulek).
2025-12-09 09:44:05.183 +01:00 [DBG] Execution plan of authorization filters (in the following order): ["None"]
2025-12-09 09:44:05.186 +01:00 [DBG] Execution plan of resource filters (in the following order): ["Microsoft.AspNetCore.Mvc.ViewFeatures.Filters.SaveTempDataFilter"]
2025-12-09 09:44:05.188 +01:00 [DBG] Execution plan of action filters (in the following order): ["Microsoft.AspNetCore.Mvc.Filters.ControllerActionFilter (Order: -2147483648)","Microsoft.AspNetCore.Mvc.ModelBinding.UnsupportedContentTypeFilter (Order: -3000)"]
2025-12-09 09:44:05.190 +01:00 [DBG] Execution plan of exception filters (in the following order): ["None"]
2025-12-09 09:44:05.192 +01:00 [DBG] Execution plan of result filters (in the following order): ["Microsoft.AspNetCore.Mvc.ViewFeatures.Filters.SaveTempDataFilter"]
2025-12-09 09:44:05.195 +01:00 [DBG] Executing controller factory for controller ValcharUtulek.Controllers.AdoptionsController (ValcharUtulek)
2025-12-09 09:44:05.208 +01:00 [DBG] Executed controller factory for controller ValcharUtulek.Controllers.AdoptionsController (ValcharUtulek)
2025-12-09 09:44:05.214 +01:00 [DBG] Entity Framework Core 9.0.10 initialized 'ShelterDbContext' using provider 'Pomelo.EntityFrameworkCore.MySql:9.0.0' with options: ParameterizedCollectionTranslationMode=Constantize ServerVersion=8.0.44-mysql 
2025-12-09 09:44:05.225 +01:00 [DBG] Compiling query expression: 
'DbSet<Adoption>()'
2025-12-09 09:44:05.284 +01:00 [DBG] Generated query execution expression: 
'queryContext => SingleQueryingEnumerable.Create<Adoption>(
    relationalQueryContext: (RelationalQueryContext)queryContext, 
    relationalCommandResolver: parameters => [LIFTABLE Constant: RelationalCommandCache.QueryExpression(
        Projection Mapping:
            EmptyProjectionMember -> Dictionary<IProperty, int> { [Property: Adoption.AdoptionId (int) Required PK AfterSave:Throw ValueGenerated.OnAdd, 0], [Property: Adoption.AdoptionDate (DateOnly) Required, 1], [Property: Adoption.Amount (double) Required, 2], [Property: Adoption.AnimalId (int) Required, 3], [Property: Adoption.UserId (int) Required, 4] }
        SELECT a.AdoptionId, a.AdoptionDate, a.Amount, a.AnimalId, a.UserId
        FROM Adoptions AS a) | Resolver: c => new RelationalCommandCache(
        c.Dependencies.MemoryCache, 
        c.RelationalDependencies.QuerySqlGeneratorFactory, 
        c.RelationalDependencies.RelationalParameterBasedSqlProcessorFactory, 
        Projection Mapping:
            EmptyProjectionMember -> Dictionary<IProperty, int> { [Property: Adoption.AdoptionId (int) Required PK AfterSave:Throw ValueGenerated.OnAdd, 0], [Property: Adoption.AdoptionDate (DateOnly) Required, 1], [Property: Adoption.Amount (double) Required, 2], [Property: Adoption.AnimalId (int) Required, 3], [Property: Adoption.UserId (int) Required, 4] }
        SELECT a.AdoptionId, a.AdoptionDate, a.Amount, a.AnimalId, a.UserId
        FROM Adoptions AS a, 
        False, 
        new HashSet<string>(
            new string[]{ }, 
            StringComparer.Ordinal
        )
    )].GetRelationalCommandTemplate(parameters), 
    readerColumns: null, 
    shaper: (queryContext, dataReader, resultContext, resultCoordinator) => 
    {
        Adoption entity;
        entity = 
        {
            MaterializationContext materializationContext1;
            IEntityType entityType1;
            Adoption instance1;
            InternalEntityEntry entry1;
            bool hasNullKey1;
            materializationContext1 = new MaterializationContext(
                [LIFTABLE Constant: ValueBuffer | Resolver: _ => (object)ValueBuffer.Empty], 
                queryContext.Context
            );
            instance1 = default(Adoption);
            entry1 = queryContext.TryGetEntry(
                key: Key: Adoption.AdoptionId PK, 
                keyValues: new object[]{ (object)dataReader.GetInt32(0) }, 
                throwOnNullKey: True, 
                hasNullKey: hasNullKey1);
            !(hasNullKey1) ? entry1 != default(InternalEntityEntry) ? 
            {
                entityType1 = entry1.EntityType;
                return instance1 = (Adoption)entry1.Entity;
            } : 
            {
                ISnapshot shadowSnapshot1;
                shadowSnapshot1 = Snapshot;
                entityType1 = EntityType: Adoption;
                instance1 = switch (entityType1)
                {
                    case EntityType: Adoption: 
                        {
                            return 
                            {
                                Adoption instance;
                                instance = new Adoption();
                                instance.<AdoptionId>k__BackingField = dataReader.GetInt32(0);
                                instance.<AdoptionDate>k__BackingField = dataReader.GetFieldValue<DateOnly>(1);
                                instance.<Amount>k__BackingField = dataReader.GetDouble(2);
                                instance.<AnimalId>k__BackingField = dataReader.GetInt32(3);
                                instance.<UserId>k__BackingField = dataReader.GetInt32(4);
                                (instance is IInjectableService) ? ((IInjectableService)instance).Injected(
                                    context: materializationContext1.Context, 
                                    entity: instance, 
                                    queryTrackingBehavior: TrackAll, 
                                    structuralType: EntityType: Adoption) : default(void);
                                return instance;
                            }}
                    default: 
                        default(Adoption)
                }
                ;
                entry1 = entityType1 == default(IEntityType) ? default(InternalEntityEntry) : queryContext.StartTracking(
                    entityType: entityType1, 
                    entity: instance1, 
                    snapshot: shadowSnapshot1);
                return instance1;
            } : default(void);
            return instance1;
        };
        return entity;
    }, 
    contextType: ValcharUtulek.Database.ShelterDbContext, 
    standAloneStateManager: False, 
    detailedErrorsEnabled: False, 
    threadSafetyChecksEnabled: True)'
2025-12-09 09:44:05.297 +01:00 [DBG] Creating DbConnection.
2025-12-09 09:44:05.299 +01:00 [DBG] Created DbConnection. (1ms).
2025-12-09 09:44:05.300 +01:00 [DBG] Opening connection to database 'shelter' on server '127.0.0.1'.
2025-12-09 09:44:05.306 +01:00 [DBG] Opened connection to database 'shelter' on server '127.0.0.1'.
2025-12-09 09:44:05.308 +01:00 [DBG] Creating DbCommand for 'ExecuteReader'.
2025-12-09 09:44:05.310 +01:00 [DBG] Created DbCommand for 'ExecuteReader' (1ms).
2025-12-09 09:44:05.312 +01:00 [DBG] Initialized DbCommand for 'ExecuteReader' (3ms).
2025-12-09 09:44:05.314 +01:00 [DBG] Executing DbCommand [Parameters=[], CommandType='"Text"', CommandTimeout='30']
SELECT `a`.`AdoptionId`, `a`.`AdoptionDate`, `a`.`Amount`, `a`.`AnimalId`, `a`.`UserId`
FROM `Adoptions` AS `a`
2025-12-09 09:44:05.337 +01:00 [INF] Executed DbCommand (22ms) [Parameters=[], CommandType='"Text"', CommandTimeout='30']
SELECT `a`.`AdoptionId`, `a`.`AdoptionDate`, `a`.`Amount`, `a`.`AnimalId`, `a`.`UserId`
FROM `Adoptions` AS `a`
2025-12-09 09:44:05.397 +01:00 [DBG] Context 'ShelterDbContext' started tracking 'Adoption' entity. Consider using 'DbContextOptionsBuilder.EnableSensitiveDataLogging' to see key values.
2025-12-09 09:44:05.425 +01:00 [DBG] Closing data reader to 'shelter' on server '127.0.0.1'.
2025-12-09 09:44:05.428 +01:00 [DBG] A data reader for 'shelter' on server '127.0.0.1' is being disposed after spending 87ms reading results.
2025-12-09 09:44:05.430 +01:00 [DBG] Closing connection to database 'shelter' on server '127.0.0.1'.
2025-12-09 09:44:05.432 +01:00 [DBG] Closed connection to database 'shelter' on server '127.0.0.1' (2ms).
2025-12-09 09:44:05.438 +01:00 [DBG] View lookup cache miss for view 'Index' in controller 'Adoptions'.
2025-12-09 09:44:05.442 +01:00 [INF] Executing ViewResult, running view Index.
2025-12-09 09:44:05.443 +01:00 [DBG] The view path '/Views/Adoptions/Index.cshtml' was found in 5.2548ms.
2025-12-09 09:44:05.469 +01:00 [DBG] View lookup cache miss for view 'DisplayTemplates/Int32' in controller 'Adoptions'.
2025-12-09 09:44:05.471 +01:00 [DBG] View lookup cache miss for view 'DisplayTemplates/String' in controller 'Adoptions'.
2025-12-09 09:44:05.474 +01:00 [DBG] View lookup cache hit for view 'DisplayTemplates/Int32' in controller 'Adoptions'.
2025-12-09 09:44:05.476 +01:00 [DBG] View lookup cache hit for view 'DisplayTemplates/String' in controller 'Adoptions'.
2025-12-09 09:44:05.482 +01:00 [DBG] View lookup cache miss for view 'DisplayTemplates/DateOnly' in controller 'Adoptions'.
2025-12-09 09:44:05.483 +01:00 [DBG] View lookup cache hit for view 'DisplayTemplates/String' in controller 'Adoptions'.
2025-12-09 09:44:05.494 +01:00 [DBG] View lookup cache miss for view 'DisplayTemplates/Double' in controller 'Adoptions'.
2025-12-09 09:44:05.496 +01:00 [DBG] View lookup cache hit for view 'DisplayTemplates/String' in controller 'Adoptions'.
2025-12-09 09:44:05.520 +01:00 [DBG] Found the endpoints ["Route: {controller=Home}/{action=Index}/{id?}"] for address (id=[1],action=[Edit],controller=[Adoptions])
2025-12-09 09:44:05.528 +01:00 [DBG] Successfully processed template {controller=Home}/{action=Index}/{id?} for Route: {controller=Home}/{action=Index}/{id?} resulting in /Adoptions/Edit/1 and 
2025-12-09 09:44:05.531 +01:00 [DBG] Link generation succeeded for endpoints ["Route: {controller=Home}/{action=Index}/{id?}"] with result /Adoptions/Edit/1
2025-12-09 09:44:05.535 +01:00 [DBG] Found the endpoints ["Route: {controller=Home}/{action=Index}/{id?}"] for address (id=[1],action=[Details],controller=[Adoptions])
2025-12-09 09:44:05.537 +01:00 [DBG] Successfully processed template {controller=Home}/{action=Index}/{id?} for Route: {controller=Home}/{action=Index}/{id?} resulting in /Adoptions/Details/1 and 
2025-12-09 09:44:05.540 +01:00 [DBG] Link generation succeeded for endpoints ["Route: {controller=Home}/{action=Index}/{id?}"] with result /Adoptions/Details/1
2025-12-09 09:44:05.542 +01:00 [DBG] Found the endpoints ["Route: {controller=Home}/{action=Index}/{id?}"] for address (id=[1],action=[Delete],controller=[Adoptions])
2025-12-09 09:44:05.545 +01:00 [DBG] Successfully processed template {controller=Home}/{action=Index}/{id?} for Route: {controller=Home}/{action=Index}/{id?} resulting in /Adoptions/Delete/1 and 
2025-12-09 09:44:05.547 +01:00 [DBG] Link generation succeeded for endpoints ["Route: {controller=Home}/{action=Index}/{id?}"] with result /Adoptions/Delete/1
2025-12-09 09:44:05.549 +01:00 [DBG] View lookup cache miss for view '_Layout' in controller 'Adoptions'.
2025-12-09 09:44:05.555 +01:00 [DBG] Response markup is scheduled to include Browser Link script injection.
2025-12-09 09:44:05.556 +01:00 [DBG] Response markup is scheduled to include browser refresh script injection.
2025-12-09 09:44:05.568 +01:00 [INF] Executed ViewResult - view Index executed in 130.1293ms.
2025-12-09 09:44:05.577 +01:00 [INF] Executed action ValcharUtulek.Controllers.AdoptionsController.Index (ValcharUtulek) in 382.5692ms
2025-12-09 09:44:05.580 +01:00 [INF] Executed endpoint 'ValcharUtulek.Controllers.AdoptionsController.Index (ValcharUtulek)'
2025-12-09 09:44:05.582 +01:00 [DBG] Response markup was updated to include Browser Link script injection.
2025-12-09 09:44:05.585 +01:00 [DBG] Response markup was updated to include browser refresh script injection.
2025-12-09 09:44:05.588 +01:00 [DBG] 'ShelterDbContext' disposed.
2025-12-09 09:44:05.593 +01:00 [DBG] Disposing connection to database 'shelter' on server '127.0.0.1'.
2025-12-09 09:44:05.596 +01:00 [DBG] Disposed connection to database 'shelter' on server '127.0.0.1' (3ms).
2025-12-09 09:44:05.601 +01:00 [INF] Request finished HTTP/2 GET https://localhost:7079/Adoptions - 200 null text/html; charset=utf-8 452.6325ms
2025-12-09 09:44:05.621 +01:00 [INF] Request starting HTTP/2 GET https://localhost:7079/images/adolf.png - null null
2025-12-09 09:44:05.623 +01:00 [INF] Request starting HTTP/2 GET https://localhost:7079/_framework/aspnetcore-browser-refresh.js - null null
2025-12-09 09:44:05.623 +01:00 [INF] Request starting HTTP/2 GET https://localhost:7079/... - null null
2025-12-09 09:44:05.623 +01:00 [INF] Request starting HTTP/2 GET https://localhost:7079/_vs/browserLink - null null
2025-12-09 09:44:05.629 +01:00 [DBG] Script injected: /_framework/aspnetcore-browser-refresh.js
2025-12-09 09:44:05.632 +01:00 [DBG] The request path /... does not match a supported file type
2025-12-09 09:44:05.638 +01:00 [INF] Request finished HTTP/2 GET https://localhost:7079/_framework/aspnetcore-browser-refresh.js - 200 16511 application/javascript; charset=utf-8 14.8855ms
2025-12-09 09:44:05.647 +01:00 [DBG] No candidates found for the request path '/...'
2025-12-09 09:44:05.650 +01:00 [INF] Request finished HTTP/2 GET https://localhost:7079/_vs/browserLink - 200 null text/javascript; charset=UTF-8 26.4998ms
2025-12-09 09:44:05.653 +01:00 [DBG] Request did not match any endpoints
2025-12-09 09:44:05.662 +01:00 [DBG] AuthenticationScheme: Cookies was not authenticated.
2025-12-09 09:44:05.664 +01:00 [INF] Request finished HTTP/2 GET https://localhost:7079/... - 404 0 null 40.9106ms
2025-12-09 09:44:05.670 +01:00 [INF] Request reached the end of the middleware pipeline without being handled by application code. Request path: GET https://localhost:7079/..., Response status code: 404
2025-12-09 09:44:05.674 +01:00 [INF] Sending file. Request path: '/images/adolf.png'. Physical path: 'C:\Users\David\source\repos\ValcharUtulek\ValcharUtulek\wwwroot\images\adolf.png'
2025-12-09 09:44:05.676 +01:00 [INF] Request finished HTTP/2 GET https://localhost:7079/images/adolf.png - 200 1999749 image/png 55.2066ms
2025-12-09 10:02:11.819 +01:00 [INF] Starting web application
2025-12-09 10:02:13.142 +01:00 [DBG] An 'IServiceProvider' was created for internal use by Entity Framework.
2025-12-09 10:02:13.791 +01:00 [DBG] Entity Framework Core 9.0.10 initialized 'ShelterDbContext' using provider 'Pomelo.EntityFrameworkCore.MySql:9.0.0' with options: ParameterizedCollectionTranslationMode=Constantize ServerVersion=8.0.44-mysql 
2025-12-09 10:02:13.823 +01:00 [DBG] Creating DbConnection.
2025-12-09 10:02:13.831 +01:00 [DBG] Created DbConnection. (4ms).
2025-12-09 10:02:13.844 +01:00 [DBG] Opening connection to database '' on server '127.0.0.1'.
2025-12-09 10:02:13.886 +01:00 [DBG] Opened connection to database '' on server '127.0.0.1'.
2025-12-09 10:02:13.890 +01:00 [DBG] Creating DbConnection.
2025-12-09 10:02:13.892 +01:00 [DBG] Created DbConnection. (1ms).
2025-12-09 10:02:13.941 +01:00 [DBG] Disposing connection to database '' on server '127.0.0.1'.
2025-12-09 10:02:13.950 +01:00 [DBG] Disposed connection to database '' on server '127.0.0.1' (3ms).
2025-12-09 10:02:13.969 +01:00 [DBG] Creating DbCommand for 'ExecuteScalar'.
2025-12-09 10:02:13.976 +01:00 [DBG] Created DbCommand for 'ExecuteScalar' (8ms).
2025-12-09 10:02:13.979 +01:00 [DBG] Initialized DbCommand for 'ExecuteScalar' (15ms).
2025-12-09 10:02:13.981 +01:00 [DBG] Opening connection to database 'shelter' on server '127.0.0.1'.
2025-12-09 10:02:14.006 +01:00 [DBG] Opened connection to database 'shelter' on server '127.0.0.1'.
2025-12-09 10:02:14.017 +01:00 [DBG] Executing DbCommand [Parameters=[], CommandType='"Text"', CommandTimeout='30']
SELECT CASE WHEN COUNT(*) = 0 THEN FALSE ELSE TRUE END
FROM information_schema.tables
WHERE table_type = 'BASE TABLE' AND table_schema = 'shelter'
2025-12-09 10:02:14.058 +01:00 [INF] Executed DbCommand (26ms) [Parameters=[], CommandType='"Text"', CommandTimeout='30']
SELECT CASE WHEN COUNT(*) = 0 THEN FALSE ELSE TRUE END
FROM information_schema.tables
WHERE table_type = 'BASE TABLE' AND table_schema = 'shelter'
2025-12-09 10:02:14.065 +01:00 [DBG] Closing connection to database 'shelter' on server '127.0.0.1'.
2025-12-09 10:02:14.071 +01:00 [DBG] Closed connection to database 'shelter' on server '127.0.0.1' (6ms).
2025-12-09 10:02:14.127 +01:00 [DBG] Compiling query expression: 
'DbSet<User>()
    .Any(u => u.Name == "admin")'
2025-12-09 10:02:14.469 +01:00 [DBG] Generated query execution expression: 
'queryContext => SingleQueryingEnumerable.Create<bool>(
    relationalQueryContext: (RelationalQueryContext)queryContext, 
    relationalCommandResolver: parameters => [LIFTABLE Constant: RelationalCommandCache.QueryExpression(
        Projection Mapping:
            EmptyProjectionMember -> 0
        SELECT EXISTS (
            SELECT 1
            FROM Users AS u
            WHERE u.Name == 'admin')) | Resolver: c => new RelationalCommandCache(
        c.Dependencies.MemoryCache, 
        c.RelationalDependencies.QuerySqlGeneratorFactory, 
        c.RelationalDependencies.RelationalParameterBasedSqlProcessorFactory, 
        Projection Mapping:
            EmptyProjectionMember -> 0
        SELECT EXISTS (
            SELECT 1
            FROM Users AS u
            WHERE u.Name == 'admin'), 
        False, 
        new HashSet<string>(
            new string[]{ }, 
            StringComparer.Ordinal
        )
    )].GetRelationalCommandTemplate(parameters), 
    readerColumns: null, 
    shaper: (queryContext, dataReader, resultContext, resultCoordinator) => 
    {
        bool? value1;
        value1 = dataReader.IsDBNull(0) ? default(bool?) : (bool?)dataReader.GetBoolean(0);
        return (bool)value1;
    }, 
    contextType: ValcharUtulek.Database.ShelterDbContext, 
    standAloneStateManager: False, 
    detailedErrorsEnabled: False, 
    threadSafetyChecksEnabled: True)
    .Single()'
2025-12-09 10:02:14.502 +01:00 [DBG] Opening connection to database 'shelter' on server '127.0.0.1'.
2025-12-09 10:02:14.509 +01:00 [DBG] Opened connection to database 'shelter' on server '127.0.0.1'.
2025-12-09 10:02:14.511 +01:00 [DBG] Creating DbCommand for 'ExecuteReader'.
2025-12-09 10:02:14.512 +01:00 [DBG] Created DbCommand for 'ExecuteReader' (1ms).
2025-12-09 10:02:14.514 +01:00 [DBG] Initialized DbCommand for 'ExecuteReader' (3ms).
2025-12-09 10:02:14.517 +01:00 [DBG] Executing DbCommand [Parameters=[], CommandType='"Text"', CommandTimeout='30']
SELECT EXISTS (
    SELECT 1
    FROM `Users` AS `u`
    WHERE `u`.`Name` = 'admin')
2025-12-09 10:02:14.522 +01:00 [INF] Executed DbCommand (5ms) [Parameters=[], CommandType='"Text"', CommandTimeout='30']
SELECT EXISTS (
    SELECT 1
    FROM `Users` AS `u`
    WHERE `u`.`Name` = 'admin')
2025-12-09 10:02:14.529 +01:00 [DBG] Closing data reader to 'shelter' on server '127.0.0.1'.
2025-12-09 10:02:14.532 +01:00 [DBG] A data reader for 'shelter' on server '127.0.0.1' is being disposed after spending 6ms reading results.
2025-12-09 10:02:14.535 +01:00 [DBG] Closing connection to database 'shelter' on server '127.0.0.1'.
2025-12-09 10:02:14.536 +01:00 [DBG] Closed connection to database 'shelter' on server '127.0.0.1' (1ms).
2025-12-09 10:02:14.539 +01:00 [DBG] Compiling query expression: 
'DbSet<News>()
    .Any()'
2025-12-09 10:02:14.543 +01:00 [DBG] Generated query execution expression: 
'queryContext => SingleQueryingEnumerable.Create<bool>(
    relationalQueryContext: (RelationalQueryContext)queryContext, 
    relationalCommandResolver: parameters => [LIFTABLE Constant: RelationalCommandCache.QueryExpression(
        Projection Mapping:
            EmptyProjectionMember -> 0
        SELECT EXISTS (
            SELECT 1
            FROM News AS n)) | Resolver: c => new RelationalCommandCache(
        c.Dependencies.MemoryCache, 
        c.RelationalDependencies.QuerySqlGeneratorFactory, 
        c.RelationalDependencies.RelationalParameterBasedSqlProcessorFactory, 
        Projection Mapping:
            EmptyProjectionMember -> 0
        SELECT EXISTS (
            SELECT 1
            FROM News AS n), 
        False, 
        new HashSet<string>(
            new string[]{ }, 
            StringComparer.Ordinal
        )
    )].GetRelationalCommandTemplate(parameters), 
    readerColumns: null, 
    shaper: (queryContext, dataReader, resultContext, resultCoordinator) => 
    {
        bool? value1;
        value1 = dataReader.IsDBNull(0) ? default(bool?) : (bool?)dataReader.GetBoolean(0);
        return (bool)value1;
    }, 
    contextType: ValcharUtulek.Database.ShelterDbContext, 
    standAloneStateManager: False, 
    detailedErrorsEnabled: False, 
    threadSafetyChecksEnabled: True)
    .Single()'
2025-12-09 10:02:14.546 +01:00 [DBG] Opening connection to database 'shelter' on server '127.0.0.1'.
2025-12-09 10:02:14.548 +01:00 [DBG] Opened connection to database 'shelter' on server '127.0.0.1'.
2025-12-09 10:02:14.550 +01:00 [DBG] Creating DbCommand for 'ExecuteReader'.
2025-12-09 10:02:14.551 +01:00 [DBG] Created DbCommand for 'ExecuteReader' (1ms).
2025-12-09 10:02:14.552 +01:00 [DBG] Initialized DbCommand for 'ExecuteReader' (2ms).
2025-12-09 10:02:14.554 +01:00 [DBG] Executing DbCommand [Parameters=[], CommandType='"Text"', CommandTimeout='30']
SELECT EXISTS (
    SELECT 1
    FROM `News` AS `n`)
2025-12-09 10:02:14.557 +01:00 [INF] Executed DbCommand (3ms) [Parameters=[], CommandType='"Text"', CommandTimeout='30']
SELECT EXISTS (
    SELECT 1
    FROM `News` AS `n`)
2025-12-09 10:02:14.560 +01:00 [DBG] Closing data reader to 'shelter' on server '127.0.0.1'.
2025-12-09 10:02:14.562 +01:00 [DBG] A data reader for 'shelter' on server '127.0.0.1' is being disposed after spending 2ms reading results.
2025-12-09 10:02:14.564 +01:00 [DBG] Closing connection to database 'shelter' on server '127.0.0.1'.
2025-12-09 10:02:14.565 +01:00 [DBG] Closed connection to database 'shelter' on server '127.0.0.1' (1ms).
2025-12-09 10:02:14.568 +01:00 [DBG] 'ShelterDbContext' disposed.
2025-12-09 10:02:14.570 +01:00 [DBG] Disposing connection to database 'shelter' on server '127.0.0.1'.
2025-12-09 10:02:14.571 +01:00 [DBG] Disposed connection to database 'shelter' on server '127.0.0.1' (1ms).
2025-12-09 10:02:14.639 +01:00 [DBG] Initializing Razor view compiler with compiled view: '/Views/Account/Login.cshtml'.
2025-12-09 10:02:14.641 +01:00 [DBG] Initializing Razor view compiler with compiled view: '/Views/Account/Register.cshtml'.
2025-12-09 10:02:14.643 +01:00 [DBG] Initializing Razor view compiler with compiled view: '/Views/Adoptions/Create.cshtml'.
2025-12-09 10:02:14.644 +01:00 [DBG] Initializing Razor view compiler with compiled view: '/Views/Adoptions/Delete.cshtml'.
2025-12-09 10:02:14.645 +01:00 [DBG] Initializing Razor view compiler with compiled view: '/Views/Adoptions/Details.cshtml'.
2025-12-09 10:02:14.646 +01:00 [DBG] Initializing Razor view compiler with compiled view: '/Views/Adoptions/Edit.cshtml'.
2025-12-09 10:02:14.647 +01:00 [DBG] Initializing Razor view compiler with compiled view: '/Views/Adoptions/Index.cshtml'.
2025-12-09 10:02:14.649 +01:00 [DBG] Initializing Razor view compiler with compiled view: '/Views/Gifts/Create.cshtml'.
2025-12-09 10:02:14.650 +01:00 [DBG] Initializing Razor view compiler with compiled view: '/Views/Gifts/Delete.cshtml'.
2025-12-09 10:02:14.651 +01:00 [DBG] Initializing Razor view compiler with compiled view: '/Views/Gifts/Details.cshtml'.
2025-12-09 10:02:14.652 +01:00 [DBG] Initializing Razor view compiler with compiled view: '/Views/Gifts/Edit.cshtml'.
2025-12-09 10:02:14.653 +01:00 [DBG] Initializing Razor view compiler with compiled view: '/Views/Gifts/Index.cshtml'.
2025-12-09 10:02:14.655 +01:00 [DBG] Initializing Razor view compiler with compiled view: '/Views/Home/Index.cshtml'.
2025-12-09 10:02:14.656 +01:00 [DBG] Initializing Razor view compiler with compiled view: '/Views/Home/Privacy.cshtml'.
2025-12-09 10:02:14.657 +01:00 [DBG] Initializing Razor view compiler with compiled view: '/Views/News/Create.cshtml'.
2025-12-09 10:02:14.658 +01:00 [DBG] Initializing Razor view compiler with compiled view: '/Views/News/Delete.cshtml'.
2025-12-09 10:02:14.659 +01:00 [DBG] Initializing Razor view compiler with compiled view: '/Views/News/Details.cshtml'.
2025-12-09 10:02:14.661 +01:00 [DBG] Initializing Razor view compiler with compiled view: '/Views/News/Edit.cshtml'.
2025-12-09 10:02:14.662 +01:00 [DBG] Initializing Razor view compiler with compiled view: '/Views/News/Index.cshtml'.
2025-12-09 10:02:14.663 +01:00 [DBG] Initializing Razor view compiler with compiled view: '/Views/Shared/Error.cshtml'.
2025-12-09 10:02:14.675 +01:00 [DBG] Initializing Razor view compiler with compiled view: '/Views/Shared/_ValidationScriptsPartial.cshtml'.
2025-12-09 10:02:14.682 +01:00 [DBG] Initializing Razor view compiler with compiled view: '/Views/_ViewImports.cshtml'.
2025-12-09 10:02:14.684 +01:00 [DBG] Initializing Razor view compiler with compiled view: '/Views/_ViewStart.cshtml'.
2025-12-09 10:02:14.698 +01:00 [DBG] Initializing Razor view compiler with compiled view: '/Views/Shared/_Layout.cshtml'.
2025-12-09 10:02:14.717 +01:00 [DBG] Registered model binder providers, in the following order: ["Microsoft.AspNetCore.Mvc.ModelBinding.Binders.BinderTypeModelBinderProvider","Microsoft.AspNetCore.Mvc.ModelBinding.Binders.ServicesModelBinderProvider","Microsoft.AspNetCore.Mvc.ModelBinding.Binders.BodyModelBinderProvider","Microsoft.AspNetCore.Mvc.ModelBinding.Binders.HeaderModelBinderProvider","Microsoft.AspNetCore.Mvc.ModelBinding.Binders.FloatingPointTypeModelBinderProvider","Microsoft.AspNetCore.Mvc.ModelBinding.Binders.EnumTypeModelBinderProvider","Microsoft.AspNetCore.Mvc.ModelBinding.Binders.DateTimeModelBinderProvider","Microsoft.AspNetCore.Mvc.ModelBinding.Binders.SimpleTypeModelBinderProvider","Microsoft.AspNetCore.Mvc.ModelBinding.Binders.TryParseModelBinderProvider","Microsoft.AspNetCore.Mvc.ModelBinding.Binders.CancellationTokenModelBinderProvider","Microsoft.AspNetCore.Mvc.ModelBinding.Binders.ByteArrayModelBinderProvider","Microsoft.AspNetCore.Mvc.ModelBinding.Binders.FormFileModelBinderProvider","Microsoft.AspNetCore.Mvc.ModelBinding.Binders.FormCollectionModelBinderProvider","Microsoft.AspNetCore.Mvc.ModelBinding.Binders.KeyValuePairModelBinderProvider","Microsoft.AspNetCore.Mvc.ModelBinding.Binders.DictionaryModelBinderProvider","Microsoft.AspNetCore.Mvc.ModelBinding.Binders.ArrayModelBinderProvider","Microsoft.AspNetCore.Mvc.ModelBinding.Binders.CollectionModelBinderProvider","Microsoft.AspNetCore.Mvc.ModelBinding.Binders.ComplexObjectModelBinderProvider"]
2025-12-09 10:02:14.819 +01:00 [DBG] Hosting starting
2025-12-09 10:02:14.854 +01:00 [INF] User profile is available. Using 'C:\Users\David\AppData\Local\ASP.NET\DataProtection-Keys' as key repository and Windows DPAPI to encrypt keys at rest.
2025-12-09 10:02:14.882 +01:00 [DBG] Reading data from file 'C:\Users\David\AppData\Local\ASP.NET\DataProtection-Keys\key-f5c154a5-e5b4-4c9b-b7eb-6e5e819bbbdf.xml'.
2025-12-09 10:02:14.894 +01:00 [DBG] Found key {f5c154a5-e5b4-4c9b-b7eb-6e5e819bbbdf}.
2025-12-09 10:02:14.910 +01:00 [DBG] Considering key {f5c154a5-e5b4-4c9b-b7eb-6e5e819bbbdf} with expiration date 2025-12-22 06:21:24Z as default key.
2025-12-09 10:02:14.916 +01:00 [DBG] Forwarded activator type request from Microsoft.AspNetCore.DataProtection.XmlEncryption.DpapiXmlDecryptor, Microsoft.AspNetCore.DataProtection, Version=9.0.0.0, Culture=neutral, PublicKeyToken=adb9793829ddae60 to Microsoft.AspNetCore.DataProtection.XmlEncryption.DpapiXmlDecryptor, Microsoft.AspNetCore.DataProtection, Culture=neutral, PublicKeyToken=adb9793829ddae60
2025-12-09 10:02:14.918 +01:00 [DBG] Decrypting secret element using Windows DPAPI.
2025-12-09 10:02:14.922 +01:00 [DBG] Forwarded activator type request from Microsoft.AspNetCore.DataProtection.AuthenticatedEncryption.ConfigurationModel.AuthenticatedEncryptorDescriptorDeserializer, Microsoft.AspNetCore.DataProtection, Version=9.0.0.0, Culture=neutral, PublicKeyToken=adb9793829ddae60 to Microsoft.AspNetCore.DataProtection.AuthenticatedEncryption.ConfigurationModel.AuthenticatedEncryptorDescriptorDeserializer, Microsoft.AspNetCore.DataProtection, Culture=neutral, PublicKeyToken=adb9793829ddae60
2025-12-09 10:02:14.927 +01:00 [DBG] Opening CNG algorithm 'AES' from provider 'null' with chaining mode CBC.
2025-12-09 10:02:14.930 +01:00 [DBG] Opening CNG algorithm 'SHA256' from provider 'null' with HMAC.
2025-12-09 10:02:14.933 +01:00 [DBG] Using key {f5c154a5-e5b4-4c9b-b7eb-6e5e819bbbdf} as the default key.
2025-12-09 10:02:14.935 +01:00 [DBG] Key ring with default key {f5c154a5-e5b4-4c9b-b7eb-6e5e819bbbdf} was loaded during application startup.
2025-12-09 10:02:14.946 +01:00 [DBG] Middleware loaded
2025-12-09 10:02:14.950 +01:00 [DBG] Middleware loaded. Script /_framework/aspnetcore-browser-refresh.js (16511 B).
2025-12-09 10:02:14.952 +01:00 [DBG] Middleware loaded. Script /_framework/blazor-hotreload.js (799 B).
2025-12-09 10:02:15.020 +01:00 [DBG] Middleware configuration started with options: {AllowedHosts = *, AllowEmptyHosts = True, IncludeFailureMessage = True}
2025-12-09 10:02:15.023 +01:00 [DBG] Wildcard detected, all requests with hosts will be allowed.
2025-12-09 10:02:15.038 +01:00 [DBG] Middleware loaded: DOTNET_MODIFIABLE_ASSEMBLIES=debug, __ASPNETCORE_BROWSER_TOOLS=true
2025-12-09 10:02:15.195 +01:00 [INF] Now listening on: https://localhost:7079
2025-12-09 10:02:15.197 +01:00 [INF] Now listening on: http://localhost:5048
2025-12-09 10:02:15.198 +01:00 [DBG] Loaded hosting startup assembly ValcharUtulek
2025-12-09 10:02:15.199 +01:00 [DBG] Loaded hosting startup assembly Microsoft.WebTools.ApiEndpointDiscovery
2025-12-09 10:02:15.200 +01:00 [DBG] Loaded hosting startup assembly Microsoft.AspNetCore.Watch.BrowserRefresh
2025-12-09 10:02:15.201 +01:00 [DBG] Loaded hosting startup assembly Microsoft.WebTools.BrowserLink.Net
2025-12-09 10:02:15.213 +01:00 [DBG] Executing API description provider 'EndpointMetadataApiDescriptionProvider' from assembly Microsoft.AspNetCore.Mvc.ApiExplorer v9.0.0.0.
2025-12-09 10:02:15.215 +01:00 [DBG] Executing API description provider 'DefaultApiDescriptionProvider' from assembly Microsoft.AspNetCore.Mvc.ApiExplorer v9.0.0.0.
2025-12-09 10:02:15.291 +01:00 [INF] Application started. Press Ctrl+C to shut down.
2025-12-09 10:02:15.293 +01:00 [INF] Hosting environment: Development
2025-12-09 10:02:15.296 +01:00 [INF] Content root path: C:\Users\David\source\repos\ValcharUtulek\ValcharUtulek
2025-12-09 10:02:15.297 +01:00 [DBG] Hosting started
2025-12-09 10:02:15.430 +01:00 [DBG] Connection id "0HNHN06J1GKLM" accepted.
2025-12-09 10:02:15.433 +01:00 [DBG] Connection id "0HNHN06J1GKLM" started.
2025-12-09 10:02:15.433 +01:00 [DBG] Connection id "0HNHN06J1GKLN" accepted.
2025-12-09 10:02:15.436 +01:00 [DBG] Connection id "0HNHN06J1GKLN" started.
2025-12-09 10:02:15.469 +01:00 [DBG] Connection id "0HNHN06J1GKLM" received FIN.
2025-12-09 10:02:15.469 +01:00 [DBG] Connection id "0HNHN06J1GKLN" received FIN.
2025-12-09 10:02:15.492 +01:00 [DBG] Failed to authenticate HTTPS connection.
System.IO.IOException: Received an unexpected EOF or 0 bytes from the transport stream.
   at System.Net.Security.SslStream.ReceiveHandshakeFrameAsync[TIOAdapter](CancellationToken cancellationToken)
   at System.Net.Security.SslStream.ForceAuthenticationAsync[TIOAdapter](Boolean receiveFirst, Byte[] reAuthenticationData, CancellationToken cancellationToken)
   at System.Net.Security.SslStream.ProcessAuthenticationWithTelemetryAsync(Boolean isAsync, CancellationToken cancellationToken)
   at Microsoft.AspNetCore.Server.Kestrel.Https.Internal.HttpsConnectionMiddleware.OnConnectionAsync(ConnectionContext context)
2025-12-09 10:02:15.492 +01:00 [DBG] Failed to authenticate HTTPS connection.
System.IO.IOException: Received an unexpected EOF or 0 bytes from the transport stream.
   at System.Net.Security.SslStream.ReceiveHandshakeFrameAsync[TIOAdapter](CancellationToken cancellationToken)
   at System.Net.Security.SslStream.ForceAuthenticationAsync[TIOAdapter](Boolean receiveFirst, Byte[] reAuthenticationData, CancellationToken cancellationToken)
   at System.Net.Security.SslStream.ProcessAuthenticationWithTelemetryAsync(Boolean isAsync, CancellationToken cancellationToken)
   at Microsoft.AspNetCore.Server.Kestrel.Https.Internal.HttpsConnectionMiddleware.OnConnectionAsync(ConnectionContext context)
2025-12-09 10:02:15.526 +01:00 [DBG] Connection id "0HNHN06J1GKLM" stopped.
2025-12-09 10:02:15.526 +01:00 [DBG] Connection id "0HNHN06J1GKLN" stopped.
2025-12-09 10:02:15.531 +01:00 [DBG] Connection id "0HNHN06J1GKLN" sending FIN because: "The Socket transport's send loop completed gracefully."
2025-12-09 10:02:15.531 +01:00 [DBG] Connection id "0HNHN06J1GKLM" sending FIN because: "The Socket transport's send loop completed gracefully."
2025-12-09 10:02:15.727 +01:00 [DBG] Connection id "0HNHN06J1GKLO" accepted.
2025-12-09 10:02:15.732 +01:00 [DBG] Connection id "0HNHN06J1GKLO" started.
2025-12-09 10:02:15.752 +01:00 [DBG] Connection 0HNHN06J1GKLO established using the following protocol: "Tls13"
2025-12-09 10:02:15.844 +01:00 [INF] Request starting HTTP/2 GET https://localhost:7079/ - null null
2025-12-09 10:02:15.981 +01:00 [DBG] The request path / does not match a supported file type
2025-12-09 10:02:16.008 +01:00 [DBG] 1 candidate(s) found for the request path '/'
2025-12-09 10:02:16.011 +01:00 [DBG] Endpoint 'ValcharUtulek.Controllers.HomeController.Index (ValcharUtulek)' with route pattern '{controller=Home}/{action=Index}/{id?}' is valid for the request path '/'
2025-12-09 10:02:16.014 +01:00 [DBG] Request matched endpoint 'ValcharUtulek.Controllers.HomeController.Index (ValcharUtulek)'
2025-12-09 10:02:16.031 +01:00 [DBG] AuthenticationScheme: Cookies was not authenticated.
2025-12-09 10:02:16.035 +01:00 [INF] Executing endpoint 'ValcharUtulek.Controllers.HomeController.Index (ValcharUtulek)'
2025-12-09 10:02:16.050 +01:00 [INF] Route matched with {action = "Index", controller = "Home"}. Executing controller action with signature Microsoft.AspNetCore.Mvc.IActionResult Index() on controller ValcharUtulek.Controllers.HomeController (ValcharUtulek).
2025-12-09 10:02:16.053 +01:00 [DBG] Execution plan of authorization filters (in the following order): ["None"]
2025-12-09 10:02:16.055 +01:00 [DBG] Execution plan of resource filters (in the following order): ["Microsoft.AspNetCore.Mvc.ViewFeatures.Filters.SaveTempDataFilter"]
2025-12-09 10:02:16.058 +01:00 [DBG] Execution plan of action filters (in the following order): ["Microsoft.AspNetCore.Mvc.Filters.ControllerActionFilter (Order: -2147483648)","Microsoft.AspNetCore.Mvc.ModelBinding.UnsupportedContentTypeFilter (Order: -3000)"]
2025-12-09 10:02:16.061 +01:00 [DBG] Execution plan of exception filters (in the following order): ["None"]
2025-12-09 10:02:16.063 +01:00 [DBG] Execution plan of result filters (in the following order): ["Microsoft.AspNetCore.Mvc.ViewFeatures.Filters.SaveTempDataFilter"]
2025-12-09 10:02:16.067 +01:00 [DBG] Executing controller factory for controller ValcharUtulek.Controllers.HomeController (ValcharUtulek)
2025-12-09 10:02:16.069 +01:00 [DBG] Executed controller factory for controller ValcharUtulek.Controllers.HomeController (ValcharUtulek)
2025-12-09 10:02:16.077 +01:00 [DBG] View lookup cache miss for view 'Index' in controller 'Home'.
2025-12-09 10:02:16.085 +01:00 [INF] Executing ViewResult, running view Index.
2025-12-09 10:02:16.092 +01:00 [DBG] The view path '/Views/Home/Index.cshtml' was found in 10.5229ms.
2025-12-09 10:02:16.139 +01:00 [DBG] View lookup cache miss for view '_Layout' in controller 'Home'.
2025-12-09 10:02:16.196 +01:00 [DBG] Response markup is scheduled to include Browser Link script injection.
2025-12-09 10:02:16.202 +01:00 [DBG] Response markup is scheduled to include browser refresh script injection.
2025-12-09 10:02:16.208 +01:00 [INF] Executed ViewResult - view Index executed in 131.3572ms.
2025-12-09 10:02:16.211 +01:00 [INF] Executed action ValcharUtulek.Controllers.HomeController.Index (ValcharUtulek) in 146.05ms
2025-12-09 10:02:16.213 +01:00 [INF] Executed endpoint 'ValcharUtulek.Controllers.HomeController.Index (ValcharUtulek)'
2025-12-09 10:02:16.215 +01:00 [DBG] Response markup was updated to include Browser Link script injection.
2025-12-09 10:02:16.216 +01:00 [DBG] Response markup was updated to include browser refresh script injection.
2025-12-09 10:02:16.223 +01:00 [INF] Request finished HTTP/2 GET https://localhost:7079/ - 200 null text/html; charset=utf-8 396.99ms
2025-12-09 10:02:16.261 +01:00 [INF] Request starting HTTP/2 GET https://localhost:7079/_vs/browserLink - null null
2025-12-09 10:02:16.261 +01:00 [INF] Request starting HTTP/2 GET https://localhost:7079/_framework/aspnetcore-browser-refresh.js - null null
2025-12-09 10:02:16.286 +01:00 [DBG] Script injected: /_framework/aspnetcore-browser-refresh.js
2025-12-09 10:02:16.289 +01:00 [INF] Request finished HTTP/2 GET https://localhost:7079/_framework/aspnetcore-browser-refresh.js - 200 16511 application/javascript; charset=utf-8 27.6513ms
2025-12-09 10:02:16.313 +01:00 [INF] Request finished HTTP/2 GET https://localhost:7079/_vs/browserLink - 200 null text/javascript; charset=UTF-8 52.1761ms
2025-12-09 10:02:18.330 +01:00 [INF] Request starting HTTP/2 GET https://localhost:7079/Account/Login - null null
2025-12-09 10:02:18.339 +01:00 [DBG] The request path /Account/Login does not match a supported file type
2025-12-09 10:02:18.343 +01:00 [DBG] 1 candidate(s) found for the request path '/Account/Login'
2025-12-09 10:02:18.345 +01:00 [DBG] Endpoint 'ValcharUtulek.Controllers.AccountController.Login (ValcharUtulek)' with route pattern '{controller=Home}/{action=Index}/{id?}' is valid for the request path '/Account/Login'
2025-12-09 10:02:18.347 +01:00 [DBG] Request matched endpoint 'ValcharUtulek.Controllers.AccountController.Login (ValcharUtulek)'
2025-12-09 10:02:18.349 +01:00 [DBG] AuthenticationScheme: Cookies was not authenticated.
2025-12-09 10:02:18.351 +01:00 [INF] Executing endpoint 'ValcharUtulek.Controllers.AccountController.Login (ValcharUtulek)'
2025-12-09 10:02:18.363 +01:00 [INF] Route matched with {action = "Login", controller = "Account"}. Executing controller action with signature Microsoft.AspNetCore.Mvc.IActionResult Login(System.String) on controller ValcharUtulek.Controllers.AccountController (ValcharUtulek).
2025-12-09 10:02:18.365 +01:00 [DBG] Execution plan of authorization filters (in the following order): ["None"]
2025-12-09 10:02:18.368 +01:00 [DBG] Execution plan of resource filters (in the following order): ["Microsoft.AspNetCore.Mvc.ViewFeatures.Filters.SaveTempDataFilter"]
2025-12-09 10:02:18.370 +01:00 [DBG] Execution plan of action filters (in the following order): ["Microsoft.AspNetCore.Mvc.Filters.ControllerActionFilter (Order: -2147483648)","Microsoft.AspNetCore.Mvc.ModelBinding.UnsupportedContentTypeFilter (Order: -3000)"]
2025-12-09 10:02:18.372 +01:00 [DBG] Execution plan of exception filters (in the following order): ["None"]
2025-12-09 10:02:18.374 +01:00 [DBG] Execution plan of result filters (in the following order): ["Microsoft.AspNetCore.Mvc.ViewFeatures.Filters.SaveTempDataFilter"]
2025-12-09 10:02:18.377 +01:00 [DBG] Executing controller factory for controller ValcharUtulek.Controllers.AccountController (ValcharUtulek)
2025-12-09 10:02:18.389 +01:00 [DBG] Executed controller factory for controller ValcharUtulek.Controllers.AccountController (ValcharUtulek)
2025-12-09 10:02:18.395 +01:00 [DBG] Attempting to bind parameter 'returnUrl' of type 'System.String' ...
2025-12-09 10:02:18.399 +01:00 [DBG] Attempting to bind parameter 'returnUrl' of type 'System.String' using the name '' in request data ...
2025-12-09 10:02:18.402 +01:00 [DBG] Could not find a value in the request with name '' for binding parameter 'returnUrl' of type 'System.String'.
2025-12-09 10:02:18.404 +01:00 [DBG] Done attempting to bind parameter 'returnUrl' of type 'System.String'.
2025-12-09 10:02:18.405 +01:00 [DBG] Done attempting to bind parameter 'returnUrl' of type 'System.String'.
2025-12-09 10:02:18.406 +01:00 [DBG] Attempting to validate the bound parameter 'returnUrl' of type 'System.String' ...
2025-12-09 10:02:18.409 +01:00 [DBG] Done attempting to validate the bound parameter 'returnUrl' of type 'System.String'.
2025-12-09 10:02:18.412 +01:00 [DBG] View lookup cache miss for view 'Login' in controller 'Account'.
2025-12-09 10:02:18.415 +01:00 [INF] Executing ViewResult, running view Login.
2025-12-09 10:02:18.417 +01:00 [DBG] The view path '/Views/Account/Login.cshtml' was found in 4.5021ms.
2025-12-09 10:02:18.437 +01:00 [DBG] Found the endpoints ["Route: {controller=Home}/{action=Index}/{id?}"] for address (returnurl=[],action=[Login],controller=[Account])
2025-12-09 10:02:18.441 +01:00 [DBG] Successfully processed template {controller=Home}/{action=Index}/{id?} for Route: {controller=Home}/{action=Index}/{id?} resulting in /Account/Login and 
2025-12-09 10:02:18.444 +01:00 [DBG] Link generation succeeded for endpoints ["Route: {controller=Home}/{action=Index}/{id?}"] with result /Account/Login
2025-12-09 10:02:18.452 +01:00 [DBG] A new antiforgery cookie token was created.
2025-12-09 10:02:18.496 +01:00 [DBG] Found the endpoints ["Route: {controller=Home}/{action=Index}/{id?}"] for address (action=[Register],controller=[Account])
2025-12-09 10:02:18.499 +01:00 [DBG] Successfully processed template {controller=Home}/{action=Index}/{id?} for Route: {controller=Home}/{action=Index}/{id?} resulting in /Account/Register and 
2025-12-09 10:02:18.501 +01:00 [DBG] Link generation succeeded for endpoints ["Route: {controller=Home}/{action=Index}/{id?}"] with result /Account/Register
2025-12-09 10:02:18.503 +01:00 [DBG] View lookup cache miss for view '_Layout' in controller 'Account'.
2025-12-09 10:02:18.508 +01:00 [DBG] View lookup cache miss for view '_ValidationScriptsPartial' in controller 'Account'.
2025-12-09 10:02:18.527 +01:00 [DBG] Response markup is scheduled to include Browser Link script injection.
2025-12-09 10:02:18.529 +01:00 [DBG] Response markup is scheduled to include browser refresh script injection.
2025-12-09 10:02:18.537 +01:00 [INF] Executed ViewResult - view Login executed in 124.8724ms.
2025-12-09 10:02:18.544 +01:00 [INF] Executed action ValcharUtulek.Controllers.AccountController.Login (ValcharUtulek) in 167.912ms
2025-12-09 10:02:18.547 +01:00 [INF] Executed endpoint 'ValcharUtulek.Controllers.AccountController.Login (ValcharUtulek)'
2025-12-09 10:02:18.550 +01:00 [DBG] Response markup was updated to include Browser Link script injection.
2025-12-09 10:02:18.551 +01:00 [DBG] Response markup was updated to include browser refresh script injection.
2025-12-09 10:02:18.554 +01:00 [INF] Request finished HTTP/2 GET https://localhost:7079/Account/Login - 200 null text/html; charset=utf-8 224.5893ms
2025-12-09 10:02:18.588 +01:00 [INF] Request starting HTTP/2 GET https://localhost:7079/lib/jquery-validation/dist/jquery.validate.min.js - null null
2025-12-09 10:02:18.588 +01:00 [INF] Request starting HTTP/2 GET https://localhost:7079/lib/jquery-validation-unobtrusive/dist/jquery.validate.unobtrusive.min.js - null null
2025-12-09 10:02:18.589 +01:00 [INF] Request starting HTTP/2 GET https://localhost:7079/_framework/aspnetcore-browser-refresh.js - null null
2025-12-09 10:02:18.589 +01:00 [INF] Request starting HTTP/2 GET https://localhost:7079/_vs/browserLink - null null
2025-12-09 10:02:18.600 +01:00 [DBG] Script injected: /_framework/aspnetcore-browser-refresh.js
2025-12-09 10:02:18.612 +01:00 [INF] Request finished HTTP/2 GET https://localhost:7079/_framework/aspnetcore-browser-refresh.js - 200 16511 application/javascript; charset=utf-8 23.7709ms
2025-12-09 10:02:18.627 +01:00 [INF] Request finished HTTP/2 GET https://localhost:7079/_vs/browserLink - 200 null text/javascript; charset=UTF-8 38.3302ms
2025-12-09 10:02:18.692 +01:00 [INF] Sending file. Request path: '/lib/jquery-validation-unobtrusive/dist/jquery.validate.unobtrusive.min.js'. Physical path: 'C:\Users\David\source\repos\ValcharUtulek\ValcharUtulek\wwwroot\lib\jquery-validation-unobtrusive\dist\jquery.validate.unobtrusive.min.js'
2025-12-09 10:02:18.692 +01:00 [INF] Sending file. Request path: '/lib/jquery-validation/dist/jquery.validate.min.js'. Physical path: 'C:\Users\David\source\repos\ValcharUtulek\ValcharUtulek\wwwroot\lib\jquery-validation\dist\jquery.validate.min.js'
2025-12-09 10:02:18.695 +01:00 [INF] Request finished HTTP/2 GET https://localhost:7079/lib/jquery-validation-unobtrusive/dist/jquery.validate.unobtrusive.min.js - 200 5824 text/javascript 106.375ms
2025-12-09 10:02:18.696 +01:00 [INF] Request finished HTTP/2 GET https://localhost:7079/lib/jquery-validation/dist/jquery.validate.min.js - 200 25308 text/javascript 108.1498ms
2025-12-09 10:02:24.055 +01:00 [INF] Request starting HTTP/2 POST https://localhost:7079/Account/Login - application/x-www-form-urlencoded 208
2025-12-09 10:02:24.061 +01:00 [DBG] POST requests are not supported
2025-12-09 10:02:24.065 +01:00 [DBG] 1 candidate(s) found for the request path '/Account/Login'
2025-12-09 10:02:24.067 +01:00 [DBG] Endpoint 'ValcharUtulek.Controllers.AccountController.Login (ValcharUtulek)' with route pattern '{controller=Home}/{action=Index}/{id?}' is valid for the request path '/Account/Login'
2025-12-09 10:02:24.069 +01:00 [DBG] Request matched endpoint 'ValcharUtulek.Controllers.AccountController.Login (ValcharUtulek)'
2025-12-09 10:02:24.075 +01:00 [DBG] AuthenticationScheme: Cookies was not authenticated.
2025-12-09 10:02:24.077 +01:00 [INF] Executing endpoint 'ValcharUtulek.Controllers.AccountController.Login (ValcharUtulek)'
2025-12-09 10:02:24.087 +01:00 [INF] Route matched with {action = "Login", controller = "Account"}. Executing controller action with signature System.Threading.Tasks.Task`1[Microsoft.AspNetCore.Mvc.IActionResult] Login(ValcharUtulek.Models.LoginViewModel, System.String) on controller ValcharUtulek.Controllers.AccountController (ValcharUtulek).
2025-12-09 10:02:24.090 +01:00 [DBG] Execution plan of authorization filters (in the following order): ["Microsoft.AspNetCore.Mvc.ViewFeatures.Filters.ValidateAntiforgeryTokenAuthorizationFilter"]
2025-12-09 10:02:24.092 +01:00 [DBG] Execution plan of resource filters (in the following order): ["Microsoft.AspNetCore.Mvc.ViewFeatures.Filters.SaveTempDataFilter"]
2025-12-09 10:02:24.094 +01:00 [DBG] Execution plan of action filters (in the following order): ["Microsoft.AspNetCore.Mvc.Filters.ControllerActionFilter (Order: -2147483648)","Microsoft.AspNetCore.Mvc.ModelBinding.UnsupportedContentTypeFilter (Order: -3000)"]
2025-12-09 10:02:24.096 +01:00 [DBG] Execution plan of exception filters (in the following order): ["None"]
2025-12-09 10:02:24.098 +01:00 [DBG] Execution plan of result filters (in the following order): ["Microsoft.AspNetCore.Mvc.ViewFeatures.Filters.SaveTempDataFilter"]
2025-12-09 10:02:24.105 +01:00 [DBG] Connection id "0HNHN06J1GKLO", Request id "0HNHN06J1GKLO:00000011": started reading request body.
2025-12-09 10:02:24.108 +01:00 [DBG] Connection id "0HNHN06J1GKLO", Request id "0HNHN06J1GKLO:00000011": done reading request body.
2025-12-09 10:02:24.115 +01:00 [DBG] Antiforgery successfully validated a request.
2025-12-09 10:02:24.117 +01:00 [DBG] Executing controller factory for controller ValcharUtulek.Controllers.AccountController (ValcharUtulek)
2025-12-09 10:02:24.133 +01:00 [DBG] Executed controller factory for controller ValcharUtulek.Controllers.AccountController (ValcharUtulek)
2025-12-09 10:02:24.138 +01:00 [DBG] Attempting to bind parameter 'model' of type 'ValcharUtulek.Models.LoginViewModel' ...
2025-12-09 10:02:24.140 +01:00 [DBG] Attempting to bind parameter 'model' of type 'ValcharUtulek.Models.LoginViewModel' using the name '' in request data ...
2025-12-09 10:02:24.145 +01:00 [DBG] Attempting to bind property 'ValcharUtulek.Models.LoginViewModel.Name' of type 'System.String' using the name 'Name' in request data ...
2025-12-09 10:02:24.148 +01:00 [DBG] Done attempting to bind property 'ValcharUtulek.Models.LoginViewModel.Name' of type 'System.String'.
2025-12-09 10:02:24.151 +01:00 [DBG] Attempting to bind property 'ValcharUtulek.Models.LoginViewModel.Password' of type 'System.String' using the name 'Password' in request data ...
2025-12-09 10:02:24.154 +01:00 [DBG] Done attempting to bind property 'ValcharUtulek.Models.LoginViewModel.Password' of type 'System.String'.
2025-12-09 10:02:24.157 +01:00 [DBG] Done attempting to bind parameter 'model' of type 'ValcharUtulek.Models.LoginViewModel'.
2025-12-09 10:02:24.158 +01:00 [DBG] Done attempting to bind parameter 'model' of type 'ValcharUtulek.Models.LoginViewModel'.
2025-12-09 10:02:24.159 +01:00 [DBG] Attempting to validate the bound parameter 'model' of type 'ValcharUtulek.Models.LoginViewModel' ...
2025-12-09 10:02:24.168 +01:00 [DBG] Done attempting to validate the bound parameter 'model' of type 'ValcharUtulek.Models.LoginViewModel'.
2025-12-09 10:02:24.170 +01:00 [DBG] Attempting to bind parameter 'returnUrl' of type 'System.String' ...
2025-12-09 10:02:24.172 +01:00 [DBG] Attempting to bind parameter 'returnUrl' of type 'System.String' using the name '' in request data ...
2025-12-09 10:02:24.174 +01:00 [DBG] Could not find a value in the request with name '' for binding parameter 'returnUrl' of type 'System.String'.
2025-12-09 10:02:24.176 +01:00 [DBG] Done attempting to bind parameter 'returnUrl' of type 'System.String'.
2025-12-09 10:02:24.178 +01:00 [DBG] Done attempting to bind parameter 'returnUrl' of type 'System.String'.
2025-12-09 10:02:24.180 +01:00 [DBG] Attempting to validate the bound parameter 'returnUrl' of type 'System.String' ...
2025-12-09 10:02:24.181 +01:00 [DBG] Done attempting to validate the bound parameter 'returnUrl' of type 'System.String'.
2025-12-09 10:02:24.187 +01:00 [DBG] Entity Framework Core 9.0.10 initialized 'ShelterDbContext' using provider 'Pomelo.EntityFrameworkCore.MySql:9.0.0' with options: ParameterizedCollectionTranslationMode=Constantize ServerVersion=8.0.44-mysql 
2025-12-09 10:02:24.199 +01:00 [DBG] Compiling query expression: 
'DbSet<User>()
    .FirstOrDefault(u => u.Name == __model_Name_0)'
2025-12-09 10:02:24.262 +01:00 [DBG] Generated query execution expression: 
'queryContext => SingleQueryingEnumerable.Create<User>(
    relationalQueryContext: (RelationalQueryContext)queryContext, 
    relationalCommandResolver: parameters => [LIFTABLE Constant: RelationalCommandCache.QueryExpression(
        Projection Mapping:
            EmptyProjectionMember -> Dictionary<IProperty, int> { [Property: User.UserId (int) Required PK AfterSave:Throw ValueGenerated.OnAdd, 0], [Property: User.Email (string), 1], [Property: User.Name (string) Required, 2], [Property: User.PasswordHash (string) Required, 3], [Property: User.RegistrationDate (DateOnly) Required, 4], [Property: User.Role (Role) Required, 5] }
        SELECT TOP(1) u.UserId, u.Email, u.Name, u.password_hash, u.RegistrationDate, u.Role
        FROM Users AS u
        WHERE u.Name == @__model_Name_0) | Resolver: c => new RelationalCommandCache(
        c.Dependencies.MemoryCache, 
        c.RelationalDependencies.QuerySqlGeneratorFactory, 
        c.RelationalDependencies.RelationalParameterBasedSqlProcessorFactory, 
        Projection Mapping:
            EmptyProjectionMember -> Dictionary<IProperty, int> { [Property: User.UserId (int) Required PK AfterSave:Throw ValueGenerated.OnAdd, 0], [Property: User.Email (string), 1], [Property: User.Name (string) Required, 2], [Property: User.PasswordHash (string) Required, 3], [Property: User.RegistrationDate (DateOnly) Required, 4], [Property: User.Role (Role) Required, 5] }
        SELECT TOP(1) u.UserId, u.Email, u.Name, u.password_hash, u.RegistrationDate, u.Role
        FROM Users AS u
        WHERE u.Name == @__model_Name_0, 
        False, 
        new HashSet<string>(
            new string[]{ }, 
            StringComparer.Ordinal
        )
    )].GetRelationalCommandTemplate(parameters), 
    readerColumns: null, 
    shaper: (queryContext, dataReader, resultContext, resultCoordinator) => 
    {
        User entity;
        entity = 
        {
            MaterializationContext materializationContext1;
            IEntityType entityType1;
            User instance1;
            InternalEntityEntry entry1;
            bool hasNullKey1;
            materializationContext1 = new MaterializationContext(
                [LIFTABLE Constant: ValueBuffer | Resolver: _ => (object)ValueBuffer.Empty], 
                queryContext.Context
            );
            instance1 = default(User);
            entry1 = queryContext.TryGetEntry(
                key: Key: User.UserId PK, 
                keyValues: new object[]{ (object)dataReader.GetInt32(0) }, 
                throwOnNullKey: True, 
                hasNullKey: hasNullKey1);
            !(hasNullKey1) ? entry1 != default(InternalEntityEntry) ? 
            {
                entityType1 = entry1.EntityType;
                return instance1 = (User)entry1.Entity;
            } : 
            {
                ISnapshot shadowSnapshot1;
                shadowSnapshot1 = Snapshot;
                entityType1 = EntityType: User;
                instance1 = switch (entityType1)
                {
                    case EntityType: User: 
                        {
                            return 
                            {
                                User instance;
                                instance = new User();
                                instance.<UserId>k__BackingField = dataReader.GetInt32(0);
                                instance.<Email>k__BackingField = dataReader.IsDBNull(1) ? default(string) : dataReader.GetString(1);
                                instance.<Name>k__BackingField = dataReader.GetString(2);
                                instance.<PasswordHash>k__BackingField = dataReader.GetString(3);
                                instance.<RegistrationDate>k__BackingField = dataReader.GetFieldValue<DateOnly>(4);
                                instance.<Role>k__BackingField = Invoke(((EnumToStringConverter<Role>)((IReadOnlyProperty)[LIFTABLE Constant: Property: User.Role (Role) Required | Resolver: namelessParameter{0} => namelessParameter{0}.Dependencies.Model.FindEntityType("ValcharUtulek.Entities.User").FindProperty("Role")]).GetTypeMapping().Converter).ConvertFromProviderTyped, dataReader.GetString(5));
                                (instance is IInjectableService) ? ((IInjectableService)instance).Injected(
                                    context: materializationContext1.Context, 
                                    entity: instance, 
                                    queryTrackingBehavior: TrackAll, 
                                    structuralType: EntityType: User) : default(void);
                                return instance;
                            }}
                    default: 
                        default(User)
                }
                ;
                entry1 = entityType1 == default(IEntityType) ? default(InternalEntityEntry) : queryContext.StartTracking(
                    entityType: entityType1, 
                    entity: instance1, 
                    snapshot: shadowSnapshot1);
                return instance1;
            } : default(void);
            return instance1;
        };
        return entity;
    }, 
    contextType: ValcharUtulek.Database.ShelterDbContext, 
    standAloneStateManager: False, 
    detailedErrorsEnabled: False, 
    threadSafetyChecksEnabled: True)
    .SingleOrDefault()'
2025-12-09 10:02:24.273 +01:00 [DBG] Creating DbConnection.
2025-12-09 10:02:24.275 +01:00 [DBG] Created DbConnection. (1ms).
2025-12-09 10:02:24.276 +01:00 [DBG] Opening connection to database 'shelter' on server '127.0.0.1'.
2025-12-09 10:02:24.279 +01:00 [DBG] Opened connection to database 'shelter' on server '127.0.0.1'.
2025-12-09 10:02:24.281 +01:00 [DBG] Creating DbCommand for 'ExecuteReader'.
2025-12-09 10:02:24.283 +01:00 [DBG] Created DbCommand for 'ExecuteReader' (1ms).
2025-12-09 10:02:24.301 +01:00 [DBG] Initialized DbCommand for 'ExecuteReader' (20ms).
2025-12-09 10:02:24.306 +01:00 [DBG] Executing DbCommand [Parameters=[@__model_Name_0='?' (Size = 4000)], CommandType='"Text"', CommandTimeout='30']
SELECT `u`.`UserId`, `u`.`Email`, `u`.`Name`, `u`.`password_hash`, `u`.`RegistrationDate`, `u`.`Role`
FROM `Users` AS `u`
WHERE `u`.`Name` = @__model_Name_0
LIMIT 1
2025-12-09 10:02:24.337 +01:00 [INF] Executed DbCommand (33ms) [Parameters=[@__model_Name_0='?' (Size = 4000)], CommandType='"Text"', CommandTimeout='30']
SELECT `u`.`UserId`, `u`.`Email`, `u`.`Name`, `u`.`password_hash`, `u`.`RegistrationDate`, `u`.`Role`
FROM `Users` AS `u`
WHERE `u`.`Name` = @__model_Name_0
LIMIT 1
2025-12-09 10:02:24.377 +01:00 [DBG] Context 'ShelterDbContext' started tracking 'User' entity. Consider using 'DbContextOptionsBuilder.EnableSensitiveDataLogging' to see key values.
2025-12-09 10:02:24.405 +01:00 [DBG] Closing data reader to 'shelter' on server '127.0.0.1'.
2025-12-09 10:02:24.408 +01:00 [DBG] A data reader for 'shelter' on server '127.0.0.1' is being disposed after spending 68ms reading results.
2025-12-09 10:02:24.409 +01:00 [DBG] Closing connection to database 'shelter' on server '127.0.0.1'.
2025-12-09 10:02:24.411 +01:00 [DBG] Closed connection to database 'shelter' on server '127.0.0.1' (1ms).
2025-12-09 10:02:24.441 +01:00 [INF] AuthenticationScheme: Cookies signed in.
2025-12-09 10:02:24.444 +01:00 [INF] Uživatel adam se úspěšně přihlásil.
2025-12-09 10:02:24.446 +01:00 [DBG] Found the endpoints ["Route: {controller=Home}/{action=Index}/{id?}"] for address (action=[Index],controller=[Home])
2025-12-09 10:02:24.449 +01:00 [DBG] Successfully processed template {controller=Home}/{action=Index}/{id?} for Route: {controller=Home}/{action=Index}/{id?} resulting in  and 
2025-12-09 10:02:24.451 +01:00 [DBG] Link generation succeeded for endpoints ["Route: {controller=Home}/{action=Index}/{id?}"] with result /
2025-12-09 10:02:24.453 +01:00 [INF] Executing RedirectResult, redirecting to /.
2025-12-09 10:02:24.455 +01:00 [INF] Executed action ValcharUtulek.Controllers.AccountController.Login (ValcharUtulek) in 355.4386ms
2025-12-09 10:02:24.457 +01:00 [INF] Executed endpoint 'ValcharUtulek.Controllers.AccountController.Login (ValcharUtulek)'
2025-12-09 10:02:24.458 +01:00 [DBG] 'ShelterDbContext' disposed.
2025-12-09 10:02:24.463 +01:00 [DBG] Disposing connection to database 'shelter' on server '127.0.0.1'.
2025-12-09 10:02:24.466 +01:00 [DBG] Disposed connection to database 'shelter' on server '127.0.0.1' (2ms).
2025-12-09 10:02:24.468 +01:00 [INF] Request finished HTTP/2 POST https://localhost:7079/Account/Login - 302 0 null 413.0117ms
2025-12-09 10:02:24.469 +01:00 [INF] Request starting HTTP/2 GET https://localhost:7079/ - null null
2025-12-09 10:02:24.477 +01:00 [DBG] The request path / does not match a supported file type
2025-12-09 10:02:24.479 +01:00 [DBG] 1 candidate(s) found for the request path '/'
2025-12-09 10:02:24.480 +01:00 [DBG] Endpoint 'ValcharUtulek.Controllers.HomeController.Index (ValcharUtulek)' with route pattern '{controller=Home}/{action=Index}/{id?}' is valid for the request path '/'
2025-12-09 10:02:24.482 +01:00 [DBG] Request matched endpoint 'ValcharUtulek.Controllers.HomeController.Index (ValcharUtulek)'
2025-12-09 10:02:24.487 +01:00 [DBG] AuthenticationScheme: Cookies was successfully authenticated.
2025-12-09 10:02:24.489 +01:00 [INF] Executing endpoint 'ValcharUtulek.Controllers.HomeController.Index (ValcharUtulek)'
2025-12-09 10:02:24.491 +01:00 [INF] Route matched with {action = "Index", controller = "Home"}. Executing controller action with signature Microsoft.AspNetCore.Mvc.IActionResult Index() on controller ValcharUtulek.Controllers.HomeController (ValcharUtulek).
2025-12-09 10:02:24.493 +01:00 [DBG] Execution plan of authorization filters (in the following order): ["None"]
2025-12-09 10:02:24.496 +01:00 [DBG] Execution plan of resource filters (in the following order): ["Microsoft.AspNetCore.Mvc.ViewFeatures.Filters.SaveTempDataFilter"]
2025-12-09 10:02:24.497 +01:00 [DBG] Execution plan of action filters (in the following order): ["Microsoft.AspNetCore.Mvc.Filters.ControllerActionFilter (Order: -2147483648)","Microsoft.AspNetCore.Mvc.ModelBinding.UnsupportedContentTypeFilter (Order: -3000)"]
2025-12-09 10:02:24.500 +01:00 [DBG] Execution plan of exception filters (in the following order): ["None"]
2025-12-09 10:02:24.502 +01:00 [DBG] Execution plan of result filters (in the following order): ["Microsoft.AspNetCore.Mvc.ViewFeatures.Filters.SaveTempDataFilter"]
2025-12-09 10:02:24.504 +01:00 [DBG] Executing controller factory for controller ValcharUtulek.Controllers.HomeController (ValcharUtulek)
2025-12-09 10:02:24.506 +01:00 [DBG] Executed controller factory for controller ValcharUtulek.Controllers.HomeController (ValcharUtulek)
2025-12-09 10:02:24.509 +01:00 [DBG] View lookup cache hit for view 'Index' in controller 'Home'.
2025-12-09 10:02:24.511 +01:00 [INF] Executing ViewResult, running view Index.
2025-12-09 10:02:24.512 +01:00 [DBG] The view path '/Views/Home/Index.cshtml' was found in 3.471ms.
2025-12-09 10:02:24.514 +01:00 [DBG] View lookup cache hit for view '_Layout' in controller 'Home'.
2025-12-09 10:02:24.516 +01:00 [DBG] Found the endpoints ["Route: {controller=Home}/{action=Index}/{id?}"] for address (action=[Logout],controller=[Account])
2025-12-09 10:02:24.518 +01:00 [DBG] Successfully processed template {controller=Home}/{action=Index}/{id?} for Route: {controller=Home}/{action=Index}/{id?} resulting in /Account/Logout and 
2025-12-09 10:02:24.521 +01:00 [DBG] Link generation succeeded for endpoints ["Route: {controller=Home}/{action=Index}/{id?}"] with result /Account/Logout
2025-12-09 10:02:24.526 +01:00 [DBG] An antiforgery cookie token was reused.
2025-12-09 10:02:24.527 +01:00 [DBG] Response markup is scheduled to include Browser Link script injection.
2025-12-09 10:02:24.529 +01:00 [DBG] Response markup is scheduled to include browser refresh script injection.
2025-12-09 10:02:24.530 +01:00 [INF] Executed ViewResult - view Index executed in 20.8062ms.
2025-12-09 10:02:24.532 +01:00 [INF] Executed action ValcharUtulek.Controllers.HomeController.Index (ValcharUtulek) in 28.1001ms
2025-12-09 10:02:24.534 +01:00 [INF] Executed endpoint 'ValcharUtulek.Controllers.HomeController.Index (ValcharUtulek)'
2025-12-09 10:02:24.535 +01:00 [DBG] Response markup was updated to include Browser Link script injection.
2025-12-09 10:02:24.536 +01:00 [DBG] Response markup was updated to include browser refresh script injection.
2025-12-09 10:02:24.537 +01:00 [INF] Request finished HTTP/2 GET https://localhost:7079/ - 200 null text/html; charset=utf-8 68.2328ms
2025-12-09 10:02:24.588 +01:00 [INF] Request starting HTTP/2 GET https://localhost:7079/_vs/browserLink - null null
2025-12-09 10:02:24.589 +01:00 [INF] Request starting HTTP/2 GET https://localhost:7079/_framework/aspnetcore-browser-refresh.js - null null
2025-12-09 10:02:24.597 +01:00 [DBG] Script injected: /_framework/aspnetcore-browser-refresh.js
2025-12-09 10:02:24.599 +01:00 [INF] Request finished HTTP/2 GET https://localhost:7079/_vs/browserLink - 200 null text/javascript; charset=UTF-8 11.2379ms
2025-12-09 10:02:24.604 +01:00 [INF] Request finished HTTP/2 GET https://localhost:7079/_framework/aspnetcore-browser-refresh.js - 200 16511 application/javascript; charset=utf-8 14.0763ms
2025-12-09 10:02:28.430 +01:00 [INF] Request starting HTTP/2 GET https://localhost:7079/User - null null
2025-12-09 10:02:28.436 +01:00 [DBG] The request path /User does not match a supported file type
2025-12-09 10:02:28.438 +01:00 [DBG] No candidates found for the request path '/User'
2025-12-09 10:02:28.439 +01:00 [DBG] Request did not match any endpoints
2025-12-09 10:02:28.441 +01:00 [DBG] AuthenticationScheme: Cookies was successfully authenticated.
2025-12-09 10:02:28.443 +01:00 [INF] Request finished HTTP/2 GET https://localhost:7079/User - 404 0 null 13.7023ms
2025-12-09 10:02:28.448 +01:00 [INF] Request reached the end of the middleware pipeline without being handled by application code. Request path: GET https://localhost:7079/User, Response status code: 404
2025-12-09 10:02:31.026 +01:00 [INF] Request starting HTTP/2 GET https://localhost:7079/ - null null
2025-12-09 10:02:31.032 +01:00 [DBG] The request path / does not match a supported file type
2025-12-09 10:02:31.033 +01:00 [DBG] 1 candidate(s) found for the request path '/'
2025-12-09 10:02:31.035 +01:00 [DBG] Endpoint 'ValcharUtulek.Controllers.HomeController.Index (ValcharUtulek)' with route pattern '{controller=Home}/{action=Index}/{id?}' is valid for the request path '/'
2025-12-09 10:02:31.037 +01:00 [DBG] Request matched endpoint 'ValcharUtulek.Controllers.HomeController.Index (ValcharUtulek)'
2025-12-09 10:02:31.038 +01:00 [DBG] AuthenticationScheme: Cookies was successfully authenticated.
2025-12-09 10:02:31.040 +01:00 [INF] Executing endpoint 'ValcharUtulek.Controllers.HomeController.Index (ValcharUtulek)'
2025-12-09 10:02:31.041 +01:00 [INF] Route matched with {action = "Index", controller = "Home"}. Executing controller action with signature Microsoft.AspNetCore.Mvc.IActionResult Index() on controller ValcharUtulek.Controllers.HomeController (ValcharUtulek).
2025-12-09 10:02:31.044 +01:00 [DBG] Execution plan of authorization filters (in the following order): ["None"]
2025-12-09 10:02:31.046 +01:00 [DBG] Execution plan of resource filters (in the following order): ["Microsoft.AspNetCore.Mvc.ViewFeatures.Filters.SaveTempDataFilter"]
2025-12-09 10:02:31.048 +01:00 [DBG] Execution plan of action filters (in the following order): ["Microsoft.AspNetCore.Mvc.Filters.ControllerActionFilter (Order: -2147483648)","Microsoft.AspNetCore.Mvc.ModelBinding.UnsupportedContentTypeFilter (Order: -3000)"]
2025-12-09 10:02:31.050 +01:00 [DBG] Execution plan of exception filters (in the following order): ["None"]
2025-12-09 10:02:31.052 +01:00 [DBG] Execution plan of result filters (in the following order): ["Microsoft.AspNetCore.Mvc.ViewFeatures.Filters.SaveTempDataFilter"]
2025-12-09 10:02:31.054 +01:00 [DBG] Executing controller factory for controller ValcharUtulek.Controllers.HomeController (ValcharUtulek)
2025-12-09 10:02:31.056 +01:00 [DBG] Executed controller factory for controller ValcharUtulek.Controllers.HomeController (ValcharUtulek)
2025-12-09 10:02:31.058 +01:00 [DBG] View lookup cache hit for view 'Index' in controller 'Home'.
2025-12-09 10:02:31.059 +01:00 [INF] Executing ViewResult, running view Index.
2025-12-09 10:02:31.060 +01:00 [DBG] The view path '/Views/Home/Index.cshtml' was found in 2.8979ms.
2025-12-09 10:02:31.062 +01:00 [DBG] View lookup cache hit for view '_Layout' in controller 'Home'.
2025-12-09 10:02:31.065 +01:00 [DBG] Found the endpoints ["Route: {controller=Home}/{action=Index}/{id?}"] for address (action=[Logout],controller=[Account])
2025-12-09 10:02:31.067 +01:00 [DBG] Successfully processed template {controller=Home}/{action=Index}/{id?} for Route: {controller=Home}/{action=Index}/{id?} resulting in /Account/Logout and 
2025-12-09 10:02:31.069 +01:00 [DBG] Link generation succeeded for endpoints ["Route: {controller=Home}/{action=Index}/{id?}"] with result /Account/Logout
2025-12-09 10:02:31.071 +01:00 [DBG] An antiforgery cookie token was reused.
2025-12-09 10:02:31.073 +01:00 [DBG] Response markup is scheduled to include Browser Link script injection.
2025-12-09 10:02:31.074 +01:00 [DBG] Response markup is scheduled to include browser refresh script injection.
2025-12-09 10:02:31.075 +01:00 [INF] Executed ViewResult - view Index executed in 17.6636ms.
2025-12-09 10:02:31.077 +01:00 [INF] Executed action ValcharUtulek.Controllers.HomeController.Index (ValcharUtulek) in 22.8822ms
2025-12-09 10:02:31.079 +01:00 [INF] Executed endpoint 'ValcharUtulek.Controllers.HomeController.Index (ValcharUtulek)'
2025-12-09 10:02:31.081 +01:00 [DBG] Response markup was updated to include Browser Link script injection.
2025-12-09 10:02:31.082 +01:00 [DBG] Response markup was updated to include browser refresh script injection.
2025-12-09 10:02:31.083 +01:00 [INF] Request finished HTTP/2 GET https://localhost:7079/ - 200 null text/html; charset=utf-8 56.8474ms
2025-12-09 10:02:31.134 +01:00 [INF] Request starting HTTP/2 GET https://localhost:7079/_framework/aspnetcore-browser-refresh.js - null null
2025-12-09 10:02:31.138 +01:00 [DBG] Script injected: /_framework/aspnetcore-browser-refresh.js
2025-12-09 10:02:31.141 +01:00 [INF] Request finished HTTP/2 GET https://localhost:7079/_framework/aspnetcore-browser-refresh.js - 200 16511 application/javascript; charset=utf-8 7.0301ms
2025-12-09 10:02:33.721 +01:00 [INF] Request starting HTTP/2 GET https://localhost:7079/News - null null
2025-12-09 10:02:33.727 +01:00 [DBG] The request path /News does not match a supported file type
2025-12-09 10:02:33.729 +01:00 [DBG] 1 candidate(s) found for the request path '/News'
2025-12-09 10:02:33.730 +01:00 [DBG] Endpoint 'ValcharUtulek.Controllers.NewsController.Index (ValcharUtulek)' with route pattern '{controller=Home}/{action=Index}/{id?}' is valid for the request path '/News'
2025-12-09 10:02:33.732 +01:00 [DBG] Request matched endpoint 'ValcharUtulek.Controllers.NewsController.Index (ValcharUtulek)'
2025-12-09 10:02:33.734 +01:00 [DBG] AuthenticationScheme: Cookies was successfully authenticated.
2025-12-09 10:02:33.735 +01:00 [INF] Executing endpoint 'ValcharUtulek.Controllers.NewsController.Index (ValcharUtulek)'
2025-12-09 10:02:33.740 +01:00 [INF] Route matched with {action = "Index", controller = "News"}. Executing controller action with signature System.Threading.Tasks.Task`1[Microsoft.AspNetCore.Mvc.IActionResult] Index() on controller ValcharUtulek.Controllers.NewsController (ValcharUtulek).
2025-12-09 10:02:33.742 +01:00 [DBG] Execution plan of authorization filters (in the following order): ["None"]
2025-12-09 10:02:33.744 +01:00 [DBG] Execution plan of resource filters (in the following order): ["Microsoft.AspNetCore.Mvc.ViewFeatures.Filters.SaveTempDataFilter"]
2025-12-09 10:02:33.746 +01:00 [DBG] Execution plan of action filters (in the following order): ["Microsoft.AspNetCore.Mvc.Filters.ControllerActionFilter (Order: -2147483648)","Microsoft.AspNetCore.Mvc.ModelBinding.UnsupportedContentTypeFilter (Order: -3000)"]
2025-12-09 10:02:33.748 +01:00 [DBG] Execution plan of exception filters (in the following order): ["None"]
2025-12-09 10:02:33.750 +01:00 [DBG] Execution plan of result filters (in the following order): ["Microsoft.AspNetCore.Mvc.ViewFeatures.Filters.SaveTempDataFilter"]
2025-12-09 10:02:33.752 +01:00 [DBG] Executing controller factory for controller ValcharUtulek.Controllers.NewsController (ValcharUtulek)
2025-12-09 10:02:33.762 +01:00 [DBG] Executed controller factory for controller ValcharUtulek.Controllers.NewsController (ValcharUtulek)
2025-12-09 10:02:33.835 +01:00 [DBG] Entity Framework Core 9.0.10 initialized 'ShelterDbContext' using provider 'Pomelo.EntityFrameworkCore.MySql:9.0.0' with options: ParameterizedCollectionTranslationMode=Constantize ServerVersion=8.0.44-mysql 
2025-12-09 10:02:33.843 +01:00 [DBG] Compiling query expression: 
'DbSet<News>()'
2025-12-09 10:02:33.851 +01:00 [DBG] Generated query execution expression: 
'queryContext => SingleQueryingEnumerable.Create<News>(
    relationalQueryContext: (RelationalQueryContext)queryContext, 
    relationalCommandResolver: parameters => [LIFTABLE Constant: RelationalCommandCache.QueryExpression(
        Projection Mapping:
            EmptyProjectionMember -> Dictionary<IProperty, int> { [Property: News.NewsId (int) Required PK AfterSave:Throw ValueGenerated.OnAdd, 0], [Property: News.AuthorId (int) Required, 1], [Property: News.Content (string), 2], [Property: News.DateAdded (DateOnly) Required, 3], [Property: News.Photo (string), 4], [Property: News.Title (string), 5] }
        SELECT n.NewsId, n.AuthorId, n.Content, n.DateAdded, n.Photo, n.Title
        FROM News AS n) | Resolver: c => new RelationalCommandCache(
        c.Dependencies.MemoryCache, 
        c.RelationalDependencies.QuerySqlGeneratorFactory, 
        c.RelationalDependencies.RelationalParameterBasedSqlProcessorFactory, 
        Projection Mapping:
            EmptyProjectionMember -> Dictionary<IProperty, int> { [Property: News.NewsId (int) Required PK AfterSave:Throw ValueGenerated.OnAdd, 0], [Property: News.AuthorId (int) Required, 1], [Property: News.Content (string), 2], [Property: News.DateAdded (DateOnly) Required, 3], [Property: News.Photo (string), 4], [Property: News.Title (string), 5] }
        SELECT n.NewsId, n.AuthorId, n.Content, n.DateAdded, n.Photo, n.Title
        FROM News AS n, 
        False, 
        new HashSet<string>(
            new string[]{ }, 
            StringComparer.Ordinal
        )
    )].GetRelationalCommandTemplate(parameters), 
    readerColumns: null, 
    shaper: (queryContext, dataReader, resultContext, resultCoordinator) => 
    {
        News entity;
        entity = 
        {
            MaterializationContext materializationContext1;
            IEntityType entityType1;
            News instance1;
            InternalEntityEntry entry1;
            bool hasNullKey1;
            materializationContext1 = new MaterializationContext(
                [LIFTABLE Constant: ValueBuffer | Resolver: _ => (object)ValueBuffer.Empty], 
                queryContext.Context
            );
            instance1 = default(News);
            entry1 = queryContext.TryGetEntry(
                key: Key: News.NewsId PK, 
                keyValues: new object[]{ (object)dataReader.GetInt32(0) }, 
                throwOnNullKey: True, 
                hasNullKey: hasNullKey1);
            !(hasNullKey1) ? entry1 != default(InternalEntityEntry) ? 
            {
                entityType1 = entry1.EntityType;
                return instance1 = (News)entry1.Entity;
            } : 
            {
                ISnapshot shadowSnapshot1;
                shadowSnapshot1 = Snapshot;
                entityType1 = EntityType: News;
                instance1 = switch (entityType1)
                {
                    case EntityType: News: 
                        {
                            return 
                            {
                                News instance;
                                instance = new News();
                                instance.<NewsId>k__BackingField = dataReader.GetInt32(0);
                                instance.<AuthorId>k__BackingField = dataReader.GetInt32(1);
                                instance.<Content>k__BackingField = dataReader.IsDBNull(2) ? default(string) : dataReader.GetString(2);
                                instance.<DateAdded>k__BackingField = dataReader.GetFieldValue<DateOnly>(3);
                                instance.<Photo>k__BackingField = dataReader.IsDBNull(4) ? default(string) : dataReader.GetString(4);
                                instance.<Title>k__BackingField = dataReader.IsDBNull(5) ? default(string) : dataReader.GetString(5);
                                (instance is IInjectableService) ? ((IInjectableService)instance).Injected(
                                    context: materializationContext1.Context, 
                                    entity: instance, 
                                    queryTrackingBehavior: TrackAll, 
                                    structuralType: EntityType: News) : default(void);
                                return instance;
                            }}
                    default: 
                        default(News)
                }
                ;
                entry1 = entityType1 == default(IEntityType) ? default(InternalEntityEntry) : queryContext.StartTracking(
                    entityType: entityType1, 
                    entity: instance1, 
                    snapshot: shadowSnapshot1);
                return instance1;
            } : default(void);
            return instance1;
        };
        return entity;
    }, 
    contextType: ValcharUtulek.Database.ShelterDbContext, 
    standAloneStateManager: False, 
    detailedErrorsEnabled: False, 
    threadSafetyChecksEnabled: True)'
2025-12-09 10:02:33.864 +01:00 [DBG] Creating DbConnection.
2025-12-09 10:02:33.865 +01:00 [DBG] Created DbConnection. (1ms).
2025-12-09 10:02:33.867 +01:00 [DBG] Opening connection to database 'shelter' on server '127.0.0.1'.
2025-12-09 10:02:33.871 +01:00 [DBG] Opened connection to database 'shelter' on server '127.0.0.1'.
2025-12-09 10:02:33.874 +01:00 [DBG] Creating DbCommand for 'ExecuteReader'.
2025-12-09 10:02:33.876 +01:00 [DBG] Created DbCommand for 'ExecuteReader' (1ms).
2025-12-09 10:02:33.877 +01:00 [DBG] Initialized DbCommand for 'ExecuteReader' (2ms).
2025-12-09 10:02:33.879 +01:00 [DBG] Executing DbCommand [Parameters=[], CommandType='"Text"', CommandTimeout='30']
SELECT `n`.`NewsId`, `n`.`AuthorId`, `n`.`Content`, `n`.`DateAdded`, `n`.`Photo`, `n`.`Title`
FROM `News` AS `n`
2025-12-09 10:02:33.885 +01:00 [INF] Executed DbCommand (6ms) [Parameters=[], CommandType='"Text"', CommandTimeout='30']
SELECT `n`.`NewsId`, `n`.`AuthorId`, `n`.`Content`, `n`.`DateAdded`, `n`.`Photo`, `n`.`Title`
FROM `News` AS `n`
2025-12-09 10:02:33.892 +01:00 [DBG] Context 'ShelterDbContext' started tracking 'News' entity. Consider using 'DbContextOptionsBuilder.EnableSensitiveDataLogging' to see key values.
2025-12-09 10:02:33.907 +01:00 [DBG] Closing data reader to 'shelter' on server '127.0.0.1'.
2025-12-09 10:02:33.909 +01:00 [DBG] A data reader for 'shelter' on server '127.0.0.1' is being disposed after spending 21ms reading results.
2025-12-09 10:02:33.911 +01:00 [DBG] Closing connection to database 'shelter' on server '127.0.0.1'.
2025-12-09 10:02:33.912 +01:00 [DBG] Closed connection to database 'shelter' on server '127.0.0.1' (1ms).
2025-12-09 10:02:33.918 +01:00 [DBG] View lookup cache miss for view 'Index' in controller 'News'.
2025-12-09 10:02:33.920 +01:00 [INF] Executing ViewResult, running view Index.
2025-12-09 10:02:33.922 +01:00 [DBG] The view path '/Views/News/Index.cshtml' was found in 3.7472ms.
2025-12-09 10:02:33.931 +01:00 [DBG] Found the endpoints ["Route: {controller=Home}/{action=Index}/{id?}"] for address (action=[Create],controller=[News])
2025-12-09 10:02:33.933 +01:00 [DBG] Successfully processed template {controller=Home}/{action=Index}/{id?} for Route: {controller=Home}/{action=Index}/{id?} resulting in /News/Create and 
2025-12-09 10:02:33.935 +01:00 [DBG] Link generation succeeded for endpoints ["Route: {controller=Home}/{action=Index}/{id?}"] with result /News/Create
2025-12-09 10:02:33.943 +01:00 [DBG] View lookup cache miss for view 'DisplayTemplates/String' in controller 'News'.
2025-12-09 10:02:33.947 +01:00 [DBG] View lookup cache hit for view 'DisplayTemplates/String' in controller 'News'.
2025-12-09 10:02:33.951 +01:00 [DBG] View lookup cache miss for view 'DisplayTemplates/DateOnly' in controller 'News'.
2025-12-09 10:02:33.953 +01:00 [DBG] View lookup cache hit for view 'DisplayTemplates/String' in controller 'News'.
2025-12-09 10:02:33.961 +01:00 [DBG] View lookup cache hit for view 'DisplayTemplates/String' in controller 'News'.
2025-12-09 10:02:33.966 +01:00 [DBG] View lookup cache miss for view 'DisplayTemplates/Int32' in controller 'News'.
2025-12-09 10:02:33.968 +01:00 [DBG] View lookup cache hit for view 'DisplayTemplates/String' in controller 'News'.
2025-12-09 10:02:33.970 +01:00 [DBG] Found the endpoints ["Route: {controller=Home}/{action=Index}/{id?}"] for address (id=[1],action=[Edit],controller=[News])
2025-12-09 10:02:33.972 +01:00 [DBG] Successfully processed template {controller=Home}/{action=Index}/{id?} for Route: {controller=Home}/{action=Index}/{id?} resulting in /News/Edit/1 and 
2025-12-09 10:02:33.974 +01:00 [DBG] Link generation succeeded for endpoints ["Route: {controller=Home}/{action=Index}/{id?}"] with result /News/Edit/1
2025-12-09 10:02:33.976 +01:00 [DBG] Found the endpoints ["Route: {controller=Home}/{action=Index}/{id?}"] for address (id=[1],action=[Details],controller=[News])
2025-12-09 10:02:33.978 +01:00 [DBG] Successfully processed template {controller=Home}/{action=Index}/{id?} for Route: {controller=Home}/{action=Index}/{id?} resulting in /News/Details/1 and 
2025-12-09 10:02:33.981 +01:00 [DBG] Link generation succeeded for endpoints ["Route: {controller=Home}/{action=Index}/{id?}"] with result /News/Details/1
2025-12-09 10:02:33.983 +01:00 [DBG] Found the endpoints ["Route: {controller=Home}/{action=Index}/{id?}"] for address (id=[1],action=[Delete],controller=[News])
2025-12-09 10:02:33.984 +01:00 [DBG] Successfully processed template {controller=Home}/{action=Index}/{id?} for Route: {controller=Home}/{action=Index}/{id?} resulting in /News/Delete/1 and 
2025-12-09 10:02:33.986 +01:00 [DBG] Link generation succeeded for endpoints ["Route: {controller=Home}/{action=Index}/{id?}"] with result /News/Delete/1
2025-12-09 10:02:33.988 +01:00 [DBG] View lookup cache miss for view '_Layout' in controller 'News'.
2025-12-09 10:02:33.990 +01:00 [DBG] Found the endpoints ["Route: {controller=Home}/{action=Index}/{id?}"] for address (action=[Logout],controller=[Account])
2025-12-09 10:02:33.992 +01:00 [DBG] Successfully processed template {controller=Home}/{action=Index}/{id?} for Route: {controller=Home}/{action=Index}/{id?} resulting in /Account/Logout and 
2025-12-09 10:02:33.994 +01:00 [DBG] Link generation succeeded for endpoints ["Route: {controller=Home}/{action=Index}/{id?}"] with result /Account/Logout
2025-12-09 10:02:33.996 +01:00 [DBG] An antiforgery cookie token was reused.
2025-12-09 10:02:33.998 +01:00 [DBG] Response markup is scheduled to include Browser Link script injection.
2025-12-09 10:02:33.999 +01:00 [DBG] Response markup is scheduled to include browser refresh script injection.
2025-12-09 10:02:34.001 +01:00 [INF] Executed ViewResult - view Index executed in 82.9954ms.
2025-12-09 10:02:34.003 +01:00 [INF] Executed action ValcharUtulek.Controllers.NewsController.Index (ValcharUtulek) in 251.6796ms
2025-12-09 10:02:34.005 +01:00 [INF] Executed endpoint 'ValcharUtulek.Controllers.NewsController.Index (ValcharUtulek)'
2025-12-09 10:02:34.007 +01:00 [DBG] Response markup was updated to include Browser Link script injection.
2025-12-09 10:02:34.016 +01:00 [DBG] Response markup was updated to include browser refresh script injection.
2025-12-09 10:02:34.018 +01:00 [DBG] 'ShelterDbContext' disposed.
2025-12-09 10:02:34.020 +01:00 [DBG] Disposing connection to database 'shelter' on server '127.0.0.1'.
2025-12-09 10:02:34.022 +01:00 [DBG] Disposed connection to database 'shelter' on server '127.0.0.1' (1ms).
2025-12-09 10:02:34.024 +01:00 [INF] Request finished HTTP/2 GET https://localhost:7079/News - 200 null text/html; charset=utf-8 303.222ms
2025-12-09 10:02:34.070 +01:00 [INF] Request starting HTTP/2 GET https://localhost:7079/_vs/browserLink - null null
2025-12-09 10:02:34.070 +01:00 [INF] Request starting HTTP/2 GET https://localhost:7079/_framework/aspnetcore-browser-refresh.js - null null
2025-12-09 10:02:34.083 +01:00 [DBG] Script injected: /_framework/aspnetcore-browser-refresh.js
2025-12-09 10:02:34.086 +01:00 [INF] Request finished HTTP/2 GET https://localhost:7079/_vs/browserLink - 200 null text/javascript; charset=UTF-8 16.2996ms
2025-12-09 10:02:34.089 +01:00 [INF] Request finished HTTP/2 GET https://localhost:7079/_framework/aspnetcore-browser-refresh.js - 200 16511 application/javascript; charset=utf-8 18.1168ms
2025-12-09 10:02:35.983 +01:00 [INF] Request starting HTTP/2 GET https://localhost:7079/User - null null
2025-12-09 10:02:35.989 +01:00 [DBG] The request path /User does not match a supported file type
2025-12-09 10:02:35.990 +01:00 [DBG] No candidates found for the request path '/User'
2025-12-09 10:02:35.992 +01:00 [DBG] Request did not match any endpoints
2025-12-09 10:02:35.993 +01:00 [DBG] AuthenticationScheme: Cookies was successfully authenticated.
2025-12-09 10:02:35.994 +01:00 [INF] Request finished HTTP/2 GET https://localhost:7079/User - 404 0 null 11.4152ms
2025-12-09 10:02:35.999 +01:00 [INF] Request reached the end of the middleware pipeline without being handled by application code. Request path: GET https://localhost:7079/User, Response status code: 404
2025-12-09 10:02:37.872 +01:00 [INF] Request starting HTTP/2 GET https://localhost:7079/News - null null
2025-12-09 10:02:37.877 +01:00 [DBG] The request path /News does not match a supported file type
2025-12-09 10:02:37.878 +01:00 [DBG] 1 candidate(s) found for the request path '/News'
2025-12-09 10:02:37.880 +01:00 [DBG] Endpoint 'ValcharUtulek.Controllers.NewsController.Index (ValcharUtulek)' with route pattern '{controller=Home}/{action=Index}/{id?}' is valid for the request path '/News'
2025-12-09 10:02:37.882 +01:00 [DBG] Request matched endpoint 'ValcharUtulek.Controllers.NewsController.Index (ValcharUtulek)'
2025-12-09 10:02:37.883 +01:00 [DBG] AuthenticationScheme: Cookies was successfully authenticated.
2025-12-09 10:02:37.885 +01:00 [INF] Executing endpoint 'ValcharUtulek.Controllers.NewsController.Index (ValcharUtulek)'
2025-12-09 10:02:37.887 +01:00 [INF] Route matched with {action = "Index", controller = "News"}. Executing controller action with signature System.Threading.Tasks.Task`1[Microsoft.AspNetCore.Mvc.IActionResult] Index() on controller ValcharUtulek.Controllers.NewsController (ValcharUtulek).
2025-12-09 10:02:37.889 +01:00 [DBG] Execution plan of authorization filters (in the following order): ["None"]
2025-12-09 10:02:37.891 +01:00 [DBG] Execution plan of resource filters (in the following order): ["Microsoft.AspNetCore.Mvc.ViewFeatures.Filters.SaveTempDataFilter"]
2025-12-09 10:02:37.893 +01:00 [DBG] Execution plan of action filters (in the following order): ["Microsoft.AspNetCore.Mvc.Filters.ControllerActionFilter (Order: -2147483648)","Microsoft.AspNetCore.Mvc.ModelBinding.UnsupportedContentTypeFilter (Order: -3000)"]
2025-12-09 10:02:37.896 +01:00 [DBG] Execution plan of exception filters (in the following order): ["None"]
2025-12-09 10:02:37.898 +01:00 [DBG] Execution plan of result filters (in the following order): ["Microsoft.AspNetCore.Mvc.ViewFeatures.Filters.SaveTempDataFilter"]
2025-12-09 10:02:37.900 +01:00 [DBG] Executing controller factory for controller ValcharUtulek.Controllers.NewsController (ValcharUtulek)
2025-12-09 10:02:37.912 +01:00 [DBG] Executed controller factory for controller ValcharUtulek.Controllers.NewsController (ValcharUtulek)
2025-12-09 10:02:37.916 +01:00 [DBG] Entity Framework Core 9.0.10 initialized 'ShelterDbContext' using provider 'Pomelo.EntityFrameworkCore.MySql:9.0.0' with options: ParameterizedCollectionTranslationMode=Constantize ServerVersion=8.0.44-mysql 
2025-12-09 10:02:37.918 +01:00 [DBG] Creating DbConnection.
2025-12-09 10:02:37.919 +01:00 [DBG] Created DbConnection. (1ms).
2025-12-09 10:02:37.921 +01:00 [DBG] Opening connection to database 'shelter' on server '127.0.0.1'.
2025-12-09 10:02:37.923 +01:00 [DBG] Opened connection to database 'shelter' on server '127.0.0.1'.
2025-12-09 10:02:37.924 +01:00 [DBG] Creating DbCommand for 'ExecuteReader'.
2025-12-09 10:02:37.926 +01:00 [DBG] Created DbCommand for 'ExecuteReader' (1ms).
2025-12-09 10:02:37.927 +01:00 [DBG] Initialized DbCommand for 'ExecuteReader' (2ms).
2025-12-09 10:02:37.929 +01:00 [DBG] Executing DbCommand [Parameters=[], CommandType='"Text"', CommandTimeout='30']
SELECT `n`.`NewsId`, `n`.`AuthorId`, `n`.`Content`, `n`.`DateAdded`, `n`.`Photo`, `n`.`Title`
FROM `News` AS `n`
2025-12-09 10:02:37.932 +01:00 [INF] Executed DbCommand (3ms) [Parameters=[], CommandType='"Text"', CommandTimeout='30']
SELECT `n`.`NewsId`, `n`.`AuthorId`, `n`.`Content`, `n`.`DateAdded`, `n`.`Photo`, `n`.`Title`
FROM `News` AS `n`
2025-12-09 10:02:37.934 +01:00 [DBG] Context 'ShelterDbContext' started tracking 'News' entity. Consider using 'DbContextOptionsBuilder.EnableSensitiveDataLogging' to see key values.
2025-12-09 10:02:37.936 +01:00 [DBG] Closing data reader to 'shelter' on server '127.0.0.1'.
2025-12-09 10:02:37.937 +01:00 [DBG] A data reader for 'shelter' on server '127.0.0.1' is being disposed after spending 3ms reading results.
2025-12-09 10:02:37.939 +01:00 [DBG] Closing connection to database 'shelter' on server '127.0.0.1'.
2025-12-09 10:02:37.941 +01:00 [DBG] Closed connection to database 'shelter' on server '127.0.0.1' (1ms).
2025-12-09 10:02:37.943 +01:00 [DBG] View lookup cache hit for view 'Index' in controller 'News'.
2025-12-09 10:02:37.944 +01:00 [INF] Executing ViewResult, running view Index.
2025-12-09 10:02:37.946 +01:00 [DBG] The view path '/Views/News/Index.cshtml' was found in 3.2402ms.
2025-12-09 10:02:37.948 +01:00 [DBG] Found the endpoints ["Route: {controller=Home}/{action=Index}/{id?}"] for address (action=[Create],controller=[News])
2025-12-09 10:02:37.950 +01:00 [DBG] Successfully processed template {controller=Home}/{action=Index}/{id?} for Route: {controller=Home}/{action=Index}/{id?} resulting in /News/Create and 
2025-12-09 10:02:37.952 +01:00 [DBG] Link generation succeeded for endpoints ["Route: {controller=Home}/{action=Index}/{id?}"] with result /News/Create
2025-12-09 10:02:37.954 +01:00 [DBG] View lookup cache hit for view 'DisplayTemplates/String' in controller 'News'.
2025-12-09 10:02:37.956 +01:00 [DBG] View lookup cache hit for view 'DisplayTemplates/String' in controller 'News'.
2025-12-09 10:02:37.958 +01:00 [DBG] View lookup cache hit for view 'DisplayTemplates/DateOnly' in controller 'News'.
2025-12-09 10:02:37.959 +01:00 [DBG] View lookup cache hit for view 'DisplayTemplates/String' in controller 'News'.
2025-12-09 10:02:37.961 +01:00 [DBG] View lookup cache hit for view 'DisplayTemplates/String' in controller 'News'.
2025-12-09 10:02:37.963 +01:00 [DBG] View lookup cache hit for view 'DisplayTemplates/Int32' in controller 'News'.
2025-12-09 10:02:37.965 +01:00 [DBG] View lookup cache hit for view 'DisplayTemplates/String' in controller 'News'.
2025-12-09 10:02:37.967 +01:00 [DBG] Found the endpoints ["Route: {controller=Home}/{action=Index}/{id?}"] for address (id=[1],action=[Edit],controller=[News])
2025-12-09 10:02:37.969 +01:00 [DBG] Successfully processed template {controller=Home}/{action=Index}/{id?} for Route: {controller=Home}/{action=Index}/{id?} resulting in /News/Edit/1 and 
2025-12-09 10:02:37.970 +01:00 [DBG] Link generation succeeded for endpoints ["Route: {controller=Home}/{action=Index}/{id?}"] with result /News/Edit/1
2025-12-09 10:02:37.972 +01:00 [DBG] Found the endpoints ["Route: {controller=Home}/{action=Index}/{id?}"] for address (id=[1],action=[Details],controller=[News])
2025-12-09 10:02:37.974 +01:00 [DBG] Successfully processed template {controller=Home}/{action=Index}/{id?} for Route: {controller=Home}/{action=Index}/{id?} resulting in /News/Details/1 and 
2025-12-09 10:02:37.976 +01:00 [DBG] Link generation succeeded for endpoints ["Route: {controller=Home}/{action=Index}/{id?}"] with result /News/Details/1
2025-12-09 10:02:37.979 +01:00 [DBG] Found the endpoints ["Route: {controller=Home}/{action=Index}/{id?}"] for address (id=[1],action=[Delete],controller=[News])
2025-12-09 10:02:37.981 +01:00 [DBG] Successfully processed template {controller=Home}/{action=Index}/{id?} for Route: {controller=Home}/{action=Index}/{id?} resulting in /News/Delete/1 and 
2025-12-09 10:02:37.984 +01:00 [DBG] Link generation succeeded for endpoints ["Route: {controller=Home}/{action=Index}/{id?}"] with result /News/Delete/1
2025-12-09 10:02:37.985 +01:00 [DBG] View lookup cache hit for view '_Layout' in controller 'News'.
2025-12-09 10:02:37.988 +01:00 [DBG] Found the endpoints ["Route: {controller=Home}/{action=Index}/{id?}"] for address (action=[Logout],controller=[Account])
2025-12-09 10:02:37.990 +01:00 [DBG] Successfully processed template {controller=Home}/{action=Index}/{id?} for Route: {controller=Home}/{action=Index}/{id?} resulting in /Account/Logout and 
2025-12-09 10:02:37.992 +01:00 [DBG] Link generation succeeded for endpoints ["Route: {controller=Home}/{action=Index}/{id?}"] with result /Account/Logout
2025-12-09 10:02:37.995 +01:00 [DBG] An antiforgery cookie token was reused.
2025-12-09 10:02:37.997 +01:00 [DBG] Response markup is scheduled to include Browser Link script injection.
2025-12-09 10:02:37.998 +01:00 [DBG] Response markup is scheduled to include browser refresh script injection.
2025-12-09 10:02:37.999 +01:00 [INF] Executed ViewResult - view Index executed in 56.1852ms.
2025-12-09 10:02:38.000 +01:00 [INF] Executed action ValcharUtulek.Controllers.NewsController.Index (ValcharUtulek) in 100.7653ms
2025-12-09 10:02:38.002 +01:00 [INF] Executed endpoint 'ValcharUtulek.Controllers.NewsController.Index (ValcharUtulek)'
2025-12-09 10:02:38.003 +01:00 [DBG] Response markup was updated to include Browser Link script injection.
2025-12-09 10:02:38.004 +01:00 [DBG] Response markup was updated to include browser refresh script injection.
2025-12-09 10:02:38.006 +01:00 [DBG] 'ShelterDbContext' disposed.
2025-12-09 10:02:38.008 +01:00 [DBG] Disposing connection to database 'shelter' on server '127.0.0.1'.
2025-12-09 10:02:38.010 +01:00 [DBG] Disposed connection to database 'shelter' on server '127.0.0.1' (1ms).
2025-12-09 10:02:38.012 +01:00 [INF] Request finished HTTP/2 GET https://localhost:7079/News - 200 null text/html; charset=utf-8 140.0951ms
2025-12-09 10:02:38.058 +01:00 [INF] Request starting HTTP/2 GET https://localhost:7079/_framework/aspnetcore-browser-refresh.js - null null
2025-12-09 10:02:38.062 +01:00 [DBG] Script injected: /_framework/aspnetcore-browser-refresh.js
2025-12-09 10:02:38.066 +01:00 [INF] Request finished HTTP/2 GET https://localhost:7079/_framework/aspnetcore-browser-refresh.js - 200 16511 application/javascript; charset=utf-8 7.95ms
2025-12-09 10:04:18.386 +01:00 [INF] Starting web application
2025-12-09 10:04:19.749 +01:00 [DBG] An 'IServiceProvider' was created for internal use by Entity Framework.
2025-12-09 10:04:20.432 +01:00 [DBG] Entity Framework Core 9.0.10 initialized 'ShelterDbContext' using provider 'Pomelo.EntityFrameworkCore.MySql:9.0.0' with options: ParameterizedCollectionTranslationMode=Constantize ServerVersion=8.0.44-mysql 
2025-12-09 10:04:20.455 +01:00 [DBG] Creating DbConnection.
2025-12-09 10:04:20.463 +01:00 [DBG] Created DbConnection. (4ms).
2025-12-09 10:04:20.473 +01:00 [DBG] Opening connection to database '' on server '127.0.0.1'.
2025-12-09 10:04:20.518 +01:00 [DBG] Opened connection to database '' on server '127.0.0.1'.
2025-12-09 10:04:20.523 +01:00 [DBG] Creating DbConnection.
2025-12-09 10:04:20.524 +01:00 [DBG] Created DbConnection. (1ms).
2025-12-09 10:04:20.571 +01:00 [DBG] Disposing connection to database '' on server '127.0.0.1'.
2025-12-09 10:04:20.580 +01:00 [DBG] Disposed connection to database '' on server '127.0.0.1' (2ms).
2025-12-09 10:04:20.596 +01:00 [DBG] Creating DbCommand for 'ExecuteScalar'.
2025-12-09 10:04:20.603 +01:00 [DBG] Created DbCommand for 'ExecuteScalar' (5ms).
2025-12-09 10:04:20.606 +01:00 [DBG] Initialized DbCommand for 'ExecuteScalar' (12ms).
2025-12-09 10:04:20.607 +01:00 [DBG] Opening connection to database 'shelter' on server '127.0.0.1'.
2025-12-09 10:04:20.630 +01:00 [DBG] Opened connection to database 'shelter' on server '127.0.0.1'.
2025-12-09 10:04:20.640 +01:00 [DBG] Executing DbCommand [Parameters=[], CommandType='"Text"', CommandTimeout='30']
SELECT CASE WHEN COUNT(*) = 0 THEN FALSE ELSE TRUE END
FROM information_schema.tables
WHERE table_type = 'BASE TABLE' AND table_schema = 'shelter'
2025-12-09 10:04:20.676 +01:00 [INF] Executed DbCommand (24ms) [Parameters=[], CommandType='"Text"', CommandTimeout='30']
SELECT CASE WHEN COUNT(*) = 0 THEN FALSE ELSE TRUE END
FROM information_schema.tables
WHERE table_type = 'BASE TABLE' AND table_schema = 'shelter'
2025-12-09 10:04:20.682 +01:00 [DBG] Closing connection to database 'shelter' on server '127.0.0.1'.
2025-12-09 10:04:20.687 +01:00 [DBG] Closed connection to database 'shelter' on server '127.0.0.1' (4ms).
2025-12-09 10:04:20.741 +01:00 [DBG] Compiling query expression: 
'DbSet<User>()
    .Any(u => u.Name == "admin")'
2025-12-09 10:04:21.059 +01:00 [DBG] Generated query execution expression: 
'queryContext => SingleQueryingEnumerable.Create<bool>(
    relationalQueryContext: (RelationalQueryContext)queryContext, 
    relationalCommandResolver: parameters => [LIFTABLE Constant: RelationalCommandCache.QueryExpression(
        Projection Mapping:
            EmptyProjectionMember -> 0
        SELECT EXISTS (
            SELECT 1
            FROM Users AS u
            WHERE u.Name == 'admin')) | Resolver: c => new RelationalCommandCache(
        c.Dependencies.MemoryCache, 
        c.RelationalDependencies.QuerySqlGeneratorFactory, 
        c.RelationalDependencies.RelationalParameterBasedSqlProcessorFactory, 
        Projection Mapping:
            EmptyProjectionMember -> 0
        SELECT EXISTS (
            SELECT 1
            FROM Users AS u
            WHERE u.Name == 'admin'), 
        False, 
        new HashSet<string>(
            new string[]{ }, 
            StringComparer.Ordinal
        )
    )].GetRelationalCommandTemplate(parameters), 
    readerColumns: null, 
    shaper: (queryContext, dataReader, resultContext, resultCoordinator) => 
    {
        bool? value1;
        value1 = dataReader.IsDBNull(0) ? default(bool?) : (bool?)dataReader.GetBoolean(0);
        return (bool)value1;
    }, 
    contextType: ValcharUtulek.Database.ShelterDbContext, 
    standAloneStateManager: False, 
    detailedErrorsEnabled: False, 
    threadSafetyChecksEnabled: True)
    .Single()'
2025-12-09 10:04:21.090 +01:00 [DBG] Opening connection to database 'shelter' on server '127.0.0.1'.
2025-12-09 10:04:21.097 +01:00 [DBG] Opened connection to database 'shelter' on server '127.0.0.1'.
2025-12-09 10:04:21.099 +01:00 [DBG] Creating DbCommand for 'ExecuteReader'.
2025-12-09 10:04:21.101 +01:00 [DBG] Created DbCommand for 'ExecuteReader' (1ms).
2025-12-09 10:04:21.102 +01:00 [DBG] Initialized DbCommand for 'ExecuteReader' (3ms).
2025-12-09 10:04:21.105 +01:00 [DBG] Executing DbCommand [Parameters=[], CommandType='"Text"', CommandTimeout='30']
SELECT EXISTS (
    SELECT 1
    FROM `Users` AS `u`
    WHERE `u`.`Name` = 'admin')
2025-12-09 10:04:21.110 +01:00 [INF] Executed DbCommand (5ms) [Parameters=[], CommandType='"Text"', CommandTimeout='30']
SELECT EXISTS (
    SELECT 1
    FROM `Users` AS `u`
    WHERE `u`.`Name` = 'admin')
2025-12-09 10:04:21.117 +01:00 [DBG] Closing data reader to 'shelter' on server '127.0.0.1'.
2025-12-09 10:04:21.120 +01:00 [DBG] A data reader for 'shelter' on server '127.0.0.1' is being disposed after spending 5ms reading results.
2025-12-09 10:04:21.124 +01:00 [DBG] Closing connection to database 'shelter' on server '127.0.0.1'.
2025-12-09 10:04:21.126 +01:00 [DBG] Closed connection to database 'shelter' on server '127.0.0.1' (2ms).
2025-12-09 10:04:21.130 +01:00 [DBG] Compiling query expression: 
'DbSet<News>()
    .Any()'
2025-12-09 10:04:21.134 +01:00 [DBG] Generated query execution expression: 
'queryContext => SingleQueryingEnumerable.Create<bool>(
    relationalQueryContext: (RelationalQueryContext)queryContext, 
    relationalCommandResolver: parameters => [LIFTABLE Constant: RelationalCommandCache.QueryExpression(
        Projection Mapping:
            EmptyProjectionMember -> 0
        SELECT EXISTS (
            SELECT 1
            FROM News AS n)) | Resolver: c => new RelationalCommandCache(
        c.Dependencies.MemoryCache, 
        c.RelationalDependencies.QuerySqlGeneratorFactory, 
        c.RelationalDependencies.RelationalParameterBasedSqlProcessorFactory, 
        Projection Mapping:
            EmptyProjectionMember -> 0
        SELECT EXISTS (
            SELECT 1
            FROM News AS n), 
        False, 
        new HashSet<string>(
            new string[]{ }, 
            StringComparer.Ordinal
        )
    )].GetRelationalCommandTemplate(parameters), 
    readerColumns: null, 
    shaper: (queryContext, dataReader, resultContext, resultCoordinator) => 
    {
        bool? value1;
        value1 = dataReader.IsDBNull(0) ? default(bool?) : (bool?)dataReader.GetBoolean(0);
        return (bool)value1;
    }, 
    contextType: ValcharUtulek.Database.ShelterDbContext, 
    standAloneStateManager: False, 
    detailedErrorsEnabled: False, 
    threadSafetyChecksEnabled: True)
    .Single()'
2025-12-09 10:04:21.137 +01:00 [DBG] Opening connection to database 'shelter' on server '127.0.0.1'.
2025-12-09 10:04:21.139 +01:00 [DBG] Opened connection to database 'shelter' on server '127.0.0.1'.
2025-12-09 10:04:21.141 +01:00 [DBG] Creating DbCommand for 'ExecuteReader'.
2025-12-09 10:04:21.142 +01:00 [DBG] Created DbCommand for 'ExecuteReader' (1ms).
2025-12-09 10:04:21.144 +01:00 [DBG] Initialized DbCommand for 'ExecuteReader' (2ms).
2025-12-09 10:04:21.145 +01:00 [DBG] Executing DbCommand [Parameters=[], CommandType='"Text"', CommandTimeout='30']
SELECT EXISTS (
    SELECT 1
    FROM `News` AS `n`)
2025-12-09 10:04:21.148 +01:00 [INF] Executed DbCommand (3ms) [Parameters=[], CommandType='"Text"', CommandTimeout='30']
SELECT EXISTS (
    SELECT 1
    FROM `News` AS `n`)
2025-12-09 10:04:21.151 +01:00 [DBG] Closing data reader to 'shelter' on server '127.0.0.1'.
2025-12-09 10:04:21.152 +01:00 [DBG] A data reader for 'shelter' on server '127.0.0.1' is being disposed after spending 1ms reading results.
2025-12-09 10:04:21.154 +01:00 [DBG] Closing connection to database 'shelter' on server '127.0.0.1'.
2025-12-09 10:04:21.156 +01:00 [DBG] Closed connection to database 'shelter' on server '127.0.0.1' (1ms).
2025-12-09 10:04:21.159 +01:00 [DBG] 'ShelterDbContext' disposed.
2025-12-09 10:04:21.162 +01:00 [DBG] Disposing connection to database 'shelter' on server '127.0.0.1'.
2025-12-09 10:04:21.164 +01:00 [DBG] Disposed connection to database 'shelter' on server '127.0.0.1' (1ms).
2025-12-09 10:04:21.233 +01:00 [DBG] Initializing Razor view compiler with compiled view: '/Views/Account/Login.cshtml'.
2025-12-09 10:04:21.235 +01:00 [DBG] Initializing Razor view compiler with compiled view: '/Views/Account/Register.cshtml'.
2025-12-09 10:04:21.237 +01:00 [DBG] Initializing Razor view compiler with compiled view: '/Views/Adoptions/Create.cshtml'.
2025-12-09 10:04:21.238 +01:00 [DBG] Initializing Razor view compiler with compiled view: '/Views/Adoptions/Delete.cshtml'.
2025-12-09 10:04:21.239 +01:00 [DBG] Initializing Razor view compiler with compiled view: '/Views/Adoptions/Details.cshtml'.
2025-12-09 10:04:21.241 +01:00 [DBG] Initializing Razor view compiler with compiled view: '/Views/Adoptions/Edit.cshtml'.
2025-12-09 10:04:21.242 +01:00 [DBG] Initializing Razor view compiler with compiled view: '/Views/Adoptions/Index.cshtml'.
2025-12-09 10:04:21.243 +01:00 [DBG] Initializing Razor view compiler with compiled view: '/Views/Gifts/Create.cshtml'.
2025-12-09 10:04:21.245 +01:00 [DBG] Initializing Razor view compiler with compiled view: '/Views/Gifts/Delete.cshtml'.
2025-12-09 10:04:21.246 +01:00 [DBG] Initializing Razor view compiler with compiled view: '/Views/Gifts/Details.cshtml'.
2025-12-09 10:04:21.248 +01:00 [DBG] Initializing Razor view compiler with compiled view: '/Views/Gifts/Edit.cshtml'.
2025-12-09 10:04:21.249 +01:00 [DBG] Initializing Razor view compiler with compiled view: '/Views/Gifts/Index.cshtml'.
2025-12-09 10:04:21.252 +01:00 [DBG] Initializing Razor view compiler with compiled view: '/Views/Home/Index.cshtml'.
2025-12-09 10:04:21.255 +01:00 [DBG] Initializing Razor view compiler with compiled view: '/Views/Home/Privacy.cshtml'.
2025-12-09 10:04:21.257 +01:00 [DBG] Initializing Razor view compiler with compiled view: '/Views/News/Create.cshtml'.
2025-12-09 10:04:21.258 +01:00 [DBG] Initializing Razor view compiler with compiled view: '/Views/News/Delete.cshtml'.
2025-12-09 10:04:21.260 +01:00 [DBG] Initializing Razor view compiler with compiled view: '/Views/News/Details.cshtml'.
2025-12-09 10:04:21.261 +01:00 [DBG] Initializing Razor view compiler with compiled view: '/Views/News/Edit.cshtml'.
2025-12-09 10:04:21.263 +01:00 [DBG] Initializing Razor view compiler with compiled view: '/Views/News/Index.cshtml'.
2025-12-09 10:04:21.264 +01:00 [DBG] Initializing Razor view compiler with compiled view: '/Views/Shared/Error.cshtml'.
2025-12-09 10:04:21.265 +01:00 [DBG] Initializing Razor view compiler with compiled view: '/Views/Shared/_ValidationScriptsPartial.cshtml'.
2025-12-09 10:04:21.267 +01:00 [DBG] Initializing Razor view compiler with compiled view: '/Views/_ViewImports.cshtml'.
2025-12-09 10:04:21.268 +01:00 [DBG] Initializing Razor view compiler with compiled view: '/Views/_ViewStart.cshtml'.
2025-12-09 10:04:21.269 +01:00 [DBG] Initializing Razor view compiler with compiled view: '/Views/Shared/_Layout.cshtml'.
2025-12-09 10:04:21.285 +01:00 [DBG] Registered model binder providers, in the following order: ["Microsoft.AspNetCore.Mvc.ModelBinding.Binders.BinderTypeModelBinderProvider","Microsoft.AspNetCore.Mvc.ModelBinding.Binders.ServicesModelBinderProvider","Microsoft.AspNetCore.Mvc.ModelBinding.Binders.BodyModelBinderProvider","Microsoft.AspNetCore.Mvc.ModelBinding.Binders.HeaderModelBinderProvider","Microsoft.AspNetCore.Mvc.ModelBinding.Binders.FloatingPointTypeModelBinderProvider","Microsoft.AspNetCore.Mvc.ModelBinding.Binders.EnumTypeModelBinderProvider","Microsoft.AspNetCore.Mvc.ModelBinding.Binders.DateTimeModelBinderProvider","Microsoft.AspNetCore.Mvc.ModelBinding.Binders.SimpleTypeModelBinderProvider","Microsoft.AspNetCore.Mvc.ModelBinding.Binders.TryParseModelBinderProvider","Microsoft.AspNetCore.Mvc.ModelBinding.Binders.CancellationTokenModelBinderProvider","Microsoft.AspNetCore.Mvc.ModelBinding.Binders.ByteArrayModelBinderProvider","Microsoft.AspNetCore.Mvc.ModelBinding.Binders.FormFileModelBinderProvider","Microsoft.AspNetCore.Mvc.ModelBinding.Binders.FormCollectionModelBinderProvider","Microsoft.AspNetCore.Mvc.ModelBinding.Binders.KeyValuePairModelBinderProvider","Microsoft.AspNetCore.Mvc.ModelBinding.Binders.DictionaryModelBinderProvider","Microsoft.AspNetCore.Mvc.ModelBinding.Binders.ArrayModelBinderProvider","Microsoft.AspNetCore.Mvc.ModelBinding.Binders.CollectionModelBinderProvider","Microsoft.AspNetCore.Mvc.ModelBinding.Binders.ComplexObjectModelBinderProvider"]
2025-12-09 10:04:21.425 +01:00 [DBG] Hosting starting
2025-12-09 10:04:21.494 +01:00 [INF] User profile is available. Using 'C:\Users\David\AppData\Local\ASP.NET\DataProtection-Keys' as key repository and Windows DPAPI to encrypt keys at rest.
2025-12-09 10:04:21.526 +01:00 [DBG] Reading data from file 'C:\Users\David\AppData\Local\ASP.NET\DataProtection-Keys\key-f5c154a5-e5b4-4c9b-b7eb-6e5e819bbbdf.xml'.
2025-12-09 10:04:21.540 +01:00 [DBG] Found key {f5c154a5-e5b4-4c9b-b7eb-6e5e819bbbdf}.
2025-12-09 10:04:21.555 +01:00 [DBG] Considering key {f5c154a5-e5b4-4c9b-b7eb-6e5e819bbbdf} with expiration date 2025-12-22 06:21:24Z as default key.
2025-12-09 10:04:21.561 +01:00 [DBG] Forwarded activator type request from Microsoft.AspNetCore.DataProtection.XmlEncryption.DpapiXmlDecryptor, Microsoft.AspNetCore.DataProtection, Version=9.0.0.0, Culture=neutral, PublicKeyToken=adb9793829ddae60 to Microsoft.AspNetCore.DataProtection.XmlEncryption.DpapiXmlDecryptor, Microsoft.AspNetCore.DataProtection, Culture=neutral, PublicKeyToken=adb9793829ddae60
2025-12-09 10:04:21.564 +01:00 [DBG] Decrypting secret element using Windows DPAPI.
2025-12-09 10:04:21.568 +01:00 [DBG] Forwarded activator type request from Microsoft.AspNetCore.DataProtection.AuthenticatedEncryption.ConfigurationModel.AuthenticatedEncryptorDescriptorDeserializer, Microsoft.AspNetCore.DataProtection, Version=9.0.0.0, Culture=neutral, PublicKeyToken=adb9793829ddae60 to Microsoft.AspNetCore.DataProtection.AuthenticatedEncryption.ConfigurationModel.AuthenticatedEncryptorDescriptorDeserializer, Microsoft.AspNetCore.DataProtection, Culture=neutral, PublicKeyToken=adb9793829ddae60
2025-12-09 10:04:21.573 +01:00 [DBG] Opening CNG algorithm 'AES' from provider 'null' with chaining mode CBC.
2025-12-09 10:04:21.577 +01:00 [DBG] Opening CNG algorithm 'SHA256' from provider 'null' with HMAC.
2025-12-09 10:04:21.581 +01:00 [DBG] Using key {f5c154a5-e5b4-4c9b-b7eb-6e5e819bbbdf} as the default key.
2025-12-09 10:04:21.583 +01:00 [DBG] Key ring with default key {f5c154a5-e5b4-4c9b-b7eb-6e5e819bbbdf} was loaded during application startup.
2025-12-09 10:04:21.596 +01:00 [DBG] Middleware loaded
2025-12-09 10:04:21.599 +01:00 [DBG] Middleware loaded. Script /_framework/aspnetcore-browser-refresh.js (16511 B).
2025-12-09 10:04:21.602 +01:00 [DBG] Middleware loaded. Script /_framework/blazor-hotreload.js (799 B).
2025-12-09 10:04:21.672 +01:00 [DBG] Middleware configuration started with options: {AllowedHosts = *, AllowEmptyHosts = True, IncludeFailureMessage = True}
2025-12-09 10:04:21.676 +01:00 [DBG] Wildcard detected, all requests with hosts will be allowed.
2025-12-09 10:04:21.691 +01:00 [DBG] Middleware loaded: DOTNET_MODIFIABLE_ASSEMBLIES=debug, __ASPNETCORE_BROWSER_TOOLS=true
2025-12-09 10:04:21.787 +01:00 [INF] Now listening on: https://localhost:7079
2025-12-09 10:04:21.789 +01:00 [INF] Now listening on: http://localhost:5048
2025-12-09 10:04:21.790 +01:00 [DBG] Loaded hosting startup assembly ValcharUtulek
2025-12-09 10:04:21.791 +01:00 [DBG] Loaded hosting startup assembly Microsoft.WebTools.ApiEndpointDiscovery
2025-12-09 10:04:21.793 +01:00 [DBG] Loaded hosting startup assembly Microsoft.AspNetCore.Watch.BrowserRefresh
2025-12-09 10:04:21.794 +01:00 [DBG] Loaded hosting startup assembly Microsoft.WebTools.BrowserLink.Net
2025-12-09 10:04:21.805 +01:00 [DBG] Executing API description provider 'EndpointMetadataApiDescriptionProvider' from assembly Microsoft.AspNetCore.Mvc.ApiExplorer v9.0.0.0.
2025-12-09 10:04:21.809 +01:00 [DBG] Executing API description provider 'DefaultApiDescriptionProvider' from assembly Microsoft.AspNetCore.Mvc.ApiExplorer v9.0.0.0.
2025-12-09 10:04:21.882 +01:00 [INF] Application started. Press Ctrl+C to shut down.
2025-12-09 10:04:21.884 +01:00 [INF] Hosting environment: Development
2025-12-09 10:04:21.886 +01:00 [INF] Content root path: C:\Users\David\source\repos\ValcharUtulek\ValcharUtulek
2025-12-09 10:04:21.888 +01:00 [DBG] Hosting started
2025-12-09 10:04:22.205 +01:00 [DBG] Connection id "0HNHN07OQHA47" accepted.
2025-12-09 10:04:22.208 +01:00 [DBG] Connection id "0HNHN07OQHA47" started.
2025-12-09 10:04:22.225 +01:00 [DBG] Connection id "0HNHN07OQHA47" received FIN.
2025-12-09 10:04:22.240 +01:00 [DBG] Failed to authenticate HTTPS connection.
System.IO.IOException: Received an unexpected EOF or 0 bytes from the transport stream.
   at System.Net.Security.SslStream.ReceiveHandshakeFrameAsync[TIOAdapter](CancellationToken cancellationToken)
   at System.Net.Security.SslStream.ForceAuthenticationAsync[TIOAdapter](Boolean receiveFirst, Byte[] reAuthenticationData, CancellationToken cancellationToken)
   at System.Net.Security.SslStream.ProcessAuthenticationWithTelemetryAsync(Boolean isAsync, CancellationToken cancellationToken)
   at Microsoft.AspNetCore.Server.Kestrel.Https.Internal.HttpsConnectionMiddleware.OnConnectionAsync(ConnectionContext context)
2025-12-09 10:04:22.276 +01:00 [DBG] Connection id "0HNHN07OQHA47" stopped.
2025-12-09 10:04:22.280 +01:00 [DBG] Connection id "0HNHN07OQHA47" sending FIN because: "The Socket transport's send loop completed gracefully."
2025-12-09 10:04:22.493 +01:00 [DBG] Connection id "0HNHN07OQHA48" accepted.
2025-12-09 10:04:22.495 +01:00 [DBG] Connection id "0HNHN07OQHA48" started.
2025-12-09 10:04:22.517 +01:00 [DBG] Connection 0HNHN07OQHA48 established using the following protocol: "Tls13"
2025-12-09 10:04:22.614 +01:00 [INF] Request starting HTTP/2 GET https://localhost:7079/ - null null
2025-12-09 10:04:22.745 +01:00 [DBG] The request path / does not match a supported file type
2025-12-09 10:04:22.770 +01:00 [DBG] 1 candidate(s) found for the request path '/'
2025-12-09 10:04:22.773 +01:00 [DBG] Endpoint 'ValcharUtulek.Controllers.HomeController.Index (ValcharUtulek)' with route pattern '{controller=Home}/{action=Index}/{id?}' is valid for the request path '/'
2025-12-09 10:04:22.776 +01:00 [DBG] Request matched endpoint 'ValcharUtulek.Controllers.HomeController.Index (ValcharUtulek)'
2025-12-09 10:04:22.807 +01:00 [DBG] AuthenticationScheme: Cookies was successfully authenticated.
2025-12-09 10:04:22.811 +01:00 [INF] Executing endpoint 'ValcharUtulek.Controllers.HomeController.Index (ValcharUtulek)'
2025-12-09 10:04:22.827 +01:00 [INF] Route matched with {action = "Index", controller = "Home"}. Executing controller action with signature Microsoft.AspNetCore.Mvc.IActionResult Index() on controller ValcharUtulek.Controllers.HomeController (ValcharUtulek).
2025-12-09 10:04:22.831 +01:00 [DBG] Execution plan of authorization filters (in the following order): ["None"]
2025-12-09 10:04:22.833 +01:00 [DBG] Execution plan of resource filters (in the following order): ["Microsoft.AspNetCore.Mvc.ViewFeatures.Filters.SaveTempDataFilter"]
2025-12-09 10:04:22.835 +01:00 [DBG] Execution plan of action filters (in the following order): ["Microsoft.AspNetCore.Mvc.Filters.ControllerActionFilter (Order: -2147483648)","Microsoft.AspNetCore.Mvc.ModelBinding.UnsupportedContentTypeFilter (Order: -3000)"]
2025-12-09 10:04:22.837 +01:00 [DBG] Execution plan of exception filters (in the following order): ["None"]
2025-12-09 10:04:22.839 +01:00 [DBG] Execution plan of result filters (in the following order): ["Microsoft.AspNetCore.Mvc.ViewFeatures.Filters.SaveTempDataFilter"]
2025-12-09 10:04:22.843 +01:00 [DBG] Executing controller factory for controller ValcharUtulek.Controllers.HomeController (ValcharUtulek)
2025-12-09 10:04:22.846 +01:00 [DBG] Executed controller factory for controller ValcharUtulek.Controllers.HomeController (ValcharUtulek)
2025-12-09 10:04:22.856 +01:00 [DBG] View lookup cache miss for view 'Index' in controller 'Home'.
2025-12-09 10:04:22.863 +01:00 [INF] Executing ViewResult, running view Index.
2025-12-09 10:04:22.868 +01:00 [DBG] The view path '/Views/Home/Index.cshtml' was found in 9.3435ms.
2025-12-09 10:04:22.898 +01:00 [DBG] View lookup cache miss for view '_Layout' in controller 'Home'.
2025-12-09 10:04:22.965 +01:00 [DBG] Found the endpoints ["Route: {controller=Home}/{action=Index}/{id?}"] for address (action=[Logout],controller=[Account])
2025-12-09 10:04:22.972 +01:00 [DBG] Successfully processed template {controller=Home}/{action=Index}/{id?} for Route: {controller=Home}/{action=Index}/{id?} resulting in /Account/Logout and 
2025-12-09 10:04:22.975 +01:00 [DBG] Link generation succeeded for endpoints ["Route: {controller=Home}/{action=Index}/{id?}"] with result /Account/Logout
2025-12-09 10:04:22.984 +01:00 [DBG] An antiforgery cookie token was reused.
2025-12-09 10:04:22.996 +01:00 [DBG] Response markup is scheduled to include Browser Link script injection.
2025-12-09 10:04:23.004 +01:00 [DBG] Response markup is scheduled to include browser refresh script injection.
2025-12-09 10:04:23.010 +01:00 [INF] Executed ViewResult - view Index executed in 154.7099ms.
2025-12-09 10:04:23.013 +01:00 [INF] Executed action ValcharUtulek.Controllers.HomeController.Index (ValcharUtulek) in 171.1786ms
2025-12-09 10:04:23.015 +01:00 [INF] Executed endpoint 'ValcharUtulek.Controllers.HomeController.Index (ValcharUtulek)'
2025-12-09 10:04:23.018 +01:00 [DBG] Response markup was updated to include Browser Link script injection.
2025-12-09 10:04:23.020 +01:00 [DBG] Response markup was updated to include browser refresh script injection.
2025-12-09 10:04:23.026 +01:00 [INF] Request finished HTTP/2 GET https://localhost:7079/ - 200 null text/html; charset=utf-8 425.0076ms
2025-12-09 10:04:23.072 +01:00 [INF] Request starting HTTP/2 GET https://localhost:7079/_vs/browserLink - null null
2025-12-09 10:04:23.072 +01:00 [INF] Request starting HTTP/2 GET https://localhost:7079/css/site.css?v=djFj-gjXMIBYu3VmUaQNOLpP3yqKLRO75nTETCe3K0w - null null
2025-12-09 10:04:23.072 +01:00 [INF] Request starting HTTP/2 GET https://localhost:7079/_framework/aspnetcore-browser-refresh.js - null null
2025-12-09 10:04:23.107 +01:00 [INF] Sending file. Request path: '/css/site.css'. Physical path: 'C:\Users\David\source\repos\ValcharUtulek\ValcharUtulek\wwwroot\css\site.css'
2025-12-09 10:04:23.112 +01:00 [INF] Request finished HTTP/2 GET https://localhost:7079/css/site.css?v=djFj-gjXMIBYu3VmUaQNOLpP3yqKLRO75nTETCe3K0w - 200 3575 text/css 39.6734ms
2025-12-09 10:04:23.112 +01:00 [DBG] Script injected: /_framework/aspnetcore-browser-refresh.js
2025-12-09 10:04:23.118 +01:00 [INF] Request finished HTTP/2 GET https://localhost:7079/_framework/aspnetcore-browser-refresh.js - 200 16511 application/javascript; charset=utf-8 46.4307ms
2025-12-09 10:04:23.138 +01:00 [INF] Request finished HTTP/2 GET https://localhost:7079/_vs/browserLink - 200 null text/javascript; charset=UTF-8 65.9264ms
2025-12-09 10:04:28.722 +01:00 [INF] Request starting HTTP/2 POST https://localhost:7079/Account/Logout - application/x-www-form-urlencoded 225
2025-12-09 10:04:28.732 +01:00 [DBG] POST requests are not supported
2025-12-09 10:04:28.737 +01:00 [DBG] 1 candidate(s) found for the request path '/Account/Logout'
2025-12-09 10:04:28.739 +01:00 [DBG] Endpoint 'ValcharUtulek.Controllers.AccountController.Logout (ValcharUtulek)' with route pattern '{controller=Home}/{action=Index}/{id?}' is valid for the request path '/Account/Logout'
2025-12-09 10:04:28.741 +01:00 [DBG] Request matched endpoint 'ValcharUtulek.Controllers.AccountController.Logout (ValcharUtulek)'
2025-12-09 10:04:28.744 +01:00 [DBG] AuthenticationScheme: Cookies was successfully authenticated.
2025-12-09 10:04:28.747 +01:00 [INF] Executing endpoint 'ValcharUtulek.Controllers.AccountController.Logout (ValcharUtulek)'
2025-12-09 10:04:28.757 +01:00 [INF] Route matched with {action = "Logout", controller = "Account"}. Executing controller action with signature System.Threading.Tasks.Task`1[Microsoft.AspNetCore.Mvc.IActionResult] Logout() on controller ValcharUtulek.Controllers.AccountController (ValcharUtulek).
2025-12-09 10:04:28.760 +01:00 [DBG] Execution plan of authorization filters (in the following order): ["Microsoft.AspNetCore.Mvc.ViewFeatures.Filters.ValidateAntiforgeryTokenAuthorizationFilter"]
2025-12-09 10:04:28.762 +01:00 [DBG] Execution plan of resource filters (in the following order): ["Microsoft.AspNetCore.Mvc.ViewFeatures.Filters.SaveTempDataFilter"]
2025-12-09 10:04:28.764 +01:00 [DBG] Execution plan of action filters (in the following order): ["Microsoft.AspNetCore.Mvc.Filters.ControllerActionFilter (Order: -2147483648)","Microsoft.AspNetCore.Mvc.ModelBinding.UnsupportedContentTypeFilter (Order: -3000)"]
2025-12-09 10:04:28.767 +01:00 [DBG] Execution plan of exception filters (in the following order): ["None"]
2025-12-09 10:04:28.769 +01:00 [DBG] Execution plan of result filters (in the following order): ["Microsoft.AspNetCore.Mvc.ViewFeatures.Filters.SaveTempDataFilter"]
2025-12-09 10:04:28.788 +01:00 [DBG] Connection id "0HNHN07OQHA48", Request id "0HNHN07OQHA48:00000009": started reading request body.
2025-12-09 10:04:28.790 +01:00 [DBG] Connection id "0HNHN07OQHA48", Request id "0HNHN07OQHA48:00000009": done reading request body.
2025-12-09 10:04:28.794 +01:00 [DBG] Antiforgery successfully validated a request.
2025-12-09 10:04:28.795 +01:00 [DBG] Executing controller factory for controller ValcharUtulek.Controllers.AccountController (ValcharUtulek)
2025-12-09 10:04:28.807 +01:00 [DBG] Executed controller factory for controller ValcharUtulek.Controllers.AccountController (ValcharUtulek)
2025-12-09 10:04:28.817 +01:00 [INF] AuthenticationScheme: Cookies signed out.
2025-12-09 10:04:28.819 +01:00 [INF] User logged out.
2025-12-09 10:04:28.821 +01:00 [DBG] Found the endpoints ["Route: {controller=Home}/{action=Index}/{id?}"] for address (action=[Index],controller=[Home])
2025-12-09 10:04:28.824 +01:00 [DBG] Successfully processed template {controller=Home}/{action=Index}/{id?} for Route: {controller=Home}/{action=Index}/{id?} resulting in  and 
2025-12-09 10:04:28.826 +01:00 [DBG] Link generation succeeded for endpoints ["Route: {controller=Home}/{action=Index}/{id?}"] with result /
2025-12-09 10:04:28.829 +01:00 [INF] Executing RedirectResult, redirecting to /.
2025-12-09 10:04:28.831 +01:00 [INF] Executed action ValcharUtulek.Controllers.AccountController.Logout (ValcharUtulek) in 59.9ms
2025-12-09 10:04:28.832 +01:00 [INF] Executed endpoint 'ValcharUtulek.Controllers.AccountController.Logout (ValcharUtulek)'
2025-12-09 10:04:28.835 +01:00 [INF] Request finished HTTP/2 POST https://localhost:7079/Account/Logout - 302 0 null 113.0206ms
2025-12-09 10:04:28.841 +01:00 [INF] Request starting HTTP/2 GET https://localhost:7079/ - null null
2025-12-09 10:04:28.846 +01:00 [DBG] The request path / does not match a supported file type
2025-12-09 10:04:28.847 +01:00 [DBG] 1 candidate(s) found for the request path '/'
2025-12-09 10:04:28.849 +01:00 [DBG] Endpoint 'ValcharUtulek.Controllers.HomeController.Index (ValcharUtulek)' with route pattern '{controller=Home}/{action=Index}/{id?}' is valid for the request path '/'
2025-12-09 10:04:28.851 +01:00 [DBG] Request matched endpoint 'ValcharUtulek.Controllers.HomeController.Index (ValcharUtulek)'
2025-12-09 10:04:28.854 +01:00 [DBG] AuthenticationScheme: Cookies was not authenticated.
2025-12-09 10:04:28.855 +01:00 [INF] Executing endpoint 'ValcharUtulek.Controllers.HomeController.Index (ValcharUtulek)'
2025-12-09 10:04:28.856 +01:00 [INF] Route matched with {action = "Index", controller = "Home"}. Executing controller action with signature Microsoft.AspNetCore.Mvc.IActionResult Index() on controller ValcharUtulek.Controllers.HomeController (ValcharUtulek).
2025-12-09 10:04:28.859 +01:00 [DBG] Execution plan of authorization filters (in the following order): ["None"]
2025-12-09 10:04:28.861 +01:00 [DBG] Execution plan of resource filters (in the following order): ["Microsoft.AspNetCore.Mvc.ViewFeatures.Filters.SaveTempDataFilter"]
2025-12-09 10:04:28.863 +01:00 [DBG] Execution plan of action filters (in the following order): ["Microsoft.AspNetCore.Mvc.Filters.ControllerActionFilter (Order: -2147483648)","Microsoft.AspNetCore.Mvc.ModelBinding.UnsupportedContentTypeFilter (Order: -3000)"]
2025-12-09 10:04:28.866 +01:00 [DBG] Execution plan of exception filters (in the following order): ["None"]
2025-12-09 10:04:28.868 +01:00 [DBG] Execution plan of result filters (in the following order): ["Microsoft.AspNetCore.Mvc.ViewFeatures.Filters.SaveTempDataFilter"]
2025-12-09 10:04:28.870 +01:00 [DBG] Executing controller factory for controller ValcharUtulek.Controllers.HomeController (ValcharUtulek)
2025-12-09 10:04:28.871 +01:00 [DBG] Executed controller factory for controller ValcharUtulek.Controllers.HomeController (ValcharUtulek)
2025-12-09 10:04:28.873 +01:00 [DBG] View lookup cache hit for view 'Index' in controller 'Home'.
2025-12-09 10:04:28.875 +01:00 [INF] Executing ViewResult, running view Index.
2025-12-09 10:04:28.876 +01:00 [DBG] The view path '/Views/Home/Index.cshtml' was found in 3.316ms.
2025-12-09 10:04:28.879 +01:00 [DBG] View lookup cache hit for view '_Layout' in controller 'Home'.
2025-12-09 10:04:28.883 +01:00 [DBG] Response markup is scheduled to include Browser Link script injection.
2025-12-09 10:04:28.884 +01:00 [DBG] Response markup is scheduled to include browser refresh script injection.
2025-12-09 10:04:28.885 +01:00 [INF] Executed ViewResult - view Index executed in 12.4389ms.
2025-12-09 10:04:28.887 +01:00 [INF] Executed action ValcharUtulek.Controllers.HomeController.Index (ValcharUtulek) in 17.7627ms
2025-12-09 10:04:28.889 +01:00 [INF] Executed endpoint 'ValcharUtulek.Controllers.HomeController.Index (ValcharUtulek)'
2025-12-09 10:04:28.890 +01:00 [DBG] Response markup was updated to include Browser Link script injection.
2025-12-09 10:04:28.891 +01:00 [DBG] Response markup was updated to include browser refresh script injection.
2025-12-09 10:04:28.893 +01:00 [INF] Request finished HTTP/2 GET https://localhost:7079/ - 200 null text/html; charset=utf-8 52.3026ms
2025-12-09 10:04:28.937 +01:00 [INF] Request starting HTTP/2 GET https://localhost:7079/css/site.css?v=djFj-gjXMIBYu3VmUaQNOLpP3yqKLRO75nTETCe3K0w - null null
2025-12-09 10:04:28.937 +01:00 [INF] Request starting HTTP/2 GET https://localhost:7079/_framework/aspnetcore-browser-refresh.js - null null
2025-12-09 10:04:28.937 +01:00 [INF] Request starting HTTP/2 GET https://localhost:7079/_vs/browserLink - null null
2025-12-09 10:04:28.943 +01:00 [INF] The file /css/site.css was not modified
2025-12-09 10:04:28.945 +01:00 [DBG] Script injected: /_framework/aspnetcore-browser-refresh.js
2025-12-09 10:04:28.956 +01:00 [DBG] Handled. Status code: 304 File: /css/site.css
2025-12-09 10:04:28.957 +01:00 [INF] Request finished HTTP/2 GET https://localhost:7079/_framework/aspnetcore-browser-refresh.js - 200 16511 application/javascript; charset=utf-8 20.5136ms
2025-12-09 10:04:28.961 +01:00 [INF] Request finished HTTP/2 GET https://localhost:7079/css/site.css?v=djFj-gjXMIBYu3VmUaQNOLpP3yqKLRO75nTETCe3K0w - 304 null text/css 23.9254ms
2025-12-09 10:04:28.985 +01:00 [INF] Request finished HTTP/2 GET https://localhost:7079/_vs/browserLink - 200 null text/javascript; charset=UTF-8 48.0985ms
2025-12-09 10:04:35.673 +01:00 [INF] Request starting HTTP/2 GET https://localhost:7079/Account/Login - null null
2025-12-09 10:04:35.680 +01:00 [DBG] The request path /Account/Login does not match a supported file type
2025-12-09 10:04:35.683 +01:00 [DBG] 1 candidate(s) found for the request path '/Account/Login'
2025-12-09 10:04:35.685 +01:00 [DBG] Endpoint 'ValcharUtulek.Controllers.AccountController.Login (ValcharUtulek)' with route pattern '{controller=Home}/{action=Index}/{id?}' is valid for the request path '/Account/Login'
2025-12-09 10:04:35.687 +01:00 [DBG] Request matched endpoint 'ValcharUtulek.Controllers.AccountController.Login (ValcharUtulek)'
2025-12-09 10:04:35.689 +01:00 [DBG] AuthenticationScheme: Cookies was not authenticated.
2025-12-09 10:04:35.691 +01:00 [INF] Executing endpoint 'ValcharUtulek.Controllers.AccountController.Login (ValcharUtulek)'
2025-12-09 10:04:35.700 +01:00 [INF] Route matched with {action = "Login", controller = "Account"}. Executing controller action with signature Microsoft.AspNetCore.Mvc.IActionResult Login(System.String) on controller ValcharUtulek.Controllers.AccountController (ValcharUtulek).
2025-12-09 10:04:35.702 +01:00 [DBG] Execution plan of authorization filters (in the following order): ["None"]
2025-12-09 10:04:35.704 +01:00 [DBG] Execution plan of resource filters (in the following order): ["Microsoft.AspNetCore.Mvc.ViewFeatures.Filters.SaveTempDataFilter"]
2025-12-09 10:04:35.706 +01:00 [DBG] Execution plan of action filters (in the following order): ["Microsoft.AspNetCore.Mvc.Filters.ControllerActionFilter (Order: -2147483648)","Microsoft.AspNetCore.Mvc.ModelBinding.UnsupportedContentTypeFilter (Order: -3000)"]
2025-12-09 10:04:35.708 +01:00 [DBG] Execution plan of exception filters (in the following order): ["None"]
2025-12-09 10:04:35.710 +01:00 [DBG] Execution plan of result filters (in the following order): ["Microsoft.AspNetCore.Mvc.ViewFeatures.Filters.SaveTempDataFilter"]
2025-12-09 10:04:35.712 +01:00 [DBG] Executing controller factory for controller ValcharUtulek.Controllers.AccountController (ValcharUtulek)
2025-12-09 10:04:35.726 +01:00 [DBG] Executed controller factory for controller ValcharUtulek.Controllers.AccountController (ValcharUtulek)
2025-12-09 10:04:35.732 +01:00 [DBG] Attempting to bind parameter 'returnUrl' of type 'System.String' ...
2025-12-09 10:04:35.742 +01:00 [DBG] Attempting to bind parameter 'returnUrl' of type 'System.String' using the name '' in request data ...
2025-12-09 10:04:35.744 +01:00 [DBG] Could not find a value in the request with name '' for binding parameter 'returnUrl' of type 'System.String'.
2025-12-09 10:04:35.746 +01:00 [DBG] Done attempting to bind parameter 'returnUrl' of type 'System.String'.
2025-12-09 10:04:35.747 +01:00 [DBG] Done attempting to bind parameter 'returnUrl' of type 'System.String'.
2025-12-09 10:04:35.749 +01:00 [DBG] Attempting to validate the bound parameter 'returnUrl' of type 'System.String' ...
2025-12-09 10:04:35.752 +01:00 [DBG] Done attempting to validate the bound parameter 'returnUrl' of type 'System.String'.
2025-12-09 10:04:35.755 +01:00 [DBG] View lookup cache miss for view 'Login' in controller 'Account'.
2025-12-09 10:04:35.758 +01:00 [INF] Executing ViewResult, running view Login.
2025-12-09 10:04:35.759 +01:00 [DBG] The view path '/Views/Account/Login.cshtml' was found in 3.7787ms.
2025-12-09 10:04:35.768 +01:00 [DBG] Found the endpoints ["Route: {controller=Home}/{action=Index}/{id?}"] for address (returnurl=[],action=[Login],controller=[Account])
2025-12-09 10:04:35.769 +01:00 [DBG] Successfully processed template {controller=Home}/{action=Index}/{id?} for Route: {controller=Home}/{action=Index}/{id?} resulting in /Account/Login and 
2025-12-09 10:04:35.771 +01:00 [DBG] Link generation succeeded for endpoints ["Route: {controller=Home}/{action=Index}/{id?}"] with result /Account/Login
2025-12-09 10:04:35.774 +01:00 [DBG] An antiforgery cookie token was reused.
2025-12-09 10:04:35.809 +01:00 [DBG] Found the endpoints ["Route: {controller=Home}/{action=Index}/{id?}"] for address (action=[Register],controller=[Account])
2025-12-09 10:04:35.812 +01:00 [DBG] Successfully processed template {controller=Home}/{action=Index}/{id?} for Route: {controller=Home}/{action=Index}/{id?} resulting in /Account/Register and 
2025-12-09 10:04:35.813 +01:00 [DBG] Link generation succeeded for endpoints ["Route: {controller=Home}/{action=Index}/{id?}"] with result /Account/Register
2025-12-09 10:04:35.816 +01:00 [DBG] View lookup cache miss for view '_Layout' in controller 'Account'.
2025-12-09 10:04:35.819 +01:00 [DBG] View lookup cache miss for view '_ValidationScriptsPartial' in controller 'Account'.
2025-12-09 10:04:35.826 +01:00 [DBG] Response markup is scheduled to include Browser Link script injection.
2025-12-09 10:04:35.827 +01:00 [DBG] Response markup is scheduled to include browser refresh script injection.
2025-12-09 10:04:35.838 +01:00 [INF] Executed ViewResult - view Login executed in 82.8037ms.
2025-12-09 10:04:35.846 +01:00 [INF] Executed action ValcharUtulek.Controllers.AccountController.Login (ValcharUtulek) in 133.5589ms
2025-12-09 10:04:35.848 +01:00 [INF] Executed endpoint 'ValcharUtulek.Controllers.AccountController.Login (ValcharUtulek)'
2025-12-09 10:04:35.851 +01:00 [DBG] Response markup was updated to include Browser Link script injection.
2025-12-09 10:04:35.852 +01:00 [DBG] Response markup was updated to include browser refresh script injection.
2025-12-09 10:04:35.853 +01:00 [INF] Request finished HTTP/2 GET https://localhost:7079/Account/Login - 200 null text/html; charset=utf-8 179.7198ms
2025-12-09 10:04:35.890 +01:00 [INF] Request starting HTTP/2 GET https://localhost:7079/css/site.css?v=djFj-gjXMIBYu3VmUaQNOLpP3yqKLRO75nTETCe3K0w - null null
2025-12-09 10:04:35.890 +01:00 [INF] Request starting HTTP/2 GET https://localhost:7079/_framework/aspnetcore-browser-refresh.js - null null
2025-12-09 10:04:35.892 +01:00 [INF] Request starting HTTP/2 GET https://localhost:7079/_vs/browserLink - null null
2025-12-09 10:04:35.894 +01:00 [INF] The file /css/site.css was not modified
2025-12-09 10:04:35.897 +01:00 [DBG] Script injected: /_framework/aspnetcore-browser-refresh.js
2025-12-09 10:04:35.901 +01:00 [DBG] Handled. Status code: 304 File: /css/site.css
2025-12-09 10:04:35.902 +01:00 [INF] Request finished HTTP/2 GET https://localhost:7079/_framework/aspnetcore-browser-refresh.js - 200 16511 application/javascript; charset=utf-8 12.1046ms
2025-12-09 10:04:35.904 +01:00 [INF] Request finished HTTP/2 GET https://localhost:7079/css/site.css?v=djFj-gjXMIBYu3VmUaQNOLpP3yqKLRO75nTETCe3K0w - 304 null text/css 14.816ms
2025-12-09 10:04:35.906 +01:00 [INF] Request finished HTTP/2 GET https://localhost:7079/_vs/browserLink - 200 null text/javascript; charset=UTF-8 13.4798ms
2025-12-09 10:04:43.691 +01:00 [INF] Request starting HTTP/2 POST https://localhost:7079/Account/Login - application/x-www-form-urlencoded 208
2025-12-09 10:04:43.697 +01:00 [DBG] POST requests are not supported
2025-12-09 10:04:43.699 +01:00 [DBG] 1 candidate(s) found for the request path '/Account/Login'
2025-12-09 10:04:43.700 +01:00 [DBG] Endpoint 'ValcharUtulek.Controllers.AccountController.Login (ValcharUtulek)' with route pattern '{controller=Home}/{action=Index}/{id?}' is valid for the request path '/Account/Login'
2025-12-09 10:04:43.701 +01:00 [DBG] Request matched endpoint 'ValcharUtulek.Controllers.AccountController.Login (ValcharUtulek)'
2025-12-09 10:04:43.703 +01:00 [DBG] AuthenticationScheme: Cookies was not authenticated.
2025-12-09 10:04:43.704 +01:00 [INF] Executing endpoint 'ValcharUtulek.Controllers.AccountController.Login (ValcharUtulek)'
2025-12-09 10:04:43.712 +01:00 [INF] Route matched with {action = "Login", controller = "Account"}. Executing controller action with signature System.Threading.Tasks.Task`1[Microsoft.AspNetCore.Mvc.IActionResult] Login(ValcharUtulek.Models.LoginViewModel, System.String) on controller ValcharUtulek.Controllers.AccountController (ValcharUtulek).
2025-12-09 10:04:43.714 +01:00 [DBG] Execution plan of authorization filters (in the following order): ["Microsoft.AspNetCore.Mvc.ViewFeatures.Filters.ValidateAntiforgeryTokenAuthorizationFilter"]
2025-12-09 10:04:43.715 +01:00 [DBG] Execution plan of resource filters (in the following order): ["Microsoft.AspNetCore.Mvc.ViewFeatures.Filters.SaveTempDataFilter"]
2025-12-09 10:04:43.717 +01:00 [DBG] Execution plan of action filters (in the following order): ["Microsoft.AspNetCore.Mvc.Filters.ControllerActionFilter (Order: -2147483648)","Microsoft.AspNetCore.Mvc.ModelBinding.UnsupportedContentTypeFilter (Order: -3000)"]
2025-12-09 10:04:43.719 +01:00 [DBG] Execution plan of exception filters (in the following order): ["None"]
2025-12-09 10:04:43.721 +01:00 [DBG] Execution plan of result filters (in the following order): ["Microsoft.AspNetCore.Mvc.ViewFeatures.Filters.SaveTempDataFilter"]
2025-12-09 10:04:43.724 +01:00 [DBG] Connection id "0HNHN07OQHA48", Request id "0HNHN07OQHA48:0000001B": started reading request body.
2025-12-09 10:04:43.725 +01:00 [DBG] Connection id "0HNHN07OQHA48", Request id "0HNHN07OQHA48:0000001B": done reading request body.
2025-12-09 10:04:43.727 +01:00 [DBG] Antiforgery successfully validated a request.
2025-12-09 10:04:43.728 +01:00 [DBG] Executing controller factory for controller ValcharUtulek.Controllers.AccountController (ValcharUtulek)
2025-12-09 10:04:43.739 +01:00 [DBG] Executed controller factory for controller ValcharUtulek.Controllers.AccountController (ValcharUtulek)
2025-12-09 10:04:43.744 +01:00 [DBG] Attempting to bind parameter 'model' of type 'ValcharUtulek.Models.LoginViewModel' ...
2025-12-09 10:04:43.747 +01:00 [DBG] Attempting to bind parameter 'model' of type 'ValcharUtulek.Models.LoginViewModel' using the name '' in request data ...
2025-12-09 10:04:43.752 +01:00 [DBG] Attempting to bind property 'ValcharUtulek.Models.LoginViewModel.Name' of type 'System.String' using the name 'Name' in request data ...
2025-12-09 10:04:43.755 +01:00 [DBG] Done attempting to bind property 'ValcharUtulek.Models.LoginViewModel.Name' of type 'System.String'.
2025-12-09 10:04:43.757 +01:00 [DBG] Attempting to bind property 'ValcharUtulek.Models.LoginViewModel.Password' of type 'System.String' using the name 'Password' in request data ...
2025-12-09 10:04:43.760 +01:00 [DBG] Done attempting to bind property 'ValcharUtulek.Models.LoginViewModel.Password' of type 'System.String'.
2025-12-09 10:04:43.762 +01:00 [DBG] Done attempting to bind parameter 'model' of type 'ValcharUtulek.Models.LoginViewModel'.
2025-12-09 10:04:43.763 +01:00 [DBG] Done attempting to bind parameter 'model' of type 'ValcharUtulek.Models.LoginViewModel'.
2025-12-09 10:04:43.765 +01:00 [DBG] Attempting to validate the bound parameter 'model' of type 'ValcharUtulek.Models.LoginViewModel' ...
2025-12-09 10:04:43.775 +01:00 [DBG] Done attempting to validate the bound parameter 'model' of type 'ValcharUtulek.Models.LoginViewModel'.
2025-12-09 10:04:43.777 +01:00 [DBG] Attempting to bind parameter 'returnUrl' of type 'System.String' ...
2025-12-09 10:04:43.778 +01:00 [DBG] Attempting to bind parameter 'returnUrl' of type 'System.String' using the name '' in request data ...
2025-12-09 10:04:43.782 +01:00 [DBG] Could not find a value in the request with name '' for binding parameter 'returnUrl' of type 'System.String'.
2025-12-09 10:04:43.783 +01:00 [DBG] Done attempting to bind parameter 'returnUrl' of type 'System.String'.
2025-12-09 10:04:43.785 +01:00 [DBG] Done attempting to bind parameter 'returnUrl' of type 'System.String'.
2025-12-09 10:04:43.786 +01:00 [DBG] Attempting to validate the bound parameter 'returnUrl' of type 'System.String' ...
2025-12-09 10:04:43.788 +01:00 [DBG] Done attempting to validate the bound parameter 'returnUrl' of type 'System.String'.
2025-12-09 10:04:43.796 +01:00 [DBG] Entity Framework Core 9.0.10 initialized 'ShelterDbContext' using provider 'Pomelo.EntityFrameworkCore.MySql:9.0.0' with options: ParameterizedCollectionTranslationMode=Constantize ServerVersion=8.0.44-mysql 
2025-12-09 10:04:43.806 +01:00 [DBG] Compiling query expression: 
'DbSet<User>()
    .FirstOrDefault(u => u.Name == __model_Name_0)'
2025-12-09 10:04:43.886 +01:00 [DBG] Generated query execution expression: 
'queryContext => SingleQueryingEnumerable.Create<User>(
    relationalQueryContext: (RelationalQueryContext)queryContext, 
    relationalCommandResolver: parameters => [LIFTABLE Constant: RelationalCommandCache.QueryExpression(
        Projection Mapping:
            EmptyProjectionMember -> Dictionary<IProperty, int> { [Property: User.UserId (int) Required PK AfterSave:Throw ValueGenerated.OnAdd, 0], [Property: User.Email (string), 1], [Property: User.Name (string) Required, 2], [Property: User.PasswordHash (string) Required, 3], [Property: User.RegistrationDate (DateOnly) Required, 4], [Property: User.Role (Role) Required, 5] }
        SELECT TOP(1) u.UserId, u.Email, u.Name, u.password_hash, u.RegistrationDate, u.Role
        FROM Users AS u
        WHERE u.Name == @__model_Name_0) | Resolver: c => new RelationalCommandCache(
        c.Dependencies.MemoryCache, 
        c.RelationalDependencies.QuerySqlGeneratorFactory, 
        c.RelationalDependencies.RelationalParameterBasedSqlProcessorFactory, 
        Projection Mapping:
            EmptyProjectionMember -> Dictionary<IProperty, int> { [Property: User.UserId (int) Required PK AfterSave:Throw ValueGenerated.OnAdd, 0], [Property: User.Email (string), 1], [Property: User.Name (string) Required, 2], [Property: User.PasswordHash (string) Required, 3], [Property: User.RegistrationDate (DateOnly) Required, 4], [Property: User.Role (Role) Required, 5] }
        SELECT TOP(1) u.UserId, u.Email, u.Name, u.password_hash, u.RegistrationDate, u.Role
        FROM Users AS u
        WHERE u.Name == @__model_Name_0, 
        False, 
        new HashSet<string>(
            new string[]{ }, 
            StringComparer.Ordinal
        )
    )].GetRelationalCommandTemplate(parameters), 
    readerColumns: null, 
    shaper: (queryContext, dataReader, resultContext, resultCoordinator) => 
    {
        User entity;
        entity = 
        {
            MaterializationContext materializationContext1;
            IEntityType entityType1;
            User instance1;
            InternalEntityEntry entry1;
            bool hasNullKey1;
            materializationContext1 = new MaterializationContext(
                [LIFTABLE Constant: ValueBuffer | Resolver: _ => (object)ValueBuffer.Empty], 
                queryContext.Context
            );
            instance1 = default(User);
            entry1 = queryContext.TryGetEntry(
                key: Key: User.UserId PK, 
                keyValues: new object[]{ (object)dataReader.GetInt32(0) }, 
                throwOnNullKey: True, 
                hasNullKey: hasNullKey1);
            !(hasNullKey1) ? entry1 != default(InternalEntityEntry) ? 
            {
                entityType1 = entry1.EntityType;
                return instance1 = (User)entry1.Entity;
            } : 
            {
                ISnapshot shadowSnapshot1;
                shadowSnapshot1 = Snapshot;
                entityType1 = EntityType: User;
                instance1 = switch (entityType1)
                {
                    case EntityType: User: 
                        {
                            return 
                            {
                                User instance;
                                instance = new User();
                                instance.<UserId>k__BackingField = dataReader.GetInt32(0);
                                instance.<Email>k__BackingField = dataReader.IsDBNull(1) ? default(string) : dataReader.GetString(1);
                                instance.<Name>k__BackingField = dataReader.GetString(2);
                                instance.<PasswordHash>k__BackingField = dataReader.GetString(3);
                                instance.<RegistrationDate>k__BackingField = dataReader.GetFieldValue<DateOnly>(4);
                                instance.<Role>k__BackingField = Invoke(((EnumToStringConverter<Role>)((IReadOnlyProperty)[LIFTABLE Constant: Property: User.Role (Role) Required | Resolver: namelessParameter{0} => namelessParameter{0}.Dependencies.Model.FindEntityType("ValcharUtulek.Entities.User").FindProperty("Role")]).GetTypeMapping().Converter).ConvertFromProviderTyped, dataReader.GetString(5));
                                (instance is IInjectableService) ? ((IInjectableService)instance).Injected(
                                    context: materializationContext1.Context, 
                                    entity: instance, 
                                    queryTrackingBehavior: TrackAll, 
                                    structuralType: EntityType: User) : default(void);
                                return instance;
                            }}
                    default: 
                        default(User)
                }
                ;
                entry1 = entityType1 == default(IEntityType) ? default(InternalEntityEntry) : queryContext.StartTracking(
                    entityType: entityType1, 
                    entity: instance1, 
                    snapshot: shadowSnapshot1);
                return instance1;
            } : default(void);
            return instance1;
        };
        return entity;
    }, 
    contextType: ValcharUtulek.Database.ShelterDbContext, 
    standAloneStateManager: False, 
    detailedErrorsEnabled: False, 
    threadSafetyChecksEnabled: True)
    .SingleOrDefault()'
2025-12-09 10:04:43.896 +01:00 [DBG] Creating DbConnection.
2025-12-09 10:04:43.898 +01:00 [DBG] Created DbConnection. (1ms).
2025-12-09 10:04:43.899 +01:00 [DBG] Opening connection to database 'shelter' on server '127.0.0.1'.
2025-12-09 10:04:43.901 +01:00 [DBG] Opened connection to database 'shelter' on server '127.0.0.1'.
2025-12-09 10:04:43.903 +01:00 [DBG] Creating DbCommand for 'ExecuteReader'.
2025-12-09 10:04:43.905 +01:00 [DBG] Created DbCommand for 'ExecuteReader' (1ms).
2025-12-09 10:04:43.919 +01:00 [DBG] Initialized DbCommand for 'ExecuteReader' (16ms).
2025-12-09 10:04:43.923 +01:00 [DBG] Executing DbCommand [Parameters=[@__model_Name_0='?' (Size = 4000)], CommandType='"Text"', CommandTimeout='30']
SELECT `u`.`UserId`, `u`.`Email`, `u`.`Name`, `u`.`password_hash`, `u`.`RegistrationDate`, `u`.`Role`
FROM `Users` AS `u`
WHERE `u`.`Name` = @__model_Name_0
LIMIT 1
2025-12-09 10:04:43.948 +01:00 [INF] Executed DbCommand (27ms) [Parameters=[@__model_Name_0='?' (Size = 4000)], CommandType='"Text"', CommandTimeout='30']
SELECT `u`.`UserId`, `u`.`Email`, `u`.`Name`, `u`.`password_hash`, `u`.`RegistrationDate`, `u`.`Role`
FROM `Users` AS `u`
WHERE `u`.`Name` = @__model_Name_0
LIMIT 1
2025-12-09 10:04:43.991 +01:00 [DBG] Context 'ShelterDbContext' started tracking 'User' entity. Consider using 'DbContextOptionsBuilder.EnableSensitiveDataLogging' to see key values.
2025-12-09 10:04:44.020 +01:00 [DBG] Closing data reader to 'shelter' on server '127.0.0.1'.
2025-12-09 10:04:44.022 +01:00 [DBG] A data reader for 'shelter' on server '127.0.0.1' is being disposed after spending 70ms reading results.
2025-12-09 10:04:44.024 +01:00 [DBG] Closing connection to database 'shelter' on server '127.0.0.1'.
2025-12-09 10:04:44.026 +01:00 [DBG] Closed connection to database 'shelter' on server '127.0.0.1' (1ms).
2025-12-09 10:04:44.055 +01:00 [INF] AuthenticationScheme: Cookies signed in.
2025-12-09 10:04:44.057 +01:00 [INF] Uživatel adam se úspěšně přihlásil.
2025-12-09 10:04:44.058 +01:00 [DBG] Found the endpoints ["Route: {controller=Home}/{action=Index}/{id?}"] for address (action=[Index],controller=[Home])
2025-12-09 10:04:44.060 +01:00 [DBG] Successfully processed template {controller=Home}/{action=Index}/{id?} for Route: {controller=Home}/{action=Index}/{id?} resulting in  and 
2025-12-09 10:04:44.062 +01:00 [DBG] Link generation succeeded for endpoints ["Route: {controller=Home}/{action=Index}/{id?}"] with result /
2025-12-09 10:04:44.064 +01:00 [INF] Executing RedirectResult, redirecting to /.
2025-12-09 10:04:44.065 +01:00 [INF] Executed action ValcharUtulek.Controllers.AccountController.Login (ValcharUtulek) in 341.8166ms
2025-12-09 10:04:44.067 +01:00 [INF] Executed endpoint 'ValcharUtulek.Controllers.AccountController.Login (ValcharUtulek)'
2025-12-09 10:04:44.068 +01:00 [DBG] 'ShelterDbContext' disposed.
2025-12-09 10:04:44.073 +01:00 [DBG] Disposing connection to database 'shelter' on server '127.0.0.1'.
2025-12-09 10:04:44.076 +01:00 [DBG] Disposed connection to database 'shelter' on server '127.0.0.1' (3ms).
2025-12-09 10:04:44.079 +01:00 [INF] Request starting HTTP/2 GET https://localhost:7079/ - null null
2025-12-09 10:04:44.080 +01:00 [INF] Request finished HTTP/2 POST https://localhost:7079/Account/Login - 302 0 null 389.556ms
2025-12-09 10:04:44.085 +01:00 [DBG] The request path / does not match a supported file type
2025-12-09 10:04:44.090 +01:00 [DBG] 1 candidate(s) found for the request path '/'
2025-12-09 10:04:44.092 +01:00 [DBG] Endpoint 'ValcharUtulek.Controllers.HomeController.Index (ValcharUtulek)' with route pattern '{controller=Home}/{action=Index}/{id?}' is valid for the request path '/'
2025-12-09 10:04:44.093 +01:00 [DBG] Request matched endpoint 'ValcharUtulek.Controllers.HomeController.Index (ValcharUtulek)'
2025-12-09 10:04:44.095 +01:00 [DBG] AuthenticationScheme: Cookies was successfully authenticated.
2025-12-09 10:04:44.096 +01:00 [INF] Executing endpoint 'ValcharUtulek.Controllers.HomeController.Index (ValcharUtulek)'
2025-12-09 10:04:44.098 +01:00 [INF] Route matched with {action = "Index", controller = "Home"}. Executing controller action with signature Microsoft.AspNetCore.Mvc.IActionResult Index() on controller ValcharUtulek.Controllers.HomeController (ValcharUtulek).
2025-12-09 10:04:44.100 +01:00 [DBG] Execution plan of authorization filters (in the following order): ["None"]
2025-12-09 10:04:44.101 +01:00 [DBG] Execution plan of resource filters (in the following order): ["Microsoft.AspNetCore.Mvc.ViewFeatures.Filters.SaveTempDataFilter"]
2025-12-09 10:04:44.103 +01:00 [DBG] Execution plan of action filters (in the following order): ["Microsoft.AspNetCore.Mvc.Filters.ControllerActionFilter (Order: -2147483648)","Microsoft.AspNetCore.Mvc.ModelBinding.UnsupportedContentTypeFilter (Order: -3000)"]
2025-12-09 10:04:44.106 +01:00 [DBG] Execution plan of exception filters (in the following order): ["None"]
2025-12-09 10:04:44.107 +01:00 [DBG] Execution plan of result filters (in the following order): ["Microsoft.AspNetCore.Mvc.ViewFeatures.Filters.SaveTempDataFilter"]
2025-12-09 10:04:44.109 +01:00 [DBG] Executing controller factory for controller ValcharUtulek.Controllers.HomeController (ValcharUtulek)
2025-12-09 10:04:44.110 +01:00 [DBG] Executed controller factory for controller ValcharUtulek.Controllers.HomeController (ValcharUtulek)
2025-12-09 10:04:44.112 +01:00 [DBG] View lookup cache hit for view 'Index' in controller 'Home'.
2025-12-09 10:04:44.114 +01:00 [INF] Executing ViewResult, running view Index.
2025-12-09 10:04:44.115 +01:00 [DBG] The view path '/Views/Home/Index.cshtml' was found in 2.8397ms.
2025-12-09 10:04:44.117 +01:00 [DBG] View lookup cache hit for view '_Layout' in controller 'Home'.
2025-12-09 10:04:44.119 +01:00 [DBG] Found the endpoints ["Route: {controller=Home}/{action=Index}/{id?}"] for address (action=[Logout],controller=[Account])
2025-12-09 10:04:44.122 +01:00 [DBG] Successfully processed template {controller=Home}/{action=Index}/{id?} for Route: {controller=Home}/{action=Index}/{id?} resulting in /Account/Logout and 
2025-12-09 10:04:44.124 +01:00 [DBG] Link generation succeeded for endpoints ["Route: {controller=Home}/{action=Index}/{id?}"] with result /Account/Logout
2025-12-09 10:04:44.126 +01:00 [DBG] An antiforgery cookie token was reused.
2025-12-09 10:04:44.128 +01:00 [DBG] Response markup is scheduled to include Browser Link script injection.
2025-12-09 10:04:44.129 +01:00 [DBG] Response markup is scheduled to include browser refresh script injection.
2025-12-09 10:04:44.130 +01:00 [INF] Executed ViewResult - view Index executed in 17.7372ms.
2025-12-09 10:04:44.131 +01:00 [INF] Executed action ValcharUtulek.Controllers.HomeController.Index (ValcharUtulek) in 22.2558ms
2025-12-09 10:04:44.133 +01:00 [INF] Executed endpoint 'ValcharUtulek.Controllers.HomeController.Index (ValcharUtulek)'
2025-12-09 10:04:44.134 +01:00 [DBG] Response markup was updated to include Browser Link script injection.
2025-12-09 10:04:44.135 +01:00 [DBG] Response markup was updated to include browser refresh script injection.
2025-12-09 10:04:44.136 +01:00 [INF] Request finished HTTP/2 GET https://localhost:7079/ - 200 null text/html; charset=utf-8 57.2425ms
2025-12-09 10:04:44.178 +01:00 [INF] Request starting HTTP/2 GET https://localhost:7079/_framework/aspnetcore-browser-refresh.js - null null
2025-12-09 10:04:44.178 +01:00 [INF] Request starting HTTP/2 GET https://localhost:7079/css/site.css?v=djFj-gjXMIBYu3VmUaQNOLpP3yqKLRO75nTETCe3K0w - null null
2025-12-09 10:04:44.178 +01:00 [INF] Request starting HTTP/2 GET https://localhost:7079/_vs/browserLink - null null
2025-12-09 10:04:44.181 +01:00 [DBG] Script injected: /_framework/aspnetcore-browser-refresh.js
2025-12-09 10:04:44.185 +01:00 [INF] The file /css/site.css was not modified
2025-12-09 10:04:44.188 +01:00 [INF] Request finished HTTP/2 GET https://localhost:7079/_framework/aspnetcore-browser-refresh.js - 200 16511 application/javascript; charset=utf-8 10.8208ms
2025-12-09 10:04:44.190 +01:00 [DBG] Handled. Status code: 304 File: /css/site.css
2025-12-09 10:04:44.193 +01:00 [INF] Request finished HTTP/2 GET https://localhost:7079/_vs/browserLink - 200 null text/javascript; charset=UTF-8 15.8265ms
2025-12-09 10:04:44.197 +01:00 [INF] Request finished HTTP/2 GET https://localhost:7079/css/site.css?v=djFj-gjXMIBYu3VmUaQNOLpP3yqKLRO75nTETCe3K0w - 304 null text/css 19.5509ms
2025-12-09 10:04:51.397 +01:00 [INF] Starting web application
2025-12-09 10:05:21.136 +01:00 [INF] Starting web application
2025-12-09 10:05:22.402 +01:00 [DBG] An 'IServiceProvider' was created for internal use by Entity Framework.
2025-12-09 10:05:23.068 +01:00 [DBG] Entity Framework Core 9.0.10 initialized 'ShelterDbContext' using provider 'Pomelo.EntityFrameworkCore.MySql:9.0.0' with options: ParameterizedCollectionTranslationMode=Constantize ServerVersion=8.0.44-mysql 
2025-12-09 10:05:23.098 +01:00 [DBG] Creating DbConnection.
2025-12-09 10:05:23.107 +01:00 [DBG] Created DbConnection. (5ms).
2025-12-09 10:05:23.119 +01:00 [DBG] Opening connection to database '' on server '127.0.0.1'.
2025-12-09 10:05:23.162 +01:00 [DBG] Opened connection to database '' on server '127.0.0.1'.
2025-12-09 10:05:23.167 +01:00 [DBG] Creating DbConnection.
2025-12-09 10:05:23.169 +01:00 [DBG] Created DbConnection. (2ms).
2025-12-09 10:05:23.207 +01:00 [DBG] Disposing connection to database '' on server '127.0.0.1'.
2025-12-09 10:05:23.214 +01:00 [DBG] Disposed connection to database '' on server '127.0.0.1' (2ms).
2025-12-09 10:05:23.227 +01:00 [DBG] Creating DbCommand for 'ExecuteScalar'.
2025-12-09 10:05:23.233 +01:00 [DBG] Created DbCommand for 'ExecuteScalar' (5ms).
2025-12-09 10:05:23.236 +01:00 [DBG] Initialized DbCommand for 'ExecuteScalar' (11ms).
2025-12-09 10:05:23.238 +01:00 [DBG] Opening connection to database 'shelter' on server '127.0.0.1'.
2025-12-09 10:05:23.261 +01:00 [DBG] Opened connection to database 'shelter' on server '127.0.0.1'.
2025-12-09 10:05:23.269 +01:00 [DBG] Executing DbCommand [Parameters=[], CommandType='"Text"', CommandTimeout='30']
SELECT CASE WHEN COUNT(*) = 0 THEN FALSE ELSE TRUE END
FROM information_schema.tables
WHERE table_type = 'BASE TABLE' AND table_schema = 'shelter'
2025-12-09 10:05:23.301 +01:00 [INF] Executed DbCommand (20ms) [Parameters=[], CommandType='"Text"', CommandTimeout='30']
SELECT CASE WHEN COUNT(*) = 0 THEN FALSE ELSE TRUE END
FROM information_schema.tables
WHERE table_type = 'BASE TABLE' AND table_schema = 'shelter'
2025-12-09 10:05:23.307 +01:00 [DBG] Closing connection to database 'shelter' on server '127.0.0.1'.
2025-12-09 10:05:23.311 +01:00 [DBG] Closed connection to database 'shelter' on server '127.0.0.1' (4ms).
2025-12-09 10:05:23.355 +01:00 [DBG] Compiling query expression: 
'DbSet<User>()
    .Any(u => u.Name == "admin")'
2025-12-09 10:05:23.636 +01:00 [DBG] Generated query execution expression: 
'queryContext => SingleQueryingEnumerable.Create<bool>(
    relationalQueryContext: (RelationalQueryContext)queryContext, 
    relationalCommandResolver: parameters => [LIFTABLE Constant: RelationalCommandCache.QueryExpression(
        Projection Mapping:
            EmptyProjectionMember -> 0
        SELECT EXISTS (
            SELECT 1
            FROM Users AS u
            WHERE u.Name == 'admin')) | Resolver: c => new RelationalCommandCache(
        c.Dependencies.MemoryCache, 
        c.RelationalDependencies.QuerySqlGeneratorFactory, 
        c.RelationalDependencies.RelationalParameterBasedSqlProcessorFactory, 
        Projection Mapping:
            EmptyProjectionMember -> 0
        SELECT EXISTS (
            SELECT 1
            FROM Users AS u
            WHERE u.Name == 'admin'), 
        False, 
        new HashSet<string>(
            new string[]{ }, 
            StringComparer.Ordinal
        )
    )].GetRelationalCommandTemplate(parameters), 
    readerColumns: null, 
    shaper: (queryContext, dataReader, resultContext, resultCoordinator) => 
    {
        bool? value1;
        value1 = dataReader.IsDBNull(0) ? default(bool?) : (bool?)dataReader.GetBoolean(0);
        return (bool)value1;
    }, 
    contextType: ValcharUtulek.Database.ShelterDbContext, 
    standAloneStateManager: False, 
    detailedErrorsEnabled: False, 
    threadSafetyChecksEnabled: True)
    .Single()'
2025-12-09 10:05:23.667 +01:00 [DBG] Opening connection to database 'shelter' on server '127.0.0.1'.
2025-12-09 10:05:23.674 +01:00 [DBG] Opened connection to database 'shelter' on server '127.0.0.1'.
2025-12-09 10:05:23.676 +01:00 [DBG] Creating DbCommand for 'ExecuteReader'.
2025-12-09 10:05:23.677 +01:00 [DBG] Created DbCommand for 'ExecuteReader' (1ms).
2025-12-09 10:05:23.679 +01:00 [DBG] Initialized DbCommand for 'ExecuteReader' (3ms).
2025-12-09 10:05:23.681 +01:00 [DBG] Executing DbCommand [Parameters=[], CommandType='"Text"', CommandTimeout='30']
SELECT EXISTS (
    SELECT 1
    FROM `Users` AS `u`
    WHERE `u`.`Name` = 'admin')
2025-12-09 10:05:23.687 +01:00 [INF] Executed DbCommand (5ms) [Parameters=[], CommandType='"Text"', CommandTimeout='30']
SELECT EXISTS (
    SELECT 1
    FROM `Users` AS `u`
    WHERE `u`.`Name` = 'admin')
2025-12-09 10:05:23.693 +01:00 [DBG] Closing data reader to 'shelter' on server '127.0.0.1'.
2025-12-09 10:05:23.697 +01:00 [DBG] A data reader for 'shelter' on server '127.0.0.1' is being disposed after spending 5ms reading results.
2025-12-09 10:05:23.699 +01:00 [DBG] Closing connection to database 'shelter' on server '127.0.0.1'.
2025-12-09 10:05:23.702 +01:00 [DBG] Closed connection to database 'shelter' on server '127.0.0.1' (2ms).
2025-12-09 10:05:23.705 +01:00 [DBG] Compiling query expression: 
'DbSet<News>()
    .Any()'
2025-12-09 10:05:23.710 +01:00 [DBG] Generated query execution expression: 
'queryContext => SingleQueryingEnumerable.Create<bool>(
    relationalQueryContext: (RelationalQueryContext)queryContext, 
    relationalCommandResolver: parameters => [LIFTABLE Constant: RelationalCommandCache.QueryExpression(
        Projection Mapping:
            EmptyProjectionMember -> 0
        SELECT EXISTS (
            SELECT 1
            FROM News AS n)) | Resolver: c => new RelationalCommandCache(
        c.Dependencies.MemoryCache, 
        c.RelationalDependencies.QuerySqlGeneratorFactory, 
        c.RelationalDependencies.RelationalParameterBasedSqlProcessorFactory, 
        Projection Mapping:
            EmptyProjectionMember -> 0
        SELECT EXISTS (
            SELECT 1
            FROM News AS n), 
        False, 
        new HashSet<string>(
            new string[]{ }, 
            StringComparer.Ordinal
        )
    )].GetRelationalCommandTemplate(parameters), 
    readerColumns: null, 
    shaper: (queryContext, dataReader, resultContext, resultCoordinator) => 
    {
        bool? value1;
        value1 = dataReader.IsDBNull(0) ? default(bool?) : (bool?)dataReader.GetBoolean(0);
        return (bool)value1;
    }, 
    contextType: ValcharUtulek.Database.ShelterDbContext, 
    standAloneStateManager: False, 
    detailedErrorsEnabled: False, 
    threadSafetyChecksEnabled: True)
    .Single()'
2025-12-09 10:05:23.713 +01:00 [DBG] Opening connection to database 'shelter' on server '127.0.0.1'.
2025-12-09 10:05:23.715 +01:00 [DBG] Opened connection to database 'shelter' on server '127.0.0.1'.
2025-12-09 10:05:23.717 +01:00 [DBG] Creating DbCommand for 'ExecuteReader'.
2025-12-09 10:05:23.719 +01:00 [DBG] Created DbCommand for 'ExecuteReader' (1ms).
2025-12-09 10:05:23.721 +01:00 [DBG] Initialized DbCommand for 'ExecuteReader' (4ms).
2025-12-09 10:05:23.724 +01:00 [DBG] Executing DbCommand [Parameters=[], CommandType='"Text"', CommandTimeout='30']
SELECT EXISTS (
    SELECT 1
    FROM `News` AS `n`)
2025-12-09 10:05:23.729 +01:00 [INF] Executed DbCommand (5ms) [Parameters=[], CommandType='"Text"', CommandTimeout='30']
SELECT EXISTS (
    SELECT 1
    FROM `News` AS `n`)
2025-12-09 10:05:23.732 +01:00 [DBG] Closing data reader to 'shelter' on server '127.0.0.1'.
2025-12-09 10:05:23.734 +01:00 [DBG] A data reader for 'shelter' on server '127.0.0.1' is being disposed after spending 2ms reading results.
2025-12-09 10:05:23.737 +01:00 [DBG] Closing connection to database 'shelter' on server '127.0.0.1'.
2025-12-09 10:05:23.738 +01:00 [DBG] Closed connection to database 'shelter' on server '127.0.0.1' (1ms).
2025-12-09 10:05:23.741 +01:00 [DBG] 'ShelterDbContext' disposed.
2025-12-09 10:05:23.743 +01:00 [DBG] Disposing connection to database 'shelter' on server '127.0.0.1'.
2025-12-09 10:05:23.746 +01:00 [DBG] Disposed connection to database 'shelter' on server '127.0.0.1' (2ms).
2025-12-09 10:05:23.808 +01:00 [DBG] Initializing Razor view compiler with compiled view: '/Views/Account/Login.cshtml'.
2025-12-09 10:05:23.810 +01:00 [DBG] Initializing Razor view compiler with compiled view: '/Views/Account/Register.cshtml'.
2025-12-09 10:05:23.812 +01:00 [DBG] Initializing Razor view compiler with compiled view: '/Views/Adoptions/Create.cshtml'.
2025-12-09 10:05:23.813 +01:00 [DBG] Initializing Razor view compiler with compiled view: '/Views/Adoptions/Delete.cshtml'.
2025-12-09 10:05:23.815 +01:00 [DBG] Initializing Razor view compiler with compiled view: '/Views/Adoptions/Details.cshtml'.
2025-12-09 10:05:23.816 +01:00 [DBG] Initializing Razor view compiler with compiled view: '/Views/Adoptions/Edit.cshtml'.
2025-12-09 10:05:23.817 +01:00 [DBG] Initializing Razor view compiler with compiled view: '/Views/Adoptions/Index.cshtml'.
2025-12-09 10:05:23.819 +01:00 [DBG] Initializing Razor view compiler with compiled view: '/Views/Gifts/Create.cshtml'.
2025-12-09 10:05:23.820 +01:00 [DBG] Initializing Razor view compiler with compiled view: '/Views/Gifts/Delete.cshtml'.
2025-12-09 10:05:23.822 +01:00 [DBG] Initializing Razor view compiler with compiled view: '/Views/Gifts/Details.cshtml'.
2025-12-09 10:05:23.823 +01:00 [DBG] Initializing Razor view compiler with compiled view: '/Views/Gifts/Edit.cshtml'.
2025-12-09 10:05:23.824 +01:00 [DBG] Initializing Razor view compiler with compiled view: '/Views/Gifts/Index.cshtml'.
2025-12-09 10:05:23.825 +01:00 [DBG] Initializing Razor view compiler with compiled view: '/Views/Home/Index.cshtml'.
2025-12-09 10:05:23.827 +01:00 [DBG] Initializing Razor view compiler with compiled view: '/Views/Home/Privacy.cshtml'.
2025-12-09 10:05:23.828 +01:00 [DBG] Initializing Razor view compiler with compiled view: '/Views/News/Create.cshtml'.
2025-12-09 10:05:23.829 +01:00 [DBG] Initializing Razor view compiler with compiled view: '/Views/News/Delete.cshtml'.
2025-12-09 10:05:23.831 +01:00 [DBG] Initializing Razor view compiler with compiled view: '/Views/News/Details.cshtml'.
2025-12-09 10:05:23.832 +01:00 [DBG] Initializing Razor view compiler with compiled view: '/Views/News/Edit.cshtml'.
2025-12-09 10:05:23.833 +01:00 [DBG] Initializing Razor view compiler with compiled view: '/Views/News/Index.cshtml'.
2025-12-09 10:05:23.834 +01:00 [DBG] Initializing Razor view compiler with compiled view: '/Views/Shared/Error.cshtml'.
2025-12-09 10:05:23.836 +01:00 [DBG] Initializing Razor view compiler with compiled view: '/Views/Shared/_ValidationScriptsPartial.cshtml'.
2025-12-09 10:05:23.837 +01:00 [DBG] Initializing Razor view compiler with compiled view: '/Views/_ViewImports.cshtml'.
2025-12-09 10:05:23.839 +01:00 [DBG] Initializing Razor view compiler with compiled view: '/Views/_ViewStart.cshtml'.
2025-12-09 10:05:23.840 +01:00 [DBG] Initializing Razor view compiler with compiled view: '/Views/Shared/_Layout.cshtml'.
2025-12-09 10:05:23.857 +01:00 [DBG] Registered model binder providers, in the following order: ["Microsoft.AspNetCore.Mvc.ModelBinding.Binders.BinderTypeModelBinderProvider","Microsoft.AspNetCore.Mvc.ModelBinding.Binders.ServicesModelBinderProvider","Microsoft.AspNetCore.Mvc.ModelBinding.Binders.BodyModelBinderProvider","Microsoft.AspNetCore.Mvc.ModelBinding.Binders.HeaderModelBinderProvider","Microsoft.AspNetCore.Mvc.ModelBinding.Binders.FloatingPointTypeModelBinderProvider","Microsoft.AspNetCore.Mvc.ModelBinding.Binders.EnumTypeModelBinderProvider","Microsoft.AspNetCore.Mvc.ModelBinding.Binders.DateTimeModelBinderProvider","Microsoft.AspNetCore.Mvc.ModelBinding.Binders.SimpleTypeModelBinderProvider","Microsoft.AspNetCore.Mvc.ModelBinding.Binders.TryParseModelBinderProvider","Microsoft.AspNetCore.Mvc.ModelBinding.Binders.CancellationTokenModelBinderProvider","Microsoft.AspNetCore.Mvc.ModelBinding.Binders.ByteArrayModelBinderProvider","Microsoft.AspNetCore.Mvc.ModelBinding.Binders.FormFileModelBinderProvider","Microsoft.AspNetCore.Mvc.ModelBinding.Binders.FormCollectionModelBinderProvider","Microsoft.AspNetCore.Mvc.ModelBinding.Binders.KeyValuePairModelBinderProvider","Microsoft.AspNetCore.Mvc.ModelBinding.Binders.DictionaryModelBinderProvider","Microsoft.AspNetCore.Mvc.ModelBinding.Binders.ArrayModelBinderProvider","Microsoft.AspNetCore.Mvc.ModelBinding.Binders.CollectionModelBinderProvider","Microsoft.AspNetCore.Mvc.ModelBinding.Binders.ComplexObjectModelBinderProvider"]
2025-12-09 10:05:23.955 +01:00 [DBG] Hosting starting
2025-12-09 10:05:23.990 +01:00 [INF] User profile is available. Using 'C:\Users\David\AppData\Local\ASP.NET\DataProtection-Keys' as key repository and Windows DPAPI to encrypt keys at rest.
2025-12-09 10:05:24.020 +01:00 [DBG] Reading data from file 'C:\Users\David\AppData\Local\ASP.NET\DataProtection-Keys\key-f5c154a5-e5b4-4c9b-b7eb-6e5e819bbbdf.xml'.
2025-12-09 10:05:24.035 +01:00 [DBG] Found key {f5c154a5-e5b4-4c9b-b7eb-6e5e819bbbdf}.
2025-12-09 10:05:24.054 +01:00 [DBG] Considering key {f5c154a5-e5b4-4c9b-b7eb-6e5e819bbbdf} with expiration date 2025-12-22 06:21:24Z as default key.
2025-12-09 10:05:24.063 +01:00 [DBG] Forwarded activator type request from Microsoft.AspNetCore.DataProtection.XmlEncryption.DpapiXmlDecryptor, Microsoft.AspNetCore.DataProtection, Version=9.0.0.0, Culture=neutral, PublicKeyToken=adb9793829ddae60 to Microsoft.AspNetCore.DataProtection.XmlEncryption.DpapiXmlDecryptor, Microsoft.AspNetCore.DataProtection, Culture=neutral, PublicKeyToken=adb9793829ddae60
2025-12-09 10:05:24.065 +01:00 [DBG] Decrypting secret element using Windows DPAPI.
2025-12-09 10:05:24.068 +01:00 [DBG] Forwarded activator type request from Microsoft.AspNetCore.DataProtection.AuthenticatedEncryption.ConfigurationModel.AuthenticatedEncryptorDescriptorDeserializer, Microsoft.AspNetCore.DataProtection, Version=9.0.0.0, Culture=neutral, PublicKeyToken=adb9793829ddae60 to Microsoft.AspNetCore.DataProtection.AuthenticatedEncryption.ConfigurationModel.AuthenticatedEncryptorDescriptorDeserializer, Microsoft.AspNetCore.DataProtection, Culture=neutral, PublicKeyToken=adb9793829ddae60
2025-12-09 10:05:24.074 +01:00 [DBG] Opening CNG algorithm 'AES' from provider 'null' with chaining mode CBC.
2025-12-09 10:05:24.078 +01:00 [DBG] Opening CNG algorithm 'SHA256' from provider 'null' with HMAC.
2025-12-09 10:05:24.082 +01:00 [DBG] Using key {f5c154a5-e5b4-4c9b-b7eb-6e5e819bbbdf} as the default key.
2025-12-09 10:05:24.085 +01:00 [DBG] Key ring with default key {f5c154a5-e5b4-4c9b-b7eb-6e5e819bbbdf} was loaded during application startup.
2025-12-09 10:05:24.099 +01:00 [DBG] Middleware loaded
2025-12-09 10:05:24.104 +01:00 [DBG] Middleware loaded. Script /_framework/aspnetcore-browser-refresh.js (16511 B).
2025-12-09 10:05:24.107 +01:00 [DBG] Middleware loaded. Script /_framework/blazor-hotreload.js (799 B).
2025-12-09 10:05:24.171 +01:00 [DBG] Middleware configuration started with options: {AllowedHosts = *, AllowEmptyHosts = True, IncludeFailureMessage = True}
2025-12-09 10:05:24.175 +01:00 [DBG] Wildcard detected, all requests with hosts will be allowed.
2025-12-09 10:05:24.188 +01:00 [DBG] Middleware loaded: DOTNET_MODIFIABLE_ASSEMBLIES=debug, __ASPNETCORE_BROWSER_TOOLS=true
2025-12-09 10:05:24.302 +01:00 [INF] Now listening on: https://localhost:7079
2025-12-09 10:05:24.303 +01:00 [INF] Now listening on: http://localhost:5048
2025-12-09 10:05:24.305 +01:00 [DBG] Loaded hosting startup assembly ValcharUtulek
2025-12-09 10:05:24.306 +01:00 [DBG] Loaded hosting startup assembly Microsoft.WebTools.ApiEndpointDiscovery
2025-12-09 10:05:24.307 +01:00 [DBG] Loaded hosting startup assembly Microsoft.AspNetCore.Watch.BrowserRefresh
2025-12-09 10:05:24.308 +01:00 [DBG] Loaded hosting startup assembly Microsoft.WebTools.BrowserLink.Net
2025-12-09 10:05:24.319 +01:00 [DBG] Executing API description provider 'EndpointMetadataApiDescriptionProvider' from assembly Microsoft.AspNetCore.Mvc.ApiExplorer v9.0.0.0.
2025-12-09 10:05:24.322 +01:00 [DBG] Executing API description provider 'DefaultApiDescriptionProvider' from assembly Microsoft.AspNetCore.Mvc.ApiExplorer v9.0.0.0.
2025-12-09 10:05:24.399 +01:00 [INF] Application started. Press Ctrl+C to shut down.
2025-12-09 10:05:24.401 +01:00 [INF] Hosting environment: Development
2025-12-09 10:05:24.402 +01:00 [INF] Content root path: C:\Users\David\source\repos\ValcharUtulek\ValcharUtulek
2025-12-09 10:05:24.403 +01:00 [DBG] Hosting started
2025-12-09 10:05:24.535 +01:00 [DBG] Connection id "0HNHN08BCV4O0" received FIN.
2025-12-09 10:05:24.546 +01:00 [DBG] Connection id "0HNHN08BCV4O0" accepted.
2025-12-09 10:05:24.548 +01:00 [DBG] Connection id "0HNHN08BCV4O0" started.
2025-12-09 10:05:24.561 +01:00 [DBG] Failed to authenticate HTTPS connection.
System.IO.IOException: Received an unexpected EOF or 0 bytes from the transport stream.
   at System.Net.Security.SslStream.ReceiveHandshakeFrameAsync[TIOAdapter](CancellationToken cancellationToken)
   at System.Net.Security.SslStream.ForceAuthenticationAsync[TIOAdapter](Boolean receiveFirst, Byte[] reAuthenticationData, CancellationToken cancellationToken)
   at System.Net.Security.SslStream.ProcessAuthenticationWithTelemetryAsync(Boolean isAsync, CancellationToken cancellationToken)
   at Microsoft.AspNetCore.Server.Kestrel.Https.Internal.HttpsConnectionMiddleware.OnConnectionAsync(ConnectionContext context)
2025-12-09 10:05:24.596 +01:00 [DBG] Connection id "0HNHN08BCV4O0" stopped.
2025-12-09 10:05:24.601 +01:00 [DBG] Connection id "0HNHN08BCV4O0" sending FIN because: "The Socket transport's send loop completed gracefully."
2025-12-09 10:05:24.791 +01:00 [DBG] Connection id "0HNHN08BCV4O1" accepted.
2025-12-09 10:05:24.793 +01:00 [DBG] Connection id "0HNHN08BCV4O1" started.
2025-12-09 10:05:24.814 +01:00 [DBG] Connection 0HNHN08BCV4O1 established using the following protocol: "Tls13"
2025-12-09 10:05:24.915 +01:00 [INF] Request starting HTTP/2 GET https://localhost:7079/ - null null
2025-12-09 10:05:25.069 +01:00 [DBG] The request path / does not match a supported file type
2025-12-09 10:05:25.105 +01:00 [DBG] 1 candidate(s) found for the request path '/'
2025-12-09 10:05:25.108 +01:00 [DBG] Endpoint 'ValcharUtulek.Controllers.HomeController.Index (ValcharUtulek)' with route pattern '{controller=Home}/{action=Index}/{id?}' is valid for the request path '/'
2025-12-09 10:05:25.112 +01:00 [DBG] Request matched endpoint 'ValcharUtulek.Controllers.HomeController.Index (ValcharUtulek)'
2025-12-09 10:05:25.155 +01:00 [DBG] AuthenticationScheme: Cookies was successfully authenticated.
2025-12-09 10:05:25.161 +01:00 [INF] Executing endpoint 'ValcharUtulek.Controllers.HomeController.Index (ValcharUtulek)'
2025-12-09 10:05:25.181 +01:00 [INF] Route matched with {action = "Index", controller = "Home"}. Executing controller action with signature Microsoft.AspNetCore.Mvc.IActionResult Index() on controller ValcharUtulek.Controllers.HomeController (ValcharUtulek).
2025-12-09 10:05:25.186 +01:00 [DBG] Execution plan of authorization filters (in the following order): ["None"]
2025-12-09 10:05:25.190 +01:00 [DBG] Execution plan of resource filters (in the following order): ["Microsoft.AspNetCore.Mvc.ViewFeatures.Filters.SaveTempDataFilter"]
2025-12-09 10:05:25.192 +01:00 [DBG] Execution plan of action filters (in the following order): ["Microsoft.AspNetCore.Mvc.Filters.ControllerActionFilter (Order: -2147483648)","Microsoft.AspNetCore.Mvc.ModelBinding.UnsupportedContentTypeFilter (Order: -3000)"]
2025-12-09 10:05:25.195 +01:00 [DBG] Execution plan of exception filters (in the following order): ["None"]
2025-12-09 10:05:25.198 +01:00 [DBG] Execution plan of result filters (in the following order): ["Microsoft.AspNetCore.Mvc.ViewFeatures.Filters.SaveTempDataFilter"]
2025-12-09 10:05:25.202 +01:00 [DBG] Executing controller factory for controller ValcharUtulek.Controllers.HomeController (ValcharUtulek)
2025-12-09 10:05:25.206 +01:00 [DBG] Executed controller factory for controller ValcharUtulek.Controllers.HomeController (ValcharUtulek)
2025-12-09 10:05:25.217 +01:00 [DBG] View lookup cache miss for view 'Index' in controller 'Home'.
2025-12-09 10:05:25.228 +01:00 [INF] Executing ViewResult, running view Index.
2025-12-09 10:05:25.235 +01:00 [DBG] The view path '/Views/Home/Index.cshtml' was found in 13.3909ms.
2025-12-09 10:05:25.270 +01:00 [DBG] View lookup cache miss for view '_Layout' in controller 'Home'.
2025-12-09 10:05:25.334 +01:00 [DBG] Found the endpoints ["Route: {controller=Home}/{action=Index}/{id?}"] for address (action=[Logout],controller=[Account])
2025-12-09 10:05:25.340 +01:00 [DBG] Successfully processed template {controller=Home}/{action=Index}/{id?} for Route: {controller=Home}/{action=Index}/{id?} resulting in /Account/Logout and 
2025-12-09 10:05:25.344 +01:00 [DBG] Link generation succeeded for endpoints ["Route: {controller=Home}/{action=Index}/{id?}"] with result /Account/Logout
2025-12-09 10:05:25.351 +01:00 [DBG] An antiforgery cookie token was reused.
2025-12-09 10:05:25.363 +01:00 [DBG] Response markup is scheduled to include Browser Link script injection.
2025-12-09 10:05:25.372 +01:00 [DBG] Response markup is scheduled to include browser refresh script injection.
2025-12-09 10:05:25.379 +01:00 [INF] Executed ViewResult - view Index executed in 163.45ms.
2025-12-09 10:05:25.383 +01:00 [INF] Executed action ValcharUtulek.Controllers.HomeController.Index (ValcharUtulek) in 183.4655ms
2025-12-09 10:05:25.386 +01:00 [INF] Executed endpoint 'ValcharUtulek.Controllers.HomeController.Index (ValcharUtulek)'
2025-12-09 10:05:25.387 +01:00 [DBG] Response markup was updated to include Browser Link script injection.
2025-12-09 10:05:25.389 +01:00 [DBG] Response markup was updated to include browser refresh script injection.
2025-12-09 10:05:25.395 +01:00 [INF] Request finished HTTP/2 GET https://localhost:7079/ - 200 null text/html; charset=utf-8 495.1999ms
2025-12-09 10:05:25.452 +01:00 [INF] Request starting HTTP/2 GET https://localhost:7079/_framework/aspnetcore-browser-refresh.js - null null
2025-12-09 10:05:25.452 +01:00 [INF] Request starting HTTP/2 GET https://localhost:7079/css/site.css?v=4ZogZrymqv563IvUDbjFZpwANjnErmrwNVnEuIHgEFU - null null
2025-12-09 10:05:25.452 +01:00 [INF] Request starting HTTP/2 GET https://localhost:7079/_vs/browserLink - null null
2025-12-09 10:05:25.497 +01:00 [DBG] Script injected: /_framework/aspnetcore-browser-refresh.js
2025-12-09 10:05:25.527 +01:00 [INF] Sending file. Request path: '/css/site.css'. Physical path: 'C:\Users\David\source\repos\ValcharUtulek\ValcharUtulek\wwwroot\css\site.css'
2025-12-09 10:05:25.529 +01:00 [INF] Request finished HTTP/2 GET https://localhost:7079/_framework/aspnetcore-browser-refresh.js - 200 16511 application/javascript; charset=utf-8 76.9617ms
2025-12-09 10:05:25.529 +01:00 [INF] Request finished HTTP/2 GET https://localhost:7079/css/site.css?v=4ZogZrymqv563IvUDbjFZpwANjnErmrwNVnEuIHgEFU - 200 3574 text/css 77.343ms
2025-12-09 10:05:25.560 +01:00 [INF] Request finished HTTP/2 GET https://localhost:7079/_vs/browserLink - 200 null text/javascript; charset=UTF-8 107.8579ms
2025-12-09 10:08:48.588 +01:00 [INF] Starting web application
2025-12-09 10:08:50.032 +01:00 [DBG] An 'IServiceProvider' was created for internal use by Entity Framework.
2025-12-09 10:08:50.712 +01:00 [DBG] Entity Framework Core 9.0.10 initialized 'ShelterDbContext' using provider 'Pomelo.EntityFrameworkCore.MySql:9.0.0' with options: ParameterizedCollectionTranslationMode=Constantize ServerVersion=8.0.44-mysql 
2025-12-09 10:08:50.741 +01:00 [DBG] Creating DbConnection.
2025-12-09 10:08:50.750 +01:00 [DBG] Created DbConnection. (4ms).
2025-12-09 10:08:50.763 +01:00 [DBG] Opening connection to database '' on server '127.0.0.1'.
2025-12-09 10:08:50.810 +01:00 [DBG] Opened connection to database '' on server '127.0.0.1'.
2025-12-09 10:08:50.817 +01:00 [DBG] Creating DbConnection.
2025-12-09 10:08:50.818 +01:00 [DBG] Created DbConnection. (2ms).
2025-12-09 10:08:50.871 +01:00 [DBG] Disposing connection to database '' on server '127.0.0.1'.
2025-12-09 10:08:50.881 +01:00 [DBG] Disposed connection to database '' on server '127.0.0.1' (2ms).
2025-12-09 10:08:50.917 +01:00 [DBG] Creating DbCommand for 'ExecuteScalar'.
2025-12-09 10:08:50.933 +01:00 [DBG] Created DbCommand for 'ExecuteScalar' (15ms).
2025-12-09 10:08:50.938 +01:00 [DBG] Initialized DbCommand for 'ExecuteScalar' (27ms).
2025-12-09 10:08:50.941 +01:00 [DBG] Opening connection to database 'shelter' on server '127.0.0.1'.
2025-12-09 10:08:50.975 +01:00 [DBG] Opened connection to database 'shelter' on server '127.0.0.1'.
2025-12-09 10:08:50.987 +01:00 [DBG] Executing DbCommand [Parameters=[], CommandType='"Text"', CommandTimeout='30']
SELECT CASE WHEN COUNT(*) = 0 THEN FALSE ELSE TRUE END
FROM information_schema.tables
WHERE table_type = 'BASE TABLE' AND table_schema = 'shelter'
2025-12-09 10:08:51.029 +01:00 [INF] Executed DbCommand (30ms) [Parameters=[], CommandType='"Text"', CommandTimeout='30']
SELECT CASE WHEN COUNT(*) = 0 THEN FALSE ELSE TRUE END
FROM information_schema.tables
WHERE table_type = 'BASE TABLE' AND table_schema = 'shelter'
2025-12-09 10:08:51.036 +01:00 [DBG] Closing connection to database 'shelter' on server '127.0.0.1'.
2025-12-09 10:08:51.041 +01:00 [DBG] Closed connection to database 'shelter' on server '127.0.0.1' (5ms).
2025-12-09 10:08:51.091 +01:00 [DBG] Compiling query expression: 
'DbSet<User>()
    .Any(u => u.Name == "admin")'
2025-12-09 10:08:51.397 +01:00 [DBG] Generated query execution expression: 
'queryContext => SingleQueryingEnumerable.Create<bool>(
    relationalQueryContext: (RelationalQueryContext)queryContext, 
    relationalCommandResolver: parameters => [LIFTABLE Constant: RelationalCommandCache.QueryExpression(
        Projection Mapping:
            EmptyProjectionMember -> 0
        SELECT EXISTS (
            SELECT 1
            FROM Users AS u
            WHERE u.Name == 'admin')) | Resolver: c => new RelationalCommandCache(
        c.Dependencies.MemoryCache, 
        c.RelationalDependencies.QuerySqlGeneratorFactory, 
        c.RelationalDependencies.RelationalParameterBasedSqlProcessorFactory, 
        Projection Mapping:
            EmptyProjectionMember -> 0
        SELECT EXISTS (
            SELECT 1
            FROM Users AS u
            WHERE u.Name == 'admin'), 
        False, 
        new HashSet<string>(
            new string[]{ }, 
            StringComparer.Ordinal
        )
    )].GetRelationalCommandTemplate(parameters), 
    readerColumns: null, 
    shaper: (queryContext, dataReader, resultContext, resultCoordinator) => 
    {
        bool? value1;
        value1 = dataReader.IsDBNull(0) ? default(bool?) : (bool?)dataReader.GetBoolean(0);
        return (bool)value1;
    }, 
    contextType: ValcharUtulek.Database.ShelterDbContext, 
    standAloneStateManager: False, 
    detailedErrorsEnabled: False, 
    threadSafetyChecksEnabled: True)
    .Single()'
2025-12-09 10:08:51.432 +01:00 [DBG] Opening connection to database 'shelter' on server '127.0.0.1'.
2025-12-09 10:08:51.440 +01:00 [DBG] Opened connection to database 'shelter' on server '127.0.0.1'.
2025-12-09 10:08:51.442 +01:00 [DBG] Creating DbCommand for 'ExecuteReader'.
2025-12-09 10:08:51.444 +01:00 [DBG] Created DbCommand for 'ExecuteReader' (1ms).
2025-12-09 10:08:51.445 +01:00 [DBG] Initialized DbCommand for 'ExecuteReader' (3ms).
2025-12-09 10:08:51.448 +01:00 [DBG] Executing DbCommand [Parameters=[], CommandType='"Text"', CommandTimeout='30']
SELECT EXISTS (
    SELECT 1
    FROM `Users` AS `u`
    WHERE `u`.`Name` = 'admin')
2025-12-09 10:08:51.453 +01:00 [INF] Executed DbCommand (5ms) [Parameters=[], CommandType='"Text"', CommandTimeout='30']
SELECT EXISTS (
    SELECT 1
    FROM `Users` AS `u`
    WHERE `u`.`Name` = 'admin')
2025-12-09 10:08:51.460 +01:00 [DBG] Closing data reader to 'shelter' on server '127.0.0.1'.
2025-12-09 10:08:51.463 +01:00 [DBG] A data reader for 'shelter' on server '127.0.0.1' is being disposed after spending 6ms reading results.
2025-12-09 10:08:51.466 +01:00 [DBG] Closing connection to database 'shelter' on server '127.0.0.1'.
2025-12-09 10:08:51.468 +01:00 [DBG] Closed connection to database 'shelter' on server '127.0.0.1' (1ms).
2025-12-09 10:08:51.471 +01:00 [DBG] Compiling query expression: 
'DbSet<News>()
    .Any()'
2025-12-09 10:08:51.477 +01:00 [DBG] Generated query execution expression: 
'queryContext => SingleQueryingEnumerable.Create<bool>(
    relationalQueryContext: (RelationalQueryContext)queryContext, 
    relationalCommandResolver: parameters => [LIFTABLE Constant: RelationalCommandCache.QueryExpression(
        Projection Mapping:
            EmptyProjectionMember -> 0
        SELECT EXISTS (
            SELECT 1
            FROM News AS n)) | Resolver: c => new RelationalCommandCache(
        c.Dependencies.MemoryCache, 
        c.RelationalDependencies.QuerySqlGeneratorFactory, 
        c.RelationalDependencies.RelationalParameterBasedSqlProcessorFactory, 
        Projection Mapping:
            EmptyProjectionMember -> 0
        SELECT EXISTS (
            SELECT 1
            FROM News AS n), 
        False, 
        new HashSet<string>(
            new string[]{ }, 
            StringComparer.Ordinal
        )
    )].GetRelationalCommandTemplate(parameters), 
    readerColumns: null, 
    shaper: (queryContext, dataReader, resultContext, resultCoordinator) => 
    {
        bool? value1;
        value1 = dataReader.IsDBNull(0) ? default(bool?) : (bool?)dataReader.GetBoolean(0);
        return (bool)value1;
    }, 
    contextType: ValcharUtulek.Database.ShelterDbContext, 
    standAloneStateManager: False, 
    detailedErrorsEnabled: False, 
    threadSafetyChecksEnabled: True)
    .Single()'
2025-12-09 10:08:51.480 +01:00 [DBG] Opening connection to database 'shelter' on server '127.0.0.1'.
2025-12-09 10:08:51.482 +01:00 [DBG] Opened connection to database 'shelter' on server '127.0.0.1'.
2025-12-09 10:08:51.484 +01:00 [DBG] Creating DbCommand for 'ExecuteReader'.
2025-12-09 10:08:51.486 +01:00 [DBG] Created DbCommand for 'ExecuteReader' (1ms).
2025-12-09 10:08:51.487 +01:00 [DBG] Initialized DbCommand for 'ExecuteReader' (2ms).
2025-12-09 10:08:51.489 +01:00 [DBG] Executing DbCommand [Parameters=[], CommandType='"Text"', CommandTimeout='30']
SELECT EXISTS (
    SELECT 1
    FROM `News` AS `n`)
2025-12-09 10:08:51.493 +01:00 [INF] Executed DbCommand (3ms) [Parameters=[], CommandType='"Text"', CommandTimeout='30']
SELECT EXISTS (
    SELECT 1
    FROM `News` AS `n`)
2025-12-09 10:08:51.495 +01:00 [DBG] Closing data reader to 'shelter' on server '127.0.0.1'.
2025-12-09 10:08:51.497 +01:00 [DBG] A data reader for 'shelter' on server '127.0.0.1' is being disposed after spending 1ms reading results.
2025-12-09 10:08:51.499 +01:00 [DBG] Closing connection to database 'shelter' on server '127.0.0.1'.
2025-12-09 10:08:51.501 +01:00 [DBG] Closed connection to database 'shelter' on server '127.0.0.1' (1ms).
2025-12-09 10:08:51.504 +01:00 [DBG] 'ShelterDbContext' disposed.
2025-12-09 10:08:51.507 +01:00 [DBG] Disposing connection to database 'shelter' on server '127.0.0.1'.
2025-12-09 10:08:51.509 +01:00 [DBG] Disposed connection to database 'shelter' on server '127.0.0.1' (1ms).
2025-12-09 10:08:51.575 +01:00 [DBG] Initializing Razor view compiler with compiled view: '/Views/Account/Login.cshtml'.
2025-12-09 10:08:51.576 +01:00 [DBG] Initializing Razor view compiler with compiled view: '/Views/Account/Register.cshtml'.
2025-12-09 10:08:51.578 +01:00 [DBG] Initializing Razor view compiler with compiled view: '/Views/Adoptions/Create.cshtml'.
2025-12-09 10:08:51.579 +01:00 [DBG] Initializing Razor view compiler with compiled view: '/Views/Adoptions/Delete.cshtml'.
2025-12-09 10:08:51.581 +01:00 [DBG] Initializing Razor view compiler with compiled view: '/Views/Adoptions/Details.cshtml'.
2025-12-09 10:08:51.582 +01:00 [DBG] Initializing Razor view compiler with compiled view: '/Views/Adoptions/Edit.cshtml'.
2025-12-09 10:08:51.583 +01:00 [DBG] Initializing Razor view compiler with compiled view: '/Views/Adoptions/Index.cshtml'.
2025-12-09 10:08:51.584 +01:00 [DBG] Initializing Razor view compiler with compiled view: '/Views/Gifts/Create.cshtml'.
2025-12-09 10:08:51.586 +01:00 [DBG] Initializing Razor view compiler with compiled view: '/Views/Gifts/Delete.cshtml'.
2025-12-09 10:08:51.587 +01:00 [DBG] Initializing Razor view compiler with compiled view: '/Views/Gifts/Details.cshtml'.
2025-12-09 10:08:51.588 +01:00 [DBG] Initializing Razor view compiler with compiled view: '/Views/Gifts/Edit.cshtml'.
2025-12-09 10:08:51.590 +01:00 [DBG] Initializing Razor view compiler with compiled view: '/Views/Gifts/Index.cshtml'.
2025-12-09 10:08:51.591 +01:00 [DBG] Initializing Razor view compiler with compiled view: '/Views/Home/Index.cshtml'.
2025-12-09 10:08:51.592 +01:00 [DBG] Initializing Razor view compiler with compiled view: '/Views/Home/Privacy.cshtml'.
2025-12-09 10:08:51.593 +01:00 [DBG] Initializing Razor view compiler with compiled view: '/Views/News/Create.cshtml'.
2025-12-09 10:08:51.595 +01:00 [DBG] Initializing Razor view compiler with compiled view: '/Views/News/Delete.cshtml'.
2025-12-09 10:08:51.596 +01:00 [DBG] Initializing Razor view compiler with compiled view: '/Views/News/Details.cshtml'.
2025-12-09 10:08:51.598 +01:00 [DBG] Initializing Razor view compiler with compiled view: '/Views/News/Edit.cshtml'.
2025-12-09 10:08:51.599 +01:00 [DBG] Initializing Razor view compiler with compiled view: '/Views/News/Index.cshtml'.
2025-12-09 10:08:51.600 +01:00 [DBG] Initializing Razor view compiler with compiled view: '/Views/Shared/Error.cshtml'.
2025-12-09 10:08:51.601 +01:00 [DBG] Initializing Razor view compiler with compiled view: '/Views/Shared/_ValidationScriptsPartial.cshtml'.
2025-12-09 10:08:51.603 +01:00 [DBG] Initializing Razor view compiler with compiled view: '/Views/_ViewImports.cshtml'.
2025-12-09 10:08:51.604 +01:00 [DBG] Initializing Razor view compiler with compiled view: '/Views/_ViewStart.cshtml'.
2025-12-09 10:08:51.605 +01:00 [DBG] Initializing Razor view compiler with compiled view: '/Views/Shared/_Layout.cshtml'.
2025-12-09 10:08:51.624 +01:00 [DBG] Registered model binder providers, in the following order: ["Microsoft.AspNetCore.Mvc.ModelBinding.Binders.BinderTypeModelBinderProvider","Microsoft.AspNetCore.Mvc.ModelBinding.Binders.ServicesModelBinderProvider","Microsoft.AspNetCore.Mvc.ModelBinding.Binders.BodyModelBinderProvider","Microsoft.AspNetCore.Mvc.ModelBinding.Binders.HeaderModelBinderProvider","Microsoft.AspNetCore.Mvc.ModelBinding.Binders.FloatingPointTypeModelBinderProvider","Microsoft.AspNetCore.Mvc.ModelBinding.Binders.EnumTypeModelBinderProvider","Microsoft.AspNetCore.Mvc.ModelBinding.Binders.DateTimeModelBinderProvider","Microsoft.AspNetCore.Mvc.ModelBinding.Binders.SimpleTypeModelBinderProvider","Microsoft.AspNetCore.Mvc.ModelBinding.Binders.TryParseModelBinderProvider","Microsoft.AspNetCore.Mvc.ModelBinding.Binders.CancellationTokenModelBinderProvider","Microsoft.AspNetCore.Mvc.ModelBinding.Binders.ByteArrayModelBinderProvider","Microsoft.AspNetCore.Mvc.ModelBinding.Binders.FormFileModelBinderProvider","Microsoft.AspNetCore.Mvc.ModelBinding.Binders.FormCollectionModelBinderProvider","Microsoft.AspNetCore.Mvc.ModelBinding.Binders.KeyValuePairModelBinderProvider","Microsoft.AspNetCore.Mvc.ModelBinding.Binders.DictionaryModelBinderProvider","Microsoft.AspNetCore.Mvc.ModelBinding.Binders.ArrayModelBinderProvider","Microsoft.AspNetCore.Mvc.ModelBinding.Binders.CollectionModelBinderProvider","Microsoft.AspNetCore.Mvc.ModelBinding.Binders.ComplexObjectModelBinderProvider"]
2025-12-09 10:08:51.734 +01:00 [DBG] Hosting starting
2025-12-09 10:08:51.770 +01:00 [INF] User profile is available. Using 'C:\Users\David\AppData\Local\ASP.NET\DataProtection-Keys' as key repository and Windows DPAPI to encrypt keys at rest.
2025-12-09 10:08:51.795 +01:00 [DBG] Reading data from file 'C:\Users\David\AppData\Local\ASP.NET\DataProtection-Keys\key-f5c154a5-e5b4-4c9b-b7eb-6e5e819bbbdf.xml'.
2025-12-09 10:08:51.809 +01:00 [DBG] Found key {f5c154a5-e5b4-4c9b-b7eb-6e5e819bbbdf}.
2025-12-09 10:08:51.825 +01:00 [DBG] Considering key {f5c154a5-e5b4-4c9b-b7eb-6e5e819bbbdf} with expiration date 2025-12-22 06:21:24Z as default key.
2025-12-09 10:08:51.834 +01:00 [DBG] Forwarded activator type request from Microsoft.AspNetCore.DataProtection.XmlEncryption.DpapiXmlDecryptor, Microsoft.AspNetCore.DataProtection, Version=9.0.0.0, Culture=neutral, PublicKeyToken=adb9793829ddae60 to Microsoft.AspNetCore.DataProtection.XmlEncryption.DpapiXmlDecryptor, Microsoft.AspNetCore.DataProtection, Culture=neutral, PublicKeyToken=adb9793829ddae60
2025-12-09 10:08:51.837 +01:00 [DBG] Decrypting secret element using Windows DPAPI.
2025-12-09 10:08:51.842 +01:00 [DBG] Forwarded activator type request from Microsoft.AspNetCore.DataProtection.AuthenticatedEncryption.ConfigurationModel.AuthenticatedEncryptorDescriptorDeserializer, Microsoft.AspNetCore.DataProtection, Version=9.0.0.0, Culture=neutral, PublicKeyToken=adb9793829ddae60 to Microsoft.AspNetCore.DataProtection.AuthenticatedEncryption.ConfigurationModel.AuthenticatedEncryptorDescriptorDeserializer, Microsoft.AspNetCore.DataProtection, Culture=neutral, PublicKeyToken=adb9793829ddae60
2025-12-09 10:08:51.846 +01:00 [DBG] Opening CNG algorithm 'AES' from provider 'null' with chaining mode CBC.
2025-12-09 10:08:51.849 +01:00 [DBG] Opening CNG algorithm 'SHA256' from provider 'null' with HMAC.
2025-12-09 10:08:51.853 +01:00 [DBG] Using key {f5c154a5-e5b4-4c9b-b7eb-6e5e819bbbdf} as the default key.
2025-12-09 10:08:51.857 +01:00 [DBG] Key ring with default key {f5c154a5-e5b4-4c9b-b7eb-6e5e819bbbdf} was loaded during application startup.
2025-12-09 10:08:51.872 +01:00 [DBG] Middleware loaded
2025-12-09 10:08:51.877 +01:00 [DBG] Middleware loaded. Script /_framework/aspnetcore-browser-refresh.js (16511 B).
2025-12-09 10:08:51.879 +01:00 [DBG] Middleware loaded. Script /_framework/blazor-hotreload.js (799 B).
2025-12-09 10:08:51.952 +01:00 [DBG] Middleware configuration started with options: {AllowedHosts = *, AllowEmptyHosts = True, IncludeFailureMessage = True}
2025-12-09 10:08:51.956 +01:00 [DBG] Wildcard detected, all requests with hosts will be allowed.
2025-12-09 10:08:51.969 +01:00 [DBG] Middleware loaded: DOTNET_MODIFIABLE_ASSEMBLIES=debug, __ASPNETCORE_BROWSER_TOOLS=true
2025-12-09 10:08:52.097 +01:00 [INF] Now listening on: https://localhost:7079
2025-12-09 10:08:52.099 +01:00 [INF] Now listening on: http://localhost:5048
2025-12-09 10:08:52.100 +01:00 [DBG] Loaded hosting startup assembly ValcharUtulek
2025-12-09 10:08:52.102 +01:00 [DBG] Loaded hosting startup assembly Microsoft.WebTools.ApiEndpointDiscovery
2025-12-09 10:08:52.103 +01:00 [DBG] Loaded hosting startup assembly Microsoft.AspNetCore.Watch.BrowserRefresh
2025-12-09 10:08:52.104 +01:00 [DBG] Loaded hosting startup assembly Microsoft.WebTools.BrowserLink.Net
2025-12-09 10:08:52.117 +01:00 [DBG] Executing API description provider 'EndpointMetadataApiDescriptionProvider' from assembly Microsoft.AspNetCore.Mvc.ApiExplorer v9.0.0.0.
2025-12-09 10:08:52.120 +01:00 [DBG] Executing API description provider 'DefaultApiDescriptionProvider' from assembly Microsoft.AspNetCore.Mvc.ApiExplorer v9.0.0.0.
2025-12-09 10:08:52.212 +01:00 [INF] Application started. Press Ctrl+C to shut down.
2025-12-09 10:08:52.213 +01:00 [INF] Hosting environment: Development
2025-12-09 10:08:52.215 +01:00 [INF] Content root path: C:\Users\David\source\repos\ValcharUtulek\ValcharUtulek
2025-12-09 10:08:52.216 +01:00 [DBG] Hosting started
2025-12-09 10:08:52.270 +01:00 [DBG] Connection id "0HNHN0A9A2KNO" accepted.
2025-12-09 10:08:52.270 +01:00 [DBG] Connection id "0HNHN0A9A2KNP" accepted.
2025-12-09 10:08:52.270 +01:00 [DBG] Connection id "0HNHN0A9A2KNO" received FIN.
2025-12-09 10:08:52.270 +01:00 [DBG] Connection id "0HNHN0A9A2KNP" received FIN.
2025-12-09 10:08:52.282 +01:00 [DBG] Connection id "0HNHN0A9A2KNP" started.
2025-12-09 10:08:52.282 +01:00 [DBG] Connection id "0HNHN0A9A2KNO" started.
2025-12-09 10:08:52.304 +01:00 [DBG] Failed to authenticate HTTPS connection.
System.IO.IOException: Received an unexpected EOF or 0 bytes from the transport stream.
   at System.Net.Security.SslStream.ReceiveHandshakeFrameAsync[TIOAdapter](CancellationToken cancellationToken)
   at System.Net.Security.SslStream.ForceAuthenticationAsync[TIOAdapter](Boolean receiveFirst, Byte[] reAuthenticationData, CancellationToken cancellationToken)
   at System.Net.Security.SslStream.ProcessAuthenticationWithTelemetryAsync(Boolean isAsync, CancellationToken cancellationToken)
   at Microsoft.AspNetCore.Server.Kestrel.Https.Internal.HttpsConnectionMiddleware.OnConnectionAsync(ConnectionContext context)
2025-12-09 10:08:52.304 +01:00 [DBG] Failed to authenticate HTTPS connection.
System.IO.IOException: Received an unexpected EOF or 0 bytes from the transport stream.
   at System.Net.Security.SslStream.ReceiveHandshakeFrameAsync[TIOAdapter](CancellationToken cancellationToken)
   at System.Net.Security.SslStream.ForceAuthenticationAsync[TIOAdapter](Boolean receiveFirst, Byte[] reAuthenticationData, CancellationToken cancellationToken)
   at System.Net.Security.SslStream.ProcessAuthenticationWithTelemetryAsync(Boolean isAsync, CancellationToken cancellationToken)
   at Microsoft.AspNetCore.Server.Kestrel.Https.Internal.HttpsConnectionMiddleware.OnConnectionAsync(ConnectionContext context)
2025-12-09 10:08:52.344 +01:00 [DBG] Connection id "0HNHN0A9A2KNO" stopped.
2025-12-09 10:08:52.344 +01:00 [DBG] Connection id "0HNHN0A9A2KNP" stopped.
2025-12-09 10:08:52.350 +01:00 [DBG] Connection id "0HNHN0A9A2KNO" sending FIN because: "The Socket transport's send loop completed gracefully."
2025-12-09 10:08:52.350 +01:00 [DBG] Connection id "0HNHN0A9A2KNP" sending FIN because: "The Socket transport's send loop completed gracefully."
2025-12-09 10:08:52.958 +01:00 [DBG] Connection id "0HNHN0A9A2KNQ" accepted.
2025-12-09 10:08:52.961 +01:00 [DBG] Connection id "0HNHN0A9A2KNQ" started.
2025-12-09 10:08:52.984 +01:00 [DBG] Connection 0HNHN0A9A2KNQ established using the following protocol: "Tls13"
2025-12-09 10:08:53.075 +01:00 [INF] Request starting HTTP/2 GET https://localhost:7079/ - null null
2025-12-09 10:08:53.208 +01:00 [DBG] The request path / does not match a supported file type
2025-12-09 10:08:53.240 +01:00 [DBG] 1 candidate(s) found for the request path '/'
2025-12-09 10:08:53.243 +01:00 [DBG] Endpoint 'ValcharUtulek.Controllers.HomeController.Index (ValcharUtulek)' with route pattern '{controller=Home}/{action=Index}/{id?}' is valid for the request path '/'
2025-12-09 10:08:53.246 +01:00 [DBG] Request matched endpoint 'ValcharUtulek.Controllers.HomeController.Index (ValcharUtulek)'
2025-12-09 10:08:53.277 +01:00 [DBG] AuthenticationScheme: Cookies was successfully authenticated.
2025-12-09 10:08:53.282 +01:00 [INF] Executing endpoint 'ValcharUtulek.Controllers.HomeController.Index (ValcharUtulek)'
2025-12-09 10:08:53.298 +01:00 [INF] Route matched with {action = "Index", controller = "Home"}. Executing controller action with signature Microsoft.AspNetCore.Mvc.IActionResult Index() on controller ValcharUtulek.Controllers.HomeController (ValcharUtulek).
2025-12-09 10:08:53.303 +01:00 [DBG] Execution plan of authorization filters (in the following order): ["None"]
2025-12-09 10:08:53.306 +01:00 [DBG] Execution plan of resource filters (in the following order): ["Microsoft.AspNetCore.Mvc.ViewFeatures.Filters.SaveTempDataFilter"]
2025-12-09 10:08:53.309 +01:00 [DBG] Execution plan of action filters (in the following order): ["Microsoft.AspNetCore.Mvc.Filters.ControllerActionFilter (Order: -2147483648)","Microsoft.AspNetCore.Mvc.ModelBinding.UnsupportedContentTypeFilter (Order: -3000)"]
2025-12-09 10:08:53.312 +01:00 [DBG] Execution plan of exception filters (in the following order): ["None"]
2025-12-09 10:08:53.314 +01:00 [DBG] Execution plan of result filters (in the following order): ["Microsoft.AspNetCore.Mvc.ViewFeatures.Filters.SaveTempDataFilter"]
2025-12-09 10:08:53.319 +01:00 [DBG] Executing controller factory for controller ValcharUtulek.Controllers.HomeController (ValcharUtulek)
2025-12-09 10:08:53.323 +01:00 [DBG] Executed controller factory for controller ValcharUtulek.Controllers.HomeController (ValcharUtulek)
2025-12-09 10:08:53.333 +01:00 [DBG] View lookup cache miss for view 'Index' in controller 'Home'.
2025-12-09 10:08:53.344 +01:00 [INF] Executing ViewResult, running view Index.
2025-12-09 10:08:53.350 +01:00 [DBG] The view path '/Views/Home/Index.cshtml' was found in 13.8329ms.
2025-12-09 10:08:53.385 +01:00 [DBG] View lookup cache miss for view '_Layout' in controller 'Home'.
2025-12-09 10:08:53.469 +01:00 [DBG] Found the endpoints ["Route: {controller=Home}/{action=Index}/{id?}"] for address (action=[Logout],controller=[Account])
2025-12-09 10:08:53.475 +01:00 [DBG] Successfully processed template {controller=Home}/{action=Index}/{id?} for Route: {controller=Home}/{action=Index}/{id?} resulting in /Account/Logout and 
2025-12-09 10:08:53.479 +01:00 [DBG] Link generation succeeded for endpoints ["Route: {controller=Home}/{action=Index}/{id?}"] with result /Account/Logout
2025-12-09 10:08:53.489 +01:00 [DBG] An antiforgery cookie token was reused.
2025-12-09 10:08:53.503 +01:00 [DBG] Response markup is scheduled to include Browser Link script injection.
2025-12-09 10:08:53.512 +01:00 [DBG] Response markup is scheduled to include browser refresh script injection.
2025-12-09 10:08:53.521 +01:00 [INF] Executed ViewResult - view Index executed in 188.5326ms.
2025-12-09 10:08:53.525 +01:00 [INF] Executed action ValcharUtulek.Controllers.HomeController.Index (ValcharUtulek) in 208.3094ms
2025-12-09 10:08:53.528 +01:00 [INF] Executed endpoint 'ValcharUtulek.Controllers.HomeController.Index (ValcharUtulek)'
2025-12-09 10:08:53.531 +01:00 [DBG] Response markup was updated to include Browser Link script injection.
2025-12-09 10:08:53.533 +01:00 [DBG] Response markup was updated to include browser refresh script injection.
2025-12-09 10:08:53.541 +01:00 [INF] Request finished HTTP/2 GET https://localhost:7079/ - 200 null text/html; charset=utf-8 478.4218ms
2025-12-09 10:08:53.592 +01:00 [INF] Request starting HTTP/2 GET https://localhost:7079/css/site.css?v=iabBAHNTKZtOxwGRwVpXWEEYgdUCwG-6BI3d3a4Xz8g - null null
2025-12-09 10:08:53.603 +01:00 [INF] Request starting HTTP/2 GET https://localhost:7079/_framework/aspnetcore-browser-refresh.js - null null
2025-12-09 10:08:53.609 +01:00 [INF] Sending file. Request path: '/css/site.css'. Physical path: 'C:\Users\David\source\repos\ValcharUtulek\ValcharUtulek\wwwroot\css\site.css'
2025-12-09 10:08:53.612 +01:00 [INF] Request finished HTTP/2 GET https://localhost:7079/css/site.css?v=iabBAHNTKZtOxwGRwVpXWEEYgdUCwG-6BI3d3a4Xz8g - 200 3588 text/css 20.5338ms
2025-12-09 10:08:53.619 +01:00 [INF] Request starting HTTP/2 GET https://localhost:7079/_vs/browserLink - null null
2025-12-09 10:08:53.654 +01:00 [DBG] Script injected: /_framework/aspnetcore-browser-refresh.js
2025-12-09 10:08:53.658 +01:00 [INF] Request finished HTTP/2 GET https://localhost:7079/_framework/aspnetcore-browser-refresh.js - 200 16511 application/javascript; charset=utf-8 55.1307ms
2025-12-09 10:08:53.703 +01:00 [INF] Request finished HTTP/2 GET https://localhost:7079/_vs/browserLink - 200 null text/javascript; charset=UTF-8 84.3249ms
2025-12-09 10:09:11.174 +01:00 [INF] Request starting HTTP/2 GET https://localhost:7079/User - null null
2025-12-09 10:09:11.184 +01:00 [DBG] The request path /User does not match a supported file type
2025-12-09 10:09:11.189 +01:00 [DBG] No candidates found for the request path '/User'
2025-12-09 10:09:11.190 +01:00 [DBG] Request did not match any endpoints
2025-12-09 10:09:11.193 +01:00 [DBG] AuthenticationScheme: Cookies was successfully authenticated.
2025-12-09 10:09:11.195 +01:00 [INF] Request finished HTTP/2 GET https://localhost:7079/User - 404 0 null 21.3055ms
2025-12-09 10:09:11.200 +01:00 [INF] Request reached the end of the middleware pipeline without being handled by application code. Request path: GET https://localhost:7079/User, Response status code: 404
2025-12-09 10:09:12.628 +01:00 [INF] Request starting HTTP/2 GET https://localhost:7079/ - null null
2025-12-09 10:09:12.635 +01:00 [DBG] The request path / does not match a supported file type
2025-12-09 10:09:12.637 +01:00 [DBG] 1 candidate(s) found for the request path '/'
2025-12-09 10:09:12.639 +01:00 [DBG] Endpoint 'ValcharUtulek.Controllers.HomeController.Index (ValcharUtulek)' with route pattern '{controller=Home}/{action=Index}/{id?}' is valid for the request path '/'
2025-12-09 10:09:12.640 +01:00 [DBG] Request matched endpoint 'ValcharUtulek.Controllers.HomeController.Index (ValcharUtulek)'
2025-12-09 10:09:12.645 +01:00 [DBG] AuthenticationScheme: Cookies was successfully authenticated.
2025-12-09 10:09:12.647 +01:00 [INF] Executing endpoint 'ValcharUtulek.Controllers.HomeController.Index (ValcharUtulek)'
2025-12-09 10:09:12.649 +01:00 [INF] Route matched with {action = "Index", controller = "Home"}. Executing controller action with signature Microsoft.AspNetCore.Mvc.IActionResult Index() on controller ValcharUtulek.Controllers.HomeController (ValcharUtulek).
2025-12-09 10:09:12.651 +01:00 [DBG] Execution plan of authorization filters (in the following order): ["None"]
2025-12-09 10:09:12.653 +01:00 [DBG] Execution plan of resource filters (in the following order): ["Microsoft.AspNetCore.Mvc.ViewFeatures.Filters.SaveTempDataFilter"]
2025-12-09 10:09:12.655 +01:00 [DBG] Execution plan of action filters (in the following order): ["Microsoft.AspNetCore.Mvc.Filters.ControllerActionFilter (Order: -2147483648)","Microsoft.AspNetCore.Mvc.ModelBinding.UnsupportedContentTypeFilter (Order: -3000)"]
2025-12-09 10:09:12.657 +01:00 [DBG] Execution plan of exception filters (in the following order): ["None"]
2025-12-09 10:09:12.659 +01:00 [DBG] Execution plan of result filters (in the following order): ["Microsoft.AspNetCore.Mvc.ViewFeatures.Filters.SaveTempDataFilter"]
2025-12-09 10:09:12.661 +01:00 [DBG] Executing controller factory for controller ValcharUtulek.Controllers.HomeController (ValcharUtulek)
2025-12-09 10:09:12.663 +01:00 [DBG] Executed controller factory for controller ValcharUtulek.Controllers.HomeController (ValcharUtulek)
2025-12-09 10:09:12.666 +01:00 [DBG] View lookup cache hit for view 'Index' in controller 'Home'.
2025-12-09 10:09:12.667 +01:00 [INF] Executing ViewResult, running view Index.
2025-12-09 10:09:12.669 +01:00 [DBG] The view path '/Views/Home/Index.cshtml' was found in 3.2396ms.
2025-12-09 10:09:12.671 +01:00 [DBG] View lookup cache hit for view '_Layout' in controller 'Home'.
2025-12-09 10:09:12.675 +01:00 [DBG] Found the endpoints ["Route: {controller=Home}/{action=Index}/{id?}"] for address (action=[Logout],controller=[Account])
2025-12-09 10:09:12.678 +01:00 [DBG] Successfully processed template {controller=Home}/{action=Index}/{id?} for Route: {controller=Home}/{action=Index}/{id?} resulting in /Account/Logout and 
2025-12-09 10:09:12.680 +01:00 [DBG] Link generation succeeded for endpoints ["Route: {controller=Home}/{action=Index}/{id?}"] with result /Account/Logout
2025-12-09 10:09:12.682 +01:00 [DBG] An antiforgery cookie token was reused.
2025-12-09 10:09:12.684 +01:00 [DBG] Response markup is scheduled to include Browser Link script injection.
2025-12-09 10:09:12.685 +01:00 [DBG] Response markup is scheduled to include browser refresh script injection.
2025-12-09 10:09:12.686 +01:00 [INF] Executed ViewResult - view Index executed in 20.1997ms.
2025-12-09 10:09:12.687 +01:00 [INF] Executed action ValcharUtulek.Controllers.HomeController.Index (ValcharUtulek) in 26.1762ms
2025-12-09 10:09:12.689 +01:00 [INF] Executed endpoint 'ValcharUtulek.Controllers.HomeController.Index (ValcharUtulek)'
2025-12-09 10:09:12.691 +01:00 [DBG] Response markup was updated to include Browser Link script injection.
2025-12-09 10:09:12.692 +01:00 [DBG] Response markup was updated to include browser refresh script injection.
2025-12-09 10:09:12.693 +01:00 [INF] Request finished HTTP/2 GET https://localhost:7079/ - 200 null text/html; charset=utf-8 64.8297ms
2025-12-09 10:09:12.747 +01:00 [INF] Request starting HTTP/2 GET https://localhost:7079/_framework/aspnetcore-browser-refresh.js - null null
2025-12-09 10:09:12.752 +01:00 [DBG] Script injected: /_framework/aspnetcore-browser-refresh.js
2025-12-09 10:09:12.753 +01:00 [INF] Request finished HTTP/2 GET https://localhost:7079/_framework/aspnetcore-browser-refresh.js - 200 16511 application/javascript; charset=utf-8 6.5423ms
2025-12-09 10:16:18.545 +01:00 [INF] Starting web application
2025-12-09 10:16:19.912 +01:00 [DBG] An 'IServiceProvider' was created for internal use by Entity Framework.
2025-12-09 10:16:20.434 +01:00 [DBG] Entity Framework Core 9.0.10 initialized 'ShelterDbContext' using provider 'Pomelo.EntityFrameworkCore.MySql:9.0.0' with options: ParameterizedCollectionTranslationMode=Constantize ServerVersion=8.0.44-mysql 
2025-12-09 10:16:20.460 +01:00 [DBG] Creating DbConnection.
2025-12-09 10:16:20.466 +01:00 [DBG] Created DbConnection. (3ms).
2025-12-09 10:16:20.477 +01:00 [DBG] Opening connection to database '' on server '127.0.0.1'.
2025-12-09 10:16:20.519 +01:00 [DBG] Opened connection to database '' on server '127.0.0.1'.
2025-12-09 10:16:20.524 +01:00 [DBG] Creating DbConnection.
2025-12-09 10:16:20.525 +01:00 [DBG] Created DbConnection. (1ms).
2025-12-09 10:16:20.577 +01:00 [DBG] Disposing connection to database '' on server '127.0.0.1'.
2025-12-09 10:16:20.584 +01:00 [DBG] Disposed connection to database '' on server '127.0.0.1' (2ms).
2025-12-09 10:16:20.598 +01:00 [DBG] Creating DbCommand for 'ExecuteScalar'.
2025-12-09 10:16:20.603 +01:00 [DBG] Created DbCommand for 'ExecuteScalar' (5ms).
2025-12-09 10:16:20.606 +01:00 [DBG] Initialized DbCommand for 'ExecuteScalar' (11ms).
2025-12-09 10:16:20.608 +01:00 [DBG] Opening connection to database 'shelter' on server '127.0.0.1'.
2025-12-09 10:16:20.631 +01:00 [DBG] Opened connection to database 'shelter' on server '127.0.0.1'.
2025-12-09 10:16:20.641 +01:00 [DBG] Executing DbCommand [Parameters=[], CommandType='"Text"', CommandTimeout='30']
SELECT CASE WHEN COUNT(*) = 0 THEN FALSE ELSE TRUE END
FROM information_schema.tables
WHERE table_type = 'BASE TABLE' AND table_schema = 'shelter'
2025-12-09 10:16:20.673 +01:00 [INF] Executed DbCommand (24ms) [Parameters=[], CommandType='"Text"', CommandTimeout='30']
SELECT CASE WHEN COUNT(*) = 0 THEN FALSE ELSE TRUE END
FROM information_schema.tables
WHERE table_type = 'BASE TABLE' AND table_schema = 'shelter'
2025-12-09 10:16:20.679 +01:00 [DBG] Closing connection to database 'shelter' on server '127.0.0.1'.
2025-12-09 10:16:20.684 +01:00 [DBG] Closed connection to database 'shelter' on server '127.0.0.1' (5ms).
2025-12-09 10:16:20.725 +01:00 [DBG] Compiling query expression: 
'DbSet<User>()
    .Any(u => u.Name == "admin")'
2025-12-09 10:16:20.996 +01:00 [DBG] Generated query execution expression: 
'queryContext => SingleQueryingEnumerable.Create<bool>(
    relationalQueryContext: (RelationalQueryContext)queryContext, 
    relationalCommandResolver: parameters => [LIFTABLE Constant: RelationalCommandCache.QueryExpression(
        Projection Mapping:
            EmptyProjectionMember -> 0
        SELECT EXISTS (
            SELECT 1
            FROM Users AS u
            WHERE u.Name == 'admin')) | Resolver: c => new RelationalCommandCache(
        c.Dependencies.MemoryCache, 
        c.RelationalDependencies.QuerySqlGeneratorFactory, 
        c.RelationalDependencies.RelationalParameterBasedSqlProcessorFactory, 
        Projection Mapping:
            EmptyProjectionMember -> 0
        SELECT EXISTS (
            SELECT 1
            FROM Users AS u
            WHERE u.Name == 'admin'), 
        False, 
        new HashSet<string>(
            new string[]{ }, 
            StringComparer.Ordinal
        )
    )].GetRelationalCommandTemplate(parameters), 
    readerColumns: null, 
    shaper: (queryContext, dataReader, resultContext, resultCoordinator) => 
    {
        bool? value1;
        value1 = dataReader.IsDBNull(0) ? default(bool?) : (bool?)dataReader.GetBoolean(0);
        return (bool)value1;
    }, 
    contextType: ValcharUtulek.Database.ShelterDbContext, 
    standAloneStateManager: False, 
    detailedErrorsEnabled: False, 
    threadSafetyChecksEnabled: True)
    .Single()'
2025-12-09 10:16:21.027 +01:00 [DBG] Opening connection to database 'shelter' on server '127.0.0.1'.
2025-12-09 10:16:21.034 +01:00 [DBG] Opened connection to database 'shelter' on server '127.0.0.1'.
2025-12-09 10:16:21.037 +01:00 [DBG] Creating DbCommand for 'ExecuteReader'.
2025-12-09 10:16:21.038 +01:00 [DBG] Created DbCommand for 'ExecuteReader' (1ms).
2025-12-09 10:16:21.040 +01:00 [DBG] Initialized DbCommand for 'ExecuteReader' (3ms).
2025-12-09 10:16:21.042 +01:00 [DBG] Executing DbCommand [Parameters=[], CommandType='"Text"', CommandTimeout='30']
SELECT EXISTS (
    SELECT 1
    FROM `Users` AS `u`
    WHERE `u`.`Name` = 'admin')
2025-12-09 10:16:21.047 +01:00 [INF] Executed DbCommand (5ms) [Parameters=[], CommandType='"Text"', CommandTimeout='30']
SELECT EXISTS (
    SELECT 1
    FROM `Users` AS `u`
    WHERE `u`.`Name` = 'admin')
2025-12-09 10:16:21.053 +01:00 [DBG] Closing data reader to 'shelter' on server '127.0.0.1'.
2025-12-09 10:16:21.057 +01:00 [DBG] A data reader for 'shelter' on server '127.0.0.1' is being disposed after spending 5ms reading results.
2025-12-09 10:16:21.062 +01:00 [DBG] Closing connection to database 'shelter' on server '127.0.0.1'.
2025-12-09 10:16:21.063 +01:00 [DBG] Closed connection to database 'shelter' on server '127.0.0.1' (1ms).
2025-12-09 10:16:21.067 +01:00 [DBG] Compiling query expression: 
'DbSet<News>()
    .Any()'
2025-12-09 10:16:21.072 +01:00 [DBG] Generated query execution expression: 
'queryContext => SingleQueryingEnumerable.Create<bool>(
    relationalQueryContext: (RelationalQueryContext)queryContext, 
    relationalCommandResolver: parameters => [LIFTABLE Constant: RelationalCommandCache.QueryExpression(
        Projection Mapping:
            EmptyProjectionMember -> 0
        SELECT EXISTS (
            SELECT 1
            FROM News AS n)) | Resolver: c => new RelationalCommandCache(
        c.Dependencies.MemoryCache, 
        c.RelationalDependencies.QuerySqlGeneratorFactory, 
        c.RelationalDependencies.RelationalParameterBasedSqlProcessorFactory, 
        Projection Mapping:
            EmptyProjectionMember -> 0
        SELECT EXISTS (
            SELECT 1
            FROM News AS n), 
        False, 
        new HashSet<string>(
            new string[]{ }, 
            StringComparer.Ordinal
        )
    )].GetRelationalCommandTemplate(parameters), 
    readerColumns: null, 
    shaper: (queryContext, dataReader, resultContext, resultCoordinator) => 
    {
        bool? value1;
        value1 = dataReader.IsDBNull(0) ? default(bool?) : (bool?)dataReader.GetBoolean(0);
        return (bool)value1;
    }, 
    contextType: ValcharUtulek.Database.ShelterDbContext, 
    standAloneStateManager: False, 
    detailedErrorsEnabled: False, 
    threadSafetyChecksEnabled: True)
    .Single()'
2025-12-09 10:16:21.075 +01:00 [DBG] Opening connection to database 'shelter' on server '127.0.0.1'.
2025-12-09 10:16:21.077 +01:00 [DBG] Opened connection to database 'shelter' on server '127.0.0.1'.
2025-12-09 10:16:21.079 +01:00 [DBG] Creating DbCommand for 'ExecuteReader'.
2025-12-09 10:16:21.080 +01:00 [DBG] Created DbCommand for 'ExecuteReader' (1ms).
2025-12-09 10:16:21.082 +01:00 [DBG] Initialized DbCommand for 'ExecuteReader' (2ms).
2025-12-09 10:16:21.083 +01:00 [DBG] Executing DbCommand [Parameters=[], CommandType='"Text"', CommandTimeout='30']
SELECT EXISTS (
    SELECT 1
    FROM `News` AS `n`)
2025-12-09 10:16:21.086 +01:00 [INF] Executed DbCommand (3ms) [Parameters=[], CommandType='"Text"', CommandTimeout='30']
SELECT EXISTS (
    SELECT 1
    FROM `News` AS `n`)
2025-12-09 10:16:21.090 +01:00 [DBG] Closing data reader to 'shelter' on server '127.0.0.1'.
2025-12-09 10:16:21.092 +01:00 [DBG] A data reader for 'shelter' on server '127.0.0.1' is being disposed after spending 1ms reading results.
2025-12-09 10:16:21.094 +01:00 [DBG] Closing connection to database 'shelter' on server '127.0.0.1'.
2025-12-09 10:16:21.096 +01:00 [DBG] Closed connection to database 'shelter' on server '127.0.0.1' (1ms).
2025-12-09 10:16:21.099 +01:00 [DBG] 'ShelterDbContext' disposed.
2025-12-09 10:16:21.102 +01:00 [DBG] Disposing connection to database 'shelter' on server '127.0.0.1'.
2025-12-09 10:16:21.104 +01:00 [DBG] Disposed connection to database 'shelter' on server '127.0.0.1' (2ms).
2025-12-09 10:16:21.163 +01:00 [DBG] Initializing Razor view compiler with compiled view: '/Views/Account/Login.cshtml'.
2025-12-09 10:16:21.166 +01:00 [DBG] Initializing Razor view compiler with compiled view: '/Views/Account/Register.cshtml'.
2025-12-09 10:16:21.167 +01:00 [DBG] Initializing Razor view compiler with compiled view: '/Views/Adoptions/Create.cshtml'.
2025-12-09 10:16:21.168 +01:00 [DBG] Initializing Razor view compiler with compiled view: '/Views/Adoptions/Delete.cshtml'.
2025-12-09 10:16:21.170 +01:00 [DBG] Initializing Razor view compiler with compiled view: '/Views/Adoptions/Details.cshtml'.
2025-12-09 10:16:21.171 +01:00 [DBG] Initializing Razor view compiler with compiled view: '/Views/Adoptions/Edit.cshtml'.
2025-12-09 10:16:21.172 +01:00 [DBG] Initializing Razor view compiler with compiled view: '/Views/Adoptions/Index.cshtml'.
2025-12-09 10:16:21.173 +01:00 [DBG] Initializing Razor view compiler with compiled view: '/Views/Gifts/Create.cshtml'.
2025-12-09 10:16:21.175 +01:00 [DBG] Initializing Razor view compiler with compiled view: '/Views/Gifts/Delete.cshtml'.
2025-12-09 10:16:21.176 +01:00 [DBG] Initializing Razor view compiler with compiled view: '/Views/Gifts/Details.cshtml'.
2025-12-09 10:16:21.177 +01:00 [DBG] Initializing Razor view compiler with compiled view: '/Views/Gifts/Edit.cshtml'.
2025-12-09 10:16:21.179 +01:00 [DBG] Initializing Razor view compiler with compiled view: '/Views/Gifts/Index.cshtml'.
2025-12-09 10:16:21.180 +01:00 [DBG] Initializing Razor view compiler with compiled view: '/Views/Home/Index.cshtml'.
2025-12-09 10:16:21.181 +01:00 [DBG] Initializing Razor view compiler with compiled view: '/Views/Home/Privacy.cshtml'.
2025-12-09 10:16:21.183 +01:00 [DBG] Initializing Razor view compiler with compiled view: '/Views/News/Create.cshtml'.
2025-12-09 10:16:21.184 +01:00 [DBG] Initializing Razor view compiler with compiled view: '/Views/News/Delete.cshtml'.
2025-12-09 10:16:21.186 +01:00 [DBG] Initializing Razor view compiler with compiled view: '/Views/News/Details.cshtml'.
2025-12-09 10:16:21.187 +01:00 [DBG] Initializing Razor view compiler with compiled view: '/Views/News/Edit.cshtml'.
2025-12-09 10:16:21.188 +01:00 [DBG] Initializing Razor view compiler with compiled view: '/Views/News/Index.cshtml'.
2025-12-09 10:16:21.190 +01:00 [DBG] Initializing Razor view compiler with compiled view: '/Views/Shared/Error.cshtml'.
2025-12-09 10:16:21.191 +01:00 [DBG] Initializing Razor view compiler with compiled view: '/Views/Shared/_ValidationScriptsPartial.cshtml'.
2025-12-09 10:16:21.193 +01:00 [DBG] Initializing Razor view compiler with compiled view: '/Views/Users/Index.cshtml'.
2025-12-09 10:16:21.194 +01:00 [DBG] Initializing Razor view compiler with compiled view: '/Views/_ViewImports.cshtml'.
2025-12-09 10:16:21.199 +01:00 [DBG] Initializing Razor view compiler with compiled view: '/Views/_ViewStart.cshtml'.
2025-12-09 10:16:21.200 +01:00 [DBG] Initializing Razor view compiler with compiled view: '/Views/Shared/_Layout.cshtml'.
2025-12-09 10:16:21.217 +01:00 [DBG] Registered model binder providers, in the following order: ["Microsoft.AspNetCore.Mvc.ModelBinding.Binders.BinderTypeModelBinderProvider","Microsoft.AspNetCore.Mvc.ModelBinding.Binders.ServicesModelBinderProvider","Microsoft.AspNetCore.Mvc.ModelBinding.Binders.BodyModelBinderProvider","Microsoft.AspNetCore.Mvc.ModelBinding.Binders.HeaderModelBinderProvider","Microsoft.AspNetCore.Mvc.ModelBinding.Binders.FloatingPointTypeModelBinderProvider","Microsoft.AspNetCore.Mvc.ModelBinding.Binders.EnumTypeModelBinderProvider","Microsoft.AspNetCore.Mvc.ModelBinding.Binders.DateTimeModelBinderProvider","Microsoft.AspNetCore.Mvc.ModelBinding.Binders.SimpleTypeModelBinderProvider","Microsoft.AspNetCore.Mvc.ModelBinding.Binders.TryParseModelBinderProvider","Microsoft.AspNetCore.Mvc.ModelBinding.Binders.CancellationTokenModelBinderProvider","Microsoft.AspNetCore.Mvc.ModelBinding.Binders.ByteArrayModelBinderProvider","Microsoft.AspNetCore.Mvc.ModelBinding.Binders.FormFileModelBinderProvider","Microsoft.AspNetCore.Mvc.ModelBinding.Binders.FormCollectionModelBinderProvider","Microsoft.AspNetCore.Mvc.ModelBinding.Binders.KeyValuePairModelBinderProvider","Microsoft.AspNetCore.Mvc.ModelBinding.Binders.DictionaryModelBinderProvider","Microsoft.AspNetCore.Mvc.ModelBinding.Binders.ArrayModelBinderProvider","Microsoft.AspNetCore.Mvc.ModelBinding.Binders.CollectionModelBinderProvider","Microsoft.AspNetCore.Mvc.ModelBinding.Binders.ComplexObjectModelBinderProvider"]
2025-12-09 10:16:21.305 +01:00 [DBG] Hosting starting
2025-12-09 10:16:21.344 +01:00 [INF] User profile is available. Using 'C:\Users\David\AppData\Local\ASP.NET\DataProtection-Keys' as key repository and Windows DPAPI to encrypt keys at rest.
2025-12-09 10:16:21.369 +01:00 [DBG] Reading data from file 'C:\Users\David\AppData\Local\ASP.NET\DataProtection-Keys\key-f5c154a5-e5b4-4c9b-b7eb-6e5e819bbbdf.xml'.
2025-12-09 10:16:21.382 +01:00 [DBG] Found key {f5c154a5-e5b4-4c9b-b7eb-6e5e819bbbdf}.
2025-12-09 10:16:21.395 +01:00 [DBG] Considering key {f5c154a5-e5b4-4c9b-b7eb-6e5e819bbbdf} with expiration date 2025-12-22 06:21:24Z as default key.
2025-12-09 10:16:21.403 +01:00 [DBG] Forwarded activator type request from Microsoft.AspNetCore.DataProtection.XmlEncryption.DpapiXmlDecryptor, Microsoft.AspNetCore.DataProtection, Version=9.0.0.0, Culture=neutral, PublicKeyToken=adb9793829ddae60 to Microsoft.AspNetCore.DataProtection.XmlEncryption.DpapiXmlDecryptor, Microsoft.AspNetCore.DataProtection, Culture=neutral, PublicKeyToken=adb9793829ddae60
2025-12-09 10:16:21.405 +01:00 [DBG] Decrypting secret element using Windows DPAPI.
2025-12-09 10:16:21.411 +01:00 [DBG] Forwarded activator type request from Microsoft.AspNetCore.DataProtection.AuthenticatedEncryption.ConfigurationModel.AuthenticatedEncryptorDescriptorDeserializer, Microsoft.AspNetCore.DataProtection, Version=9.0.0.0, Culture=neutral, PublicKeyToken=adb9793829ddae60 to Microsoft.AspNetCore.DataProtection.AuthenticatedEncryption.ConfigurationModel.AuthenticatedEncryptorDescriptorDeserializer, Microsoft.AspNetCore.DataProtection, Culture=neutral, PublicKeyToken=adb9793829ddae60
2025-12-09 10:16:21.418 +01:00 [DBG] Opening CNG algorithm 'AES' from provider 'null' with chaining mode CBC.
2025-12-09 10:16:21.421 +01:00 [DBG] Opening CNG algorithm 'SHA256' from provider 'null' with HMAC.
2025-12-09 10:16:21.426 +01:00 [DBG] Using key {f5c154a5-e5b4-4c9b-b7eb-6e5e819bbbdf} as the default key.
2025-12-09 10:16:21.429 +01:00 [DBG] Key ring with default key {f5c154a5-e5b4-4c9b-b7eb-6e5e819bbbdf} was loaded during application startup.
2025-12-09 10:16:21.443 +01:00 [DBG] Middleware loaded
2025-12-09 10:16:21.447 +01:00 [DBG] Middleware loaded. Script /_framework/aspnetcore-browser-refresh.js (16511 B).
2025-12-09 10:16:21.450 +01:00 [DBG] Middleware loaded. Script /_framework/blazor-hotreload.js (799 B).
2025-12-09 10:16:21.513 +01:00 [DBG] Middleware configuration started with options: {AllowedHosts = *, AllowEmptyHosts = True, IncludeFailureMessage = True}
2025-12-09 10:16:21.516 +01:00 [DBG] Wildcard detected, all requests with hosts will be allowed.
2025-12-09 10:16:21.531 +01:00 [DBG] Middleware loaded: DOTNET_MODIFIABLE_ASSEMBLIES=debug, __ASPNETCORE_BROWSER_TOOLS=true
2025-12-09 10:16:21.622 +01:00 [INF] Now listening on: https://localhost:7079
2025-12-09 10:16:21.625 +01:00 [INF] Now listening on: http://localhost:5048
2025-12-09 10:16:21.627 +01:00 [DBG] Loaded hosting startup assembly ValcharUtulek
2025-12-09 10:16:21.628 +01:00 [DBG] Loaded hosting startup assembly Microsoft.WebTools.ApiEndpointDiscovery
2025-12-09 10:16:21.629 +01:00 [DBG] Loaded hosting startup assembly Microsoft.AspNetCore.Watch.BrowserRefresh
2025-12-09 10:16:21.631 +01:00 [DBG] Loaded hosting startup assembly Microsoft.WebTools.BrowserLink.Net
2025-12-09 10:16:21.642 +01:00 [DBG] Connection id "0HNHN0EF7JT7D" accepted.
2025-12-09 10:16:21.642 +01:00 [DBG] Connection id "0HNHN0EF7JT7C" accepted.
2025-12-09 10:16:21.644 +01:00 [DBG] Connection id "0HNHN0EF7JT7D" started.
2025-12-09 10:16:21.645 +01:00 [DBG] Connection id "0HNHN0EF7JT7C" started.
2025-12-09 10:16:21.645 +01:00 [DBG] Executing API description provider 'EndpointMetadataApiDescriptionProvider' from assembly Microsoft.AspNetCore.Mvc.ApiExplorer v9.0.0.0.
2025-12-09 10:16:21.650 +01:00 [DBG] Executing API description provider 'DefaultApiDescriptionProvider' from assembly Microsoft.AspNetCore.Mvc.ApiExplorer v9.0.0.0.
2025-12-09 10:16:21.671 +01:00 [DBG] Connection id "0HNHN0EF7JT7C" received FIN.
2025-12-09 10:16:21.671 +01:00 [DBG] Connection id "0HNHN0EF7JT7D" received FIN.
2025-12-09 10:16:21.696 +01:00 [DBG] Failed to authenticate HTTPS connection.
System.IO.IOException: Received an unexpected EOF or 0 bytes from the transport stream.
   at System.Net.Security.SslStream.ReceiveHandshakeFrameAsync[TIOAdapter](CancellationToken cancellationToken)
   at System.Net.Security.SslStream.ForceAuthenticationAsync[TIOAdapter](Boolean receiveFirst, Byte[] reAuthenticationData, CancellationToken cancellationToken)
   at System.Net.Security.SslStream.ProcessAuthenticationWithTelemetryAsync(Boolean isAsync, CancellationToken cancellationToken)
   at Microsoft.AspNetCore.Server.Kestrel.Https.Internal.HttpsConnectionMiddleware.OnConnectionAsync(ConnectionContext context)
2025-12-09 10:16:21.696 +01:00 [DBG] Failed to authenticate HTTPS connection.
System.IO.IOException: Received an unexpected EOF or 0 bytes from the transport stream.
   at System.Net.Security.SslStream.ReceiveHandshakeFrameAsync[TIOAdapter](CancellationToken cancellationToken)
   at System.Net.Security.SslStream.ForceAuthenticationAsync[TIOAdapter](Boolean receiveFirst, Byte[] reAuthenticationData, CancellationToken cancellationToken)
   at System.Net.Security.SslStream.ProcessAuthenticationWithTelemetryAsync(Boolean isAsync, CancellationToken cancellationToken)
   at Microsoft.AspNetCore.Server.Kestrel.Https.Internal.HttpsConnectionMiddleware.OnConnectionAsync(ConnectionContext context)
2025-12-09 10:16:21.740 +01:00 [DBG] Connection id "0HNHN0EF7JT7D" stopped.
2025-12-09 10:16:21.740 +01:00 [DBG] Connection id "0HNHN0EF7JT7C" stopped.
2025-12-09 10:16:21.746 +01:00 [DBG] Connection id "0HNHN0EF7JT7C" sending FIN because: "The Socket transport's send loop completed gracefully."
2025-12-09 10:16:21.746 +01:00 [DBG] Connection id "0HNHN0EF7JT7D" sending FIN because: "The Socket transport's send loop completed gracefully."
2025-12-09 10:16:21.788 +01:00 [INF] Application started. Press Ctrl+C to shut down.
2025-12-09 10:16:21.800 +01:00 [INF] Hosting environment: Development
2025-12-09 10:16:21.806 +01:00 [INF] Content root path: C:\Users\David\source\repos\ValcharUtulek\ValcharUtulek
2025-12-09 10:16:21.807 +01:00 [DBG] Hosting started
2025-12-09 10:16:21.944 +01:00 [DBG] Connection id "0HNHN0EF7JT7E" accepted.
2025-12-09 10:16:21.946 +01:00 [DBG] Connection id "0HNHN0EF7JT7E" started.
2025-12-09 10:16:21.972 +01:00 [DBG] Connection 0HNHN0EF7JT7E established using the following protocol: "Tls13"
2025-12-09 10:16:22.072 +01:00 [INF] Request starting HTTP/2 GET https://localhost:7079/ - null null
2025-12-09 10:16:22.195 +01:00 [DBG] The request path / does not match a supported file type
2025-12-09 10:16:22.219 +01:00 [DBG] 1 candidate(s) found for the request path '/'
2025-12-09 10:16:22.222 +01:00 [DBG] Endpoint 'ValcharUtulek.Controllers.HomeController.Index (ValcharUtulek)' with route pattern '{controller=Home}/{action=Index}/{id?}' is valid for the request path '/'
2025-12-09 10:16:22.224 +01:00 [DBG] Request matched endpoint 'ValcharUtulek.Controllers.HomeController.Index (ValcharUtulek)'
2025-12-09 10:16:22.258 +01:00 [DBG] AuthenticationScheme: Cookies was successfully authenticated.
2025-12-09 10:16:22.264 +01:00 [INF] Executing endpoint 'ValcharUtulek.Controllers.HomeController.Index (ValcharUtulek)'
2025-12-09 10:16:22.280 +01:00 [INF] Route matched with {action = "Index", controller = "Home"}. Executing controller action with signature Microsoft.AspNetCore.Mvc.IActionResult Index() on controller ValcharUtulek.Controllers.HomeController (ValcharUtulek).
2025-12-09 10:16:22.284 +01:00 [DBG] Execution plan of authorization filters (in the following order): ["None"]
2025-12-09 10:16:22.286 +01:00 [DBG] Execution plan of resource filters (in the following order): ["Microsoft.AspNetCore.Mvc.ViewFeatures.Filters.SaveTempDataFilter"]
2025-12-09 10:16:22.288 +01:00 [DBG] Execution plan of action filters (in the following order): ["Microsoft.AspNetCore.Mvc.Filters.ControllerActionFilter (Order: -2147483648)","Microsoft.AspNetCore.Mvc.ModelBinding.UnsupportedContentTypeFilter (Order: -3000)"]
2025-12-09 10:16:22.291 +01:00 [DBG] Execution plan of exception filters (in the following order): ["None"]
2025-12-09 10:16:22.292 +01:00 [DBG] Execution plan of result filters (in the following order): ["Microsoft.AspNetCore.Mvc.ViewFeatures.Filters.SaveTempDataFilter"]
2025-12-09 10:16:22.297 +01:00 [DBG] Executing controller factory for controller ValcharUtulek.Controllers.HomeController (ValcharUtulek)
2025-12-09 10:16:22.301 +01:00 [DBG] Executed controller factory for controller ValcharUtulek.Controllers.HomeController (ValcharUtulek)
2025-12-09 10:16:22.309 +01:00 [DBG] View lookup cache miss for view 'Index' in controller 'Home'.
2025-12-09 10:16:22.318 +01:00 [INF] Executing ViewResult, running view Index.
2025-12-09 10:16:22.323 +01:00 [DBG] The view path '/Views/Home/Index.cshtml' was found in 11.5255ms.
2025-12-09 10:16:22.355 +01:00 [DBG] View lookup cache miss for view '_Layout' in controller 'Home'.
2025-12-09 10:16:22.411 +01:00 [DBG] Found the endpoints ["Route: {controller=Home}/{action=Index}/{id?}"] for address (action=[Logout],controller=[Account])
2025-12-09 10:16:22.418 +01:00 [DBG] Successfully processed template {controller=Home}/{action=Index}/{id?} for Route: {controller=Home}/{action=Index}/{id?} resulting in /Account/Logout and 
2025-12-09 10:16:22.421 +01:00 [DBG] Link generation succeeded for endpoints ["Route: {controller=Home}/{action=Index}/{id?}"] with result /Account/Logout
2025-12-09 10:16:22.429 +01:00 [DBG] An antiforgery cookie token was reused.
2025-12-09 10:16:22.441 +01:00 [DBG] Response markup is scheduled to include Browser Link script injection.
2025-12-09 10:16:22.450 +01:00 [DBG] Response markup is scheduled to include browser refresh script injection.
2025-12-09 10:16:22.456 +01:00 [INF] Executed ViewResult - view Index executed in 147.6734ms.
2025-12-09 10:16:22.459 +01:00 [INF] Executed action ValcharUtulek.Controllers.HomeController.Index (ValcharUtulek) in 164.233ms
2025-12-09 10:16:22.461 +01:00 [INF] Executed endpoint 'ValcharUtulek.Controllers.HomeController.Index (ValcharUtulek)'
2025-12-09 10:16:22.462 +01:00 [DBG] Response markup was updated to include Browser Link script injection.
2025-12-09 10:16:22.466 +01:00 [DBG] Response markup was updated to include browser refresh script injection.
2025-12-09 10:16:22.472 +01:00 [INF] Request finished HTTP/2 GET https://localhost:7079/ - 200 null text/html; charset=utf-8 414.5482ms
2025-12-09 10:16:22.514 +01:00 [INF] Request starting HTTP/2 GET https://localhost:7079/_framework/aspnetcore-browser-refresh.js - null null
2025-12-09 10:16:22.514 +01:00 [INF] Request starting HTTP/2 GET https://localhost:7079/css/site.css?v=iabBAHNTKZtOxwGRwVpXWEEYgdUCwG-6BI3d3a4Xz8g - null null
2025-12-09 10:16:22.514 +01:00 [INF] Request starting HTTP/2 GET https://localhost:7079/_vs/browserLink - null null
2025-12-09 10:16:22.529 +01:00 [INF] The file /css/site.css was not modified
2025-12-09 10:16:22.531 +01:00 [DBG] Handled. Status code: 304 File: /css/site.css
2025-12-09 10:16:22.532 +01:00 [DBG] Script injected: /_framework/aspnetcore-browser-refresh.js
2025-12-09 10:16:22.534 +01:00 [INF] Request finished HTTP/2 GET https://localhost:7079/css/site.css?v=iabBAHNTKZtOxwGRwVpXWEEYgdUCwG-6BI3d3a4Xz8g - 304 null text/css 20.6238ms
2025-12-09 10:16:22.535 +01:00 [INF] Request finished HTTP/2 GET https://localhost:7079/_framework/aspnetcore-browser-refresh.js - 200 16511 application/javascript; charset=utf-8 21.7575ms
2025-12-09 10:16:22.563 +01:00 [INF] Request finished HTTP/2 GET https://localhost:7079/_vs/browserLink - 200 null text/javascript; charset=UTF-8 49.782ms
2025-12-09 10:16:27.761 +01:00 [INF] Request starting HTTP/2 GET https://localhost:7079/Users - null null
2025-12-09 10:16:27.774 +01:00 [DBG] The request path /Users does not match a supported file type
2025-12-09 10:16:27.778 +01:00 [DBG] 1 candidate(s) found for the request path '/Users'
2025-12-09 10:16:27.780 +01:00 [DBG] Endpoint 'ValcharUtulek.Controllers.UsersController.Index (ValcharUtulek)' with route pattern '{controller=Home}/{action=Index}/{id?}' is valid for the request path '/Users'
2025-12-09 10:16:27.783 +01:00 [DBG] Request matched endpoint 'ValcharUtulek.Controllers.UsersController.Index (ValcharUtulek)'
2025-12-09 10:16:27.785 +01:00 [DBG] AuthenticationScheme: Cookies was successfully authenticated.
2025-12-09 10:16:27.795 +01:00 [DBG] Authorization was successful.
2025-12-09 10:16:27.797 +01:00 [INF] Executing endpoint 'ValcharUtulek.Controllers.UsersController.Index (ValcharUtulek)'
2025-12-09 10:16:27.807 +01:00 [INF] Route matched with {action = "Index", controller = "Users"}. Executing controller action with signature System.Threading.Tasks.Task`1[Microsoft.AspNetCore.Mvc.IActionResult] Index() on controller ValcharUtulek.Controllers.UsersController (ValcharUtulek).
2025-12-09 10:16:27.809 +01:00 [DBG] Execution plan of authorization filters (in the following order): ["None"]
2025-12-09 10:16:27.812 +01:00 [DBG] Execution plan of resource filters (in the following order): ["Microsoft.AspNetCore.Mvc.ViewFeatures.Filters.SaveTempDataFilter"]
2025-12-09 10:16:27.814 +01:00 [DBG] Execution plan of action filters (in the following order): ["Microsoft.AspNetCore.Mvc.Filters.ControllerActionFilter (Order: -2147483648)","Microsoft.AspNetCore.Mvc.ModelBinding.UnsupportedContentTypeFilter (Order: -3000)"]
2025-12-09 10:16:27.817 +01:00 [DBG] Execution plan of exception filters (in the following order): ["None"]
2025-12-09 10:16:27.819 +01:00 [DBG] Execution plan of result filters (in the following order): ["Microsoft.AspNetCore.Mvc.ViewFeatures.Filters.SaveTempDataFilter"]
2025-12-09 10:16:27.822 +01:00 [DBG] Executing controller factory for controller ValcharUtulek.Controllers.UsersController (ValcharUtulek)
2025-12-09 10:16:27.835 +01:00 [DBG] Executed controller factory for controller ValcharUtulek.Controllers.UsersController (ValcharUtulek)
2025-12-09 10:16:27.856 +01:00 [DBG] Entity Framework Core 9.0.10 initialized 'ShelterDbContext' using provider 'Pomelo.EntityFrameworkCore.MySql:9.0.0' with options: ParameterizedCollectionTranslationMode=Constantize ServerVersion=8.0.44-mysql 
2025-12-09 10:16:27.883 +01:00 [DBG] Compiling query expression: 
'DbSet<User>()
    .FirstOrDefault(e => EF.Property<int>(e, "UserId") == __p_0)'
2025-12-09 10:16:27.982 +01:00 [DBG] Generated query execution expression: 
'queryContext => ShapedQueryCompilingExpressionVisitor.SingleOrDefaultAsync<User>(
    asyncEnumerable: SingleQueryingEnumerable.Create<User>(
        relationalQueryContext: (RelationalQueryContext)queryContext, 
        relationalCommandResolver: parameters => [LIFTABLE Constant: RelationalCommandCache.QueryExpression(
            Projection Mapping:
                EmptyProjectionMember -> Dictionary<IProperty, int> { [Property: User.UserId (int) Required PK AfterSave:Throw ValueGenerated.OnAdd, 0], [Property: User.Email (string), 1], [Property: User.Name (string) Required, 2], [Property: User.PasswordHash (string) Required, 3], [Property: User.RegistrationDate (DateOnly) Required, 4], [Property: User.Role (Role) Required, 5] }
            SELECT TOP(1) u.UserId, u.Email, u.Name, u.password_hash, u.RegistrationDate, u.Role
            FROM Users AS u
            WHERE u.UserId == @__p_0) | Resolver: c => new RelationalCommandCache(
            c.Dependencies.MemoryCache, 
            c.RelationalDependencies.QuerySqlGeneratorFactory, 
            c.RelationalDependencies.RelationalParameterBasedSqlProcessorFactory, 
            Projection Mapping:
                EmptyProjectionMember -> Dictionary<IProperty, int> { [Property: User.UserId (int) Required PK AfterSave:Throw ValueGenerated.OnAdd, 0], [Property: User.Email (string), 1], [Property: User.Name (string) Required, 2], [Property: User.PasswordHash (string) Required, 3], [Property: User.RegistrationDate (DateOnly) Required, 4], [Property: User.Role (Role) Required, 5] }
            SELECT TOP(1) u.UserId, u.Email, u.Name, u.password_hash, u.RegistrationDate, u.Role
            FROM Users AS u
            WHERE u.UserId == @__p_0, 
            False, 
            new HashSet<string>(
                new string[]{ }, 
                StringComparer.Ordinal
            )
        )].GetRelationalCommandTemplate(parameters), 
        readerColumns: null, 
        shaper: (queryContext, dataReader, resultContext, resultCoordinator) => 
        {
            User entity;
            entity = 
            {
                MaterializationContext materializationContext1;
                IEntityType entityType1;
                User instance1;
                InternalEntityEntry entry1;
                bool hasNullKey1;
                materializationContext1 = new MaterializationContext(
                    [LIFTABLE Constant: ValueBuffer | Resolver: _ => (object)ValueBuffer.Empty], 
                    queryContext.Context
                );
                instance1 = default(User);
                entry1 = queryContext.TryGetEntry(
                    key: Key: User.UserId PK, 
                    keyValues: new object[]{ (object)dataReader.GetInt32(0) }, 
                    throwOnNullKey: True, 
                    hasNullKey: hasNullKey1);
                !(hasNullKey1) ? entry1 != default(InternalEntityEntry) ? 
                {
                    entityType1 = entry1.EntityType;
                    return instance1 = (User)entry1.Entity;
                } : 
                {
                    ISnapshot shadowSnapshot1;
                    shadowSnapshot1 = Snapshot;
                    entityType1 = EntityType: User;
                    instance1 = switch (entityType1)
                    {
                        case EntityType: User: 
                            {
                                return 
                                {
                                    User instance;
                                    instance = new User();
                                    instance.<UserId>k__BackingField = dataReader.GetInt32(0);
                                    instance.<Email>k__BackingField = dataReader.IsDBNull(1) ? default(string) : dataReader.GetString(1);
                                    instance.<Name>k__BackingField = dataReader.GetString(2);
                                    instance.<PasswordHash>k__BackingField = dataReader.GetString(3);
                                    instance.<RegistrationDate>k__BackingField = dataReader.GetFieldValue<DateOnly>(4);
                                    instance.<Role>k__BackingField = Invoke(((EnumToStringConverter<Role>)((IReadOnlyProperty)[LIFTABLE Constant: Property: User.Role (Role) Required | Resolver: namelessParameter{0} => namelessParameter{0}.Dependencies.Model.FindEntityType("ValcharUtulek.Entities.User").FindProperty("Role")]).GetTypeMapping().Converter).ConvertFromProviderTyped, dataReader.GetString(5));
                                    (instance is IInjectableService) ? ((IInjectableService)instance).Injected(
                                        context: materializationContext1.Context, 
                                        entity: instance, 
                                        queryTrackingBehavior: TrackAll, 
                                        structuralType: EntityType: User) : default(void);
                                    return instance;
                                }}
                        default: 
                            default(User)
                    }
                    ;
                    entry1 = entityType1 == default(IEntityType) ? default(InternalEntityEntry) : queryContext.StartTracking(
                        entityType: entityType1, 
                        entity: instance1, 
                        snapshot: shadowSnapshot1);
                    return instance1;
                } : default(void);
                return instance1;
            };
            return entity;
        }, 
        contextType: ValcharUtulek.Database.ShelterDbContext, 
        standAloneStateManager: False, 
        detailedErrorsEnabled: False, 
        threadSafetyChecksEnabled: True), 
    cancellationToken: queryContext.CancellationToken)'
2025-12-09 10:16:28.007 +01:00 [DBG] Creating DbConnection.
2025-12-09 10:16:28.009 +01:00 [DBG] Created DbConnection. (2ms).
2025-12-09 10:16:28.011 +01:00 [DBG] Opening connection to database 'shelter' on server '127.0.0.1'.
2025-12-09 10:16:28.015 +01:00 [DBG] Opened connection to database 'shelter' on server '127.0.0.1'.
2025-12-09 10:16:28.017 +01:00 [DBG] Creating DbCommand for 'ExecuteReader'.
2025-12-09 10:16:28.019 +01:00 [DBG] Created DbCommand for 'ExecuteReader' (1ms).
2025-12-09 10:16:28.037 +01:00 [DBG] Initialized DbCommand for 'ExecuteReader' (19ms).
2025-12-09 10:16:28.043 +01:00 [DBG] Executing DbCommand [Parameters=[@__p_0='?' (DbType = Int32)], CommandType='"Text"', CommandTimeout='30']
SELECT `u`.`UserId`, `u`.`Email`, `u`.`Name`, `u`.`password_hash`, `u`.`RegistrationDate`, `u`.`Role`
FROM `Users` AS `u`
WHERE `u`.`UserId` = @__p_0
LIMIT 1
2025-12-09 10:16:28.075 +01:00 [INF] Executed DbCommand (34ms) [Parameters=[@__p_0='?' (DbType = Int32)], CommandType='"Text"', CommandTimeout='30']
SELECT `u`.`UserId`, `u`.`Email`, `u`.`Name`, `u`.`password_hash`, `u`.`RegistrationDate`, `u`.`Role`
FROM `Users` AS `u`
WHERE `u`.`UserId` = @__p_0
LIMIT 1
2025-12-09 10:16:28.121 +01:00 [DBG] Context 'ShelterDbContext' started tracking 'User' entity. Consider using 'DbContextOptionsBuilder.EnableSensitiveDataLogging' to see key values.
2025-12-09 10:16:28.154 +01:00 [DBG] Closing data reader to 'shelter' on server '127.0.0.1'.
2025-12-09 10:16:28.156 +01:00 [DBG] A data reader for 'shelter' on server '127.0.0.1' is being disposed after spending 78ms reading results.
2025-12-09 10:16:28.158 +01:00 [DBG] Closing connection to database 'shelter' on server '127.0.0.1'.
2025-12-09 10:16:28.160 +01:00 [DBG] Closed connection to database 'shelter' on server '127.0.0.1' (1ms).
2025-12-09 10:16:28.179 +01:00 [DBG] Compiling query expression: 
'DbSet<Adoption>()
    .Where(a => a.UserId == __userId_0)
    .Join(
        inner: DbSet<Animal>(), 
        outerKeySelector: adoption => adoption.AnimalId, 
        innerKeySelector: animal => animal.AnimalId, 
        resultSelector: (adoption, animal) => new AdoptionDetailViewModel{ 
            AdoptionId = adoption.AdoptionId, 
            AnimalId = animal.AnimalId, 
            AnimalName = animal.Name, 
            AnimalSpecies = animal.Species, 
            AdoptionDate = adoption.AdoptionDate, 
            Amount = adoption.Amount 
        }
    )'
2025-12-09 10:16:28.233 +01:00 [DBG] Generated query execution expression: 
'queryContext => SingleQueryingEnumerable.Create<AdoptionDetailViewModel>(
    relationalQueryContext: (RelationalQueryContext)queryContext, 
    relationalCommandResolver: parameters => [LIFTABLE Constant: RelationalCommandCache.QueryExpression(
        Projection Mapping:
            AdoptionId -> 0
            AnimalId -> 1
            AnimalName -> 2
            AnimalSpecies -> 3
            AdoptionDate -> 4
            Amount -> 5
        SELECT a.AdoptionId, a0.AnimalId, a0.Name AS AnimalName, a0.Species AS AnimalSpecies, a.AdoptionDate, a.Amount
        FROM Adoptions AS a
        INNER JOIN Animals AS a0 ON a.AnimalId == a0.AnimalId
        WHERE a.UserId == @__userId_0) | Resolver: c => new RelationalCommandCache(
        c.Dependencies.MemoryCache, 
        c.RelationalDependencies.QuerySqlGeneratorFactory, 
        c.RelationalDependencies.RelationalParameterBasedSqlProcessorFactory, 
        Projection Mapping:
            AdoptionId -> 0
            AnimalId -> 1
            AnimalName -> 2
            AnimalSpecies -> 3
            AdoptionDate -> 4
            Amount -> 5
        SELECT a.AdoptionId, a0.AnimalId, a0.Name AS AnimalName, a0.Species AS AnimalSpecies, a.AdoptionDate, a.Amount
        FROM Adoptions AS a
        INNER JOIN Animals AS a0 ON a.AnimalId == a0.AnimalId
        WHERE a.UserId == @__userId_0, 
        False, 
        new HashSet<string>(
            new string[]{ }, 
            StringComparer.Ordinal
        )
    )].GetRelationalCommandTemplate(parameters), 
    readerColumns: null, 
    shaper: (queryContext, dataReader, resultContext, resultCoordinator) => 
    {
        int? value1;
        int? value2;
        string value3;
        string value4;
        DateOnly? value5;
        double? value6;
        value1 = (int?)dataReader.GetInt32(0);
        value2 = (int?)dataReader.GetInt32(1);
        value3 = dataReader.GetString(2);
        value4 = dataReader.IsDBNull(3) ? default(string) : dataReader.GetString(3);
        value5 = (DateOnly?)dataReader.GetFieldValue<DateOnly>(4);
        value6 = (double?)dataReader.GetDouble(5);
        return new AdoptionDetailViewModel{ 
            AdoptionId = (int)value1, 
            AnimalId = (int)value2, 
            AnimalName = value3, 
            AnimalSpecies = value4, 
            AdoptionDate = (DateOnly)value5, 
            Amount = (double)value6 
        }
        ;
    }, 
    contextType: ValcharUtulek.Database.ShelterDbContext, 
    standAloneStateManager: False, 
    detailedErrorsEnabled: False, 
    threadSafetyChecksEnabled: True)'
2025-12-09 10:16:28.239 +01:00 [DBG] Opening connection to database 'shelter' on server '127.0.0.1'.
2025-12-09 10:16:28.242 +01:00 [DBG] Opened connection to database 'shelter' on server '127.0.0.1'.
2025-12-09 10:16:28.244 +01:00 [DBG] Creating DbCommand for 'ExecuteReader'.
2025-12-09 10:16:28.245 +01:00 [DBG] Created DbCommand for 'ExecuteReader' (1ms).
2025-12-09 10:16:28.247 +01:00 [DBG] Initialized DbCommand for 'ExecuteReader' (3ms).
2025-12-09 10:16:28.249 +01:00 [DBG] Executing DbCommand [Parameters=[@__userId_0='?' (DbType = Int32)], CommandType='"Text"', CommandTimeout='30']
SELECT `a`.`AdoptionId`, `a0`.`AnimalId`, `a0`.`Name` AS `AnimalName`, `a0`.`Species` AS `AnimalSpecies`, `a`.`AdoptionDate`, `a`.`Amount`
FROM `Adoptions` AS `a`
INNER JOIN `Animals` AS `a0` ON `a`.`AnimalId` = `a0`.`AnimalId`
WHERE `a`.`UserId` = @__userId_0
2025-12-09 10:16:28.259 +01:00 [INF] Executed DbCommand (10ms) [Parameters=[@__userId_0='?' (DbType = Int32)], CommandType='"Text"', CommandTimeout='30']
SELECT `a`.`AdoptionId`, `a0`.`AnimalId`, `a0`.`Name` AS `AnimalName`, `a0`.`Species` AS `AnimalSpecies`, `a`.`AdoptionDate`, `a`.`Amount`
FROM `Adoptions` AS `a`
INNER JOIN `Animals` AS `a0` ON `a`.`AnimalId` = `a0`.`AnimalId`
WHERE `a`.`UserId` = @__userId_0
2025-12-09 10:16:28.263 +01:00 [DBG] Closing data reader to 'shelter' on server '127.0.0.1'.
2025-12-09 10:16:28.265 +01:00 [DBG] A data reader for 'shelter' on server '127.0.0.1' is being disposed after spending 2ms reading results.
2025-12-09 10:16:28.268 +01:00 [DBG] Closing connection to database 'shelter' on server '127.0.0.1'.
2025-12-09 10:16:28.270 +01:00 [DBG] Closed connection to database 'shelter' on server '127.0.0.1' (2ms).
2025-12-09 10:16:28.275 +01:00 [DBG] Compiling query expression: 
'DbSet<Gift>()
    .Where(g => g.UserId == __userId_0)
    .OrderByDescending(g => g.GiftDate)'
2025-12-09 10:16:28.287 +01:00 [DBG] Generated query execution expression: 
'queryContext => SingleQueryingEnumerable.Create<Gift>(
    relationalQueryContext: (RelationalQueryContext)queryContext, 
    relationalCommandResolver: parameters => [LIFTABLE Constant: RelationalCommandCache.QueryExpression(
        Projection Mapping:
            EmptyProjectionMember -> Dictionary<IProperty, int> { [Property: Gift.GiftId (int) Required PK AfterSave:Throw ValueGenerated.OnAdd, 0], [Property: Gift.Amount (double) Required, 1], [Property: Gift.GiftDate (DateOnly) Required, 2], [Property: Gift.UserId (int) Required, 3] }
        SELECT g.GiftId, g.Amount, g.GiftDate, g.UserId
        FROM Gifts AS g
        WHERE g.UserId == @__userId_0
        ORDER BY g.GiftDate DESC) | Resolver: c => new RelationalCommandCache(
        c.Dependencies.MemoryCache, 
        c.RelationalDependencies.QuerySqlGeneratorFactory, 
        c.RelationalDependencies.RelationalParameterBasedSqlProcessorFactory, 
        Projection Mapping:
            EmptyProjectionMember -> Dictionary<IProperty, int> { [Property: Gift.GiftId (int) Required PK AfterSave:Throw ValueGenerated.OnAdd, 0], [Property: Gift.Amount (double) Required, 1], [Property: Gift.GiftDate (DateOnly) Required, 2], [Property: Gift.UserId (int) Required, 3] }
        SELECT g.GiftId, g.Amount, g.GiftDate, g.UserId
        FROM Gifts AS g
        WHERE g.UserId == @__userId_0
        ORDER BY g.GiftDate DESC, 
        False, 
        new HashSet<string>(
            new string[]{ }, 
            StringComparer.Ordinal
        )
    )].GetRelationalCommandTemplate(parameters), 
    readerColumns: null, 
    shaper: (queryContext, dataReader, resultContext, resultCoordinator) => 
    {
        Gift entity;
        entity = 
        {
            MaterializationContext materializationContext1;
            IEntityType entityType1;
            Gift instance1;
            InternalEntityEntry entry1;
            bool hasNullKey1;
            materializationContext1 = new MaterializationContext(
                [LIFTABLE Constant: ValueBuffer | Resolver: _ => (object)ValueBuffer.Empty], 
                queryContext.Context
            );
            instance1 = default(Gift);
            entry1 = queryContext.TryGetEntry(
                key: Key: Gift.GiftId PK, 
                keyValues: new object[]{ (object)dataReader.GetInt32(0) }, 
                throwOnNullKey: True, 
                hasNullKey: hasNullKey1);
            !(hasNullKey1) ? entry1 != default(InternalEntityEntry) ? 
            {
                entityType1 = entry1.EntityType;
                return instance1 = (Gift)entry1.Entity;
            } : 
            {
                ISnapshot shadowSnapshot1;
                shadowSnapshot1 = Snapshot;
                entityType1 = EntityType: Gift;
                instance1 = switch (entityType1)
                {
                    case EntityType: Gift: 
                        {
                            return 
                            {
                                Gift instance;
                                instance = new Gift();
                                instance.<GiftId>k__BackingField = dataReader.GetInt32(0);
                                instance.<Amount>k__BackingField = dataReader.GetDouble(1);
                                instance.<GiftDate>k__BackingField = dataReader.GetFieldValue<DateOnly>(2);
                                instance.<UserId>k__BackingField = dataReader.GetInt32(3);
                                (instance is IInjectableService) ? ((IInjectableService)instance).Injected(
                                    context: materializationContext1.Context, 
                                    entity: instance, 
                                    queryTrackingBehavior: TrackAll, 
                                    structuralType: EntityType: Gift) : default(void);
                                return instance;
                            }}
                    default: 
                        default(Gift)
                }
                ;
                entry1 = entityType1 == default(IEntityType) ? default(InternalEntityEntry) : queryContext.StartTracking(
                    entityType: entityType1, 
                    entity: instance1, 
                    snapshot: shadowSnapshot1);
                return instance1;
            } : default(void);
            return instance1;
        };
        return entity;
    }, 
    contextType: ValcharUtulek.Database.ShelterDbContext, 
    standAloneStateManager: False, 
    detailedErrorsEnabled: False, 
    threadSafetyChecksEnabled: True)'
2025-12-09 10:16:28.293 +01:00 [DBG] Opening connection to database 'shelter' on server '127.0.0.1'.
2025-12-09 10:16:28.296 +01:00 [DBG] Opened connection to database 'shelter' on server '127.0.0.1'.
2025-12-09 10:16:28.298 +01:00 [DBG] Creating DbCommand for 'ExecuteReader'.
2025-12-09 10:16:28.300 +01:00 [DBG] Created DbCommand for 'ExecuteReader' (1ms).
2025-12-09 10:16:28.302 +01:00 [DBG] Initialized DbCommand for 'ExecuteReader' (3ms).
2025-12-09 10:16:28.304 +01:00 [DBG] Executing DbCommand [Parameters=[@__userId_0='?' (DbType = Int32)], CommandType='"Text"', CommandTimeout='30']
SELECT `g`.`GiftId`, `g`.`Amount`, `g`.`GiftDate`, `g`.`UserId`
FROM `Gifts` AS `g`
WHERE `g`.`UserId` = @__userId_0
ORDER BY `g`.`GiftDate` DESC
2025-12-09 10:16:28.329 +01:00 [INF] Executed DbCommand (25ms) [Parameters=[@__userId_0='?' (DbType = Int32)], CommandType='"Text"', CommandTimeout='30']
SELECT `g`.`GiftId`, `g`.`Amount`, `g`.`GiftDate`, `g`.`UserId`
FROM `Gifts` AS `g`
WHERE `g`.`UserId` = @__userId_0
ORDER BY `g`.`GiftDate` DESC
2025-12-09 10:16:28.333 +01:00 [DBG] Closing data reader to 'shelter' on server '127.0.0.1'.
2025-12-09 10:16:28.335 +01:00 [DBG] A data reader for 'shelter' on server '127.0.0.1' is being disposed after spending 2ms reading results.
2025-12-09 10:16:28.338 +01:00 [DBG] Closing connection to database 'shelter' on server '127.0.0.1'.
2025-12-09 10:16:28.340 +01:00 [DBG] Closed connection to database 'shelter' on server '127.0.0.1' (1ms).
2025-12-09 10:16:28.348 +01:00 [DBG] View lookup cache miss for view 'Index' in controller 'Users'.
2025-12-09 10:16:28.351 +01:00 [INF] Executing ViewResult, running view Index.
2025-12-09 10:16:28.353 +01:00 [DBG] The view path '/Views/Users/Index.cshtml' was found in 5.6213ms.
2025-12-09 10:16:28.376 +01:00 [DBG] Found the endpoints ["Route: {controller=Home}/{action=Index}/{id?}"] for address (action=[Index],controller=[Adoptions])
2025-12-09 10:16:28.380 +01:00 [DBG] Successfully processed template {controller=Home}/{action=Index}/{id?} for Route: {controller=Home}/{action=Index}/{id?} resulting in /Adoptions and 
2025-12-09 10:16:28.383 +01:00 [DBG] Link generation succeeded for endpoints ["Route: {controller=Home}/{action=Index}/{id?}"] with result /Adoptions
2025-12-09 10:16:28.386 +01:00 [DBG] Found the endpoints ["Route: {controller=Home}/{action=Index}/{id?}"] for address (action=[Create],controller=[Gifts])
2025-12-09 10:16:28.389 +01:00 [DBG] Successfully processed template {controller=Home}/{action=Index}/{id?} for Route: {controller=Home}/{action=Index}/{id?} resulting in /Gifts/Create and 
2025-12-09 10:16:28.391 +01:00 [DBG] Link generation succeeded for endpoints ["Route: {controller=Home}/{action=Index}/{id?}"] with result /Gifts/Create
2025-12-09 10:16:28.394 +01:00 [DBG] View lookup cache miss for view '_Layout' in controller 'Users'.
2025-12-09 10:16:28.399 +01:00 [DBG] Found the endpoints ["Route: {controller=Home}/{action=Index}/{id?}"] for address (action=[Logout],controller=[Account])
2025-12-09 10:16:28.401 +01:00 [DBG] Successfully processed template {controller=Home}/{action=Index}/{id?} for Route: {controller=Home}/{action=Index}/{id?} resulting in /Account/Logout and 
2025-12-09 10:16:28.403 +01:00 [DBG] Link generation succeeded for endpoints ["Route: {controller=Home}/{action=Index}/{id?}"] with result /Account/Logout
2025-12-09 10:16:28.407 +01:00 [DBG] An antiforgery cookie token was reused.
2025-12-09 10:16:28.409 +01:00 [DBG] Response markup is scheduled to include Browser Link script injection.
2025-12-09 10:16:28.410 +01:00 [DBG] Response markup is scheduled to include browser refresh script injection.
2025-12-09 10:16:28.418 +01:00 [INF] Executed ViewResult - view Index executed in 70.8885ms.
2025-12-09 10:16:28.426 +01:00 [INF] Executed action ValcharUtulek.Controllers.UsersController.Index (ValcharUtulek) in 603.6776ms
2025-12-09 10:16:28.428 +01:00 [INF] Executed endpoint 'ValcharUtulek.Controllers.UsersController.Index (ValcharUtulek)'
2025-12-09 10:16:28.431 +01:00 [DBG] Response markup was updated to include Browser Link script injection.
2025-12-09 10:16:28.432 +01:00 [DBG] Response markup was updated to include browser refresh script injection.
2025-12-09 10:16:28.436 +01:00 [DBG] 'ShelterDbContext' disposed.
2025-12-09 10:16:28.441 +01:00 [DBG] Disposing connection to database 'shelter' on server '127.0.0.1'.
2025-12-09 10:16:28.444 +01:00 [DBG] Disposed connection to database 'shelter' on server '127.0.0.1' (3ms).
2025-12-09 10:16:28.446 +01:00 [INF] Request finished HTTP/2 GET https://localhost:7079/Users - 200 null text/html; charset=utf-8 685.186ms
2025-12-09 10:16:28.470 +01:00 [INF] Request starting HTTP/2 GET https://localhost:7079/_framework/aspnetcore-browser-refresh.js - null null
2025-12-09 10:16:28.470 +01:00 [INF] Request starting HTTP/2 GET https://localhost:7079/_vs/browserLink - null null
2025-12-09 10:16:28.478 +01:00 [DBG] Script injected: /_framework/aspnetcore-browser-refresh.js
2025-12-09 10:16:28.486 +01:00 [INF] Request finished HTTP/2 GET https://localhost:7079/_framework/aspnetcore-browser-refresh.js - 200 16511 application/javascript; charset=utf-8 14.3069ms
2025-12-09 10:16:28.526 +01:00 [INF] Request finished HTTP/2 GET https://localhost:7079/_vs/browserLink - 200 null text/javascript; charset=UTF-8 55.8912ms
2025-12-09 10:18:09.267 +01:00 [INF] Request starting HTTP/2 GET https://localhost:7079/Adoptions - null null
2025-12-09 10:18:09.308 +01:00 [DBG] The request path /Adoptions does not match a supported file type
2025-12-09 10:18:09.310 +01:00 [DBG] 1 candidate(s) found for the request path '/Adoptions'
2025-12-09 10:18:09.312 +01:00 [DBG] Endpoint 'ValcharUtulek.Controllers.AdoptionsController.Index (ValcharUtulek)' with route pattern '{controller=Home}/{action=Index}/{id?}' is valid for the request path '/Adoptions'
2025-12-09 10:18:09.314 +01:00 [DBG] Request matched endpoint 'ValcharUtulek.Controllers.AdoptionsController.Index (ValcharUtulek)'
2025-12-09 10:18:09.318 +01:00 [DBG] AuthenticationScheme: Cookies was successfully authenticated.
2025-12-09 10:18:09.320 +01:00 [INF] Executing endpoint 'ValcharUtulek.Controllers.AdoptionsController.Index (ValcharUtulek)'
2025-12-09 10:18:09.326 +01:00 [INF] Route matched with {action = "Index", controller = "Adoptions"}. Executing controller action with signature System.Threading.Tasks.Task`1[Microsoft.AspNetCore.Mvc.IActionResult] Index() on controller ValcharUtulek.Controllers.AdoptionsController (ValcharUtulek).
2025-12-09 10:18:09.329 +01:00 [DBG] Execution plan of authorization filters (in the following order): ["None"]
2025-12-09 10:18:09.331 +01:00 [DBG] Execution plan of resource filters (in the following order): ["Microsoft.AspNetCore.Mvc.ViewFeatures.Filters.SaveTempDataFilter"]
2025-12-09 10:18:09.333 +01:00 [DBG] Execution plan of action filters (in the following order): ["Microsoft.AspNetCore.Mvc.Filters.ControllerActionFilter (Order: -2147483648)","Microsoft.AspNetCore.Mvc.ModelBinding.UnsupportedContentTypeFilter (Order: -3000)"]
2025-12-09 10:18:09.335 +01:00 [DBG] Execution plan of exception filters (in the following order): ["None"]
2025-12-09 10:18:09.337 +01:00 [DBG] Execution plan of result filters (in the following order): ["Microsoft.AspNetCore.Mvc.ViewFeatures.Filters.SaveTempDataFilter"]
2025-12-09 10:18:09.339 +01:00 [DBG] Executing controller factory for controller ValcharUtulek.Controllers.AdoptionsController (ValcharUtulek)
2025-12-09 10:18:09.356 +01:00 [DBG] Executed controller factory for controller ValcharUtulek.Controllers.AdoptionsController (ValcharUtulek)
2025-12-09 10:18:09.441 +01:00 [DBG] Entity Framework Core 9.0.10 initialized 'ShelterDbContext' using provider 'Pomelo.EntityFrameworkCore.MySql:9.0.0' with options: ParameterizedCollectionTranslationMode=Constantize ServerVersion=8.0.44-mysql 
2025-12-09 10:18:09.449 +01:00 [DBG] Compiling query expression: 
'DbSet<Adoption>()'
2025-12-09 10:18:09.458 +01:00 [DBG] Generated query execution expression: 
'queryContext => SingleQueryingEnumerable.Create<Adoption>(
    relationalQueryContext: (RelationalQueryContext)queryContext, 
    relationalCommandResolver: parameters => [LIFTABLE Constant: RelationalCommandCache.QueryExpression(
        Projection Mapping:
            EmptyProjectionMember -> Dictionary<IProperty, int> { [Property: Adoption.AdoptionId (int) Required PK AfterSave:Throw ValueGenerated.OnAdd, 0], [Property: Adoption.AdoptionDate (DateOnly) Required, 1], [Property: Adoption.Amount (double) Required, 2], [Property: Adoption.AnimalId (int) Required, 3], [Property: Adoption.UserId (int) Required, 4] }
        SELECT a.AdoptionId, a.AdoptionDate, a.Amount, a.AnimalId, a.UserId
        FROM Adoptions AS a) | Resolver: c => new RelationalCommandCache(
        c.Dependencies.MemoryCache, 
        c.RelationalDependencies.QuerySqlGeneratorFactory, 
        c.RelationalDependencies.RelationalParameterBasedSqlProcessorFactory, 
        Projection Mapping:
            EmptyProjectionMember -> Dictionary<IProperty, int> { [Property: Adoption.AdoptionId (int) Required PK AfterSave:Throw ValueGenerated.OnAdd, 0], [Property: Adoption.AdoptionDate (DateOnly) Required, 1], [Property: Adoption.Amount (double) Required, 2], [Property: Adoption.AnimalId (int) Required, 3], [Property: Adoption.UserId (int) Required, 4] }
        SELECT a.AdoptionId, a.AdoptionDate, a.Amount, a.AnimalId, a.UserId
        FROM Adoptions AS a, 
        False, 
        new HashSet<string>(
            new string[]{ }, 
            StringComparer.Ordinal
        )
    )].GetRelationalCommandTemplate(parameters), 
    readerColumns: null, 
    shaper: (queryContext, dataReader, resultContext, resultCoordinator) => 
    {
        Adoption entity;
        entity = 
        {
            MaterializationContext materializationContext1;
            IEntityType entityType1;
            Adoption instance1;
            InternalEntityEntry entry1;
            bool hasNullKey1;
            materializationContext1 = new MaterializationContext(
                [LIFTABLE Constant: ValueBuffer | Resolver: _ => (object)ValueBuffer.Empty], 
                queryContext.Context
            );
            instance1 = default(Adoption);
            entry1 = queryContext.TryGetEntry(
                key: Key: Adoption.AdoptionId PK, 
                keyValues: new object[]{ (object)dataReader.GetInt32(0) }, 
                throwOnNullKey: True, 
                hasNullKey: hasNullKey1);
            !(hasNullKey1) ? entry1 != default(InternalEntityEntry) ? 
            {
                entityType1 = entry1.EntityType;
                return instance1 = (Adoption)entry1.Entity;
            } : 
            {
                ISnapshot shadowSnapshot1;
                shadowSnapshot1 = Snapshot;
                entityType1 = EntityType: Adoption;
                instance1 = switch (entityType1)
                {
                    case EntityType: Adoption: 
                        {
                            return 
                            {
                                Adoption instance;
                                instance = new Adoption();
                                instance.<AdoptionId>k__BackingField = dataReader.GetInt32(0);
                                instance.<AdoptionDate>k__BackingField = dataReader.GetFieldValue<DateOnly>(1);
                                instance.<Amount>k__BackingField = dataReader.GetDouble(2);
                                instance.<AnimalId>k__BackingField = dataReader.GetInt32(3);
                                instance.<UserId>k__BackingField = dataReader.GetInt32(4);
                                (instance is IInjectableService) ? ((IInjectableService)instance).Injected(
                                    context: materializationContext1.Context, 
                                    entity: instance, 
                                    queryTrackingBehavior: TrackAll, 
                                    structuralType: EntityType: Adoption) : default(void);
                                return instance;
                            }}
                    default: 
                        default(Adoption)
                }
                ;
                entry1 = entityType1 == default(IEntityType) ? default(InternalEntityEntry) : queryContext.StartTracking(
                    entityType: entityType1, 
                    entity: instance1, 
                    snapshot: shadowSnapshot1);
                return instance1;
            } : default(void);
            return instance1;
        };
        return entity;
    }, 
    contextType: ValcharUtulek.Database.ShelterDbContext, 
    standAloneStateManager: False, 
    detailedErrorsEnabled: False, 
    threadSafetyChecksEnabled: True)'
2025-12-09 10:18:09.464 +01:00 [DBG] Creating DbConnection.
2025-12-09 10:18:09.465 +01:00 [DBG] Created DbConnection. (1ms).
2025-12-09 10:18:09.467 +01:00 [DBG] Opening connection to database 'shelter' on server '127.0.0.1'.
2025-12-09 10:18:09.469 +01:00 [DBG] Opened connection to database 'shelter' on server '127.0.0.1'.
2025-12-09 10:18:09.471 +01:00 [DBG] Creating DbCommand for 'ExecuteReader'.
2025-12-09 10:18:09.473 +01:00 [DBG] Created DbCommand for 'ExecuteReader' (1ms).
2025-12-09 10:18:09.475 +01:00 [DBG] Initialized DbCommand for 'ExecuteReader' (3ms).
2025-12-09 10:18:09.477 +01:00 [DBG] Executing DbCommand [Parameters=[], CommandType='"Text"', CommandTimeout='30']
SELECT `a`.`AdoptionId`, `a`.`AdoptionDate`, `a`.`Amount`, `a`.`AnimalId`, `a`.`UserId`
FROM `Adoptions` AS `a`
2025-12-09 10:18:09.481 +01:00 [INF] Executed DbCommand (4ms) [Parameters=[], CommandType='"Text"', CommandTimeout='30']
SELECT `a`.`AdoptionId`, `a`.`AdoptionDate`, `a`.`Amount`, `a`.`AnimalId`, `a`.`UserId`
FROM `Adoptions` AS `a`
2025-12-09 10:18:09.488 +01:00 [DBG] Context 'ShelterDbContext' started tracking 'Adoption' entity. Consider using 'DbContextOptionsBuilder.EnableSensitiveDataLogging' to see key values.
2025-12-09 10:18:09.502 +01:00 [DBG] Closing data reader to 'shelter' on server '127.0.0.1'.
2025-12-09 10:18:09.504 +01:00 [DBG] A data reader for 'shelter' on server '127.0.0.1' is being disposed after spending 20ms reading results.
2025-12-09 10:18:09.508 +01:00 [DBG] Closing connection to database 'shelter' on server '127.0.0.1'.
2025-12-09 10:18:09.510 +01:00 [DBG] Closed connection to database 'shelter' on server '127.0.0.1' (1ms).
2025-12-09 10:18:09.512 +01:00 [DBG] View lookup cache miss for view 'Index' in controller 'Adoptions'.
2025-12-09 10:18:09.516 +01:00 [INF] Executing ViewResult, running view Index.
2025-12-09 10:18:09.517 +01:00 [DBG] The view path '/Views/Adoptions/Index.cshtml' was found in 4.5935ms.
2025-12-09 10:18:09.547 +01:00 [DBG] View lookup cache miss for view 'DisplayTemplates/Int32' in controller 'Adoptions'.
2025-12-09 10:18:09.550 +01:00 [DBG] View lookup cache miss for view 'DisplayTemplates/String' in controller 'Adoptions'.
2025-12-09 10:18:09.554 +01:00 [DBG] View lookup cache hit for view 'DisplayTemplates/Int32' in controller 'Adoptions'.
2025-12-09 10:18:09.556 +01:00 [DBG] View lookup cache hit for view 'DisplayTemplates/String' in controller 'Adoptions'.
2025-12-09 10:18:09.560 +01:00 [DBG] View lookup cache miss for view 'DisplayTemplates/DateOnly' in controller 'Adoptions'.
2025-12-09 10:18:09.562 +01:00 [DBG] View lookup cache hit for view 'DisplayTemplates/String' in controller 'Adoptions'.
2025-12-09 10:18:09.572 +01:00 [DBG] View lookup cache miss for view 'DisplayTemplates/Double' in controller 'Adoptions'.
2025-12-09 10:18:09.574 +01:00 [DBG] View lookup cache hit for view 'DisplayTemplates/String' in controller 'Adoptions'.
2025-12-09 10:18:09.577 +01:00 [DBG] Found the endpoints ["Route: {controller=Home}/{action=Index}/{id?}"] for address (id=[1],action=[Edit],controller=[Adoptions])
2025-12-09 10:18:09.579 +01:00 [DBG] Successfully processed template {controller=Home}/{action=Index}/{id?} for Route: {controller=Home}/{action=Index}/{id?} resulting in /Adoptions/Edit/1 and 
2025-12-09 10:18:09.582 +01:00 [DBG] Link generation succeeded for endpoints ["Route: {controller=Home}/{action=Index}/{id?}"] with result /Adoptions/Edit/1
2025-12-09 10:18:09.586 +01:00 [DBG] Found the endpoints ["Route: {controller=Home}/{action=Index}/{id?}"] for address (id=[1],action=[Details],controller=[Adoptions])
2025-12-09 10:18:09.587 +01:00 [DBG] Successfully processed template {controller=Home}/{action=Index}/{id?} for Route: {controller=Home}/{action=Index}/{id?} resulting in /Adoptions/Details/1 and 
2025-12-09 10:18:09.589 +01:00 [DBG] Link generation succeeded for endpoints ["Route: {controller=Home}/{action=Index}/{id?}"] with result /Adoptions/Details/1
2025-12-09 10:18:09.592 +01:00 [DBG] Found the endpoints ["Route: {controller=Home}/{action=Index}/{id?}"] for address (id=[1],action=[Delete],controller=[Adoptions])
2025-12-09 10:18:09.594 +01:00 [DBG] Successfully processed template {controller=Home}/{action=Index}/{id?} for Route: {controller=Home}/{action=Index}/{id?} resulting in /Adoptions/Delete/1 and 
2025-12-09 10:18:09.597 +01:00 [DBG] Link generation succeeded for endpoints ["Route: {controller=Home}/{action=Index}/{id?}"] with result /Adoptions/Delete/1
2025-12-09 10:18:09.600 +01:00 [DBG] View lookup cache miss for view '_Layout' in controller 'Adoptions'.
2025-12-09 10:18:09.603 +01:00 [DBG] Found the endpoints ["Route: {controller=Home}/{action=Index}/{id?}"] for address (action=[Logout],controller=[Account])
2025-12-09 10:18:09.606 +01:00 [DBG] Successfully processed template {controller=Home}/{action=Index}/{id?} for Route: {controller=Home}/{action=Index}/{id?} resulting in /Account/Logout and 
2025-12-09 10:18:09.609 +01:00 [DBG] Link generation succeeded for endpoints ["Route: {controller=Home}/{action=Index}/{id?}"] with result /Account/Logout
2025-12-09 10:18:09.613 +01:00 [DBG] An antiforgery cookie token was reused.
2025-12-09 10:18:09.619 +01:00 [DBG] Response markup is scheduled to include Browser Link script injection.
2025-12-09 10:18:09.621 +01:00 [DBG] Response markup is scheduled to include browser refresh script injection.
2025-12-09 10:18:09.623 +01:00 [INF] Executed ViewResult - view Index executed in 110.3826ms.
2025-12-09 10:18:09.661 +01:00 [INF] Executed action ValcharUtulek.Controllers.AdoptionsController.Index (ValcharUtulek) in 321.3832ms
2025-12-09 10:18:09.662 +01:00 [INF] Executed endpoint 'ValcharUtulek.Controllers.AdoptionsController.Index (ValcharUtulek)'
2025-12-09 10:18:09.664 +01:00 [DBG] Response markup was updated to include Browser Link script injection.
2025-12-09 10:18:09.665 +01:00 [DBG] Response markup was updated to include browser refresh script injection.
2025-12-09 10:18:09.667 +01:00 [DBG] 'ShelterDbContext' disposed.
2025-12-09 10:18:09.668 +01:00 [DBG] Disposing connection to database 'shelter' on server '127.0.0.1'.
2025-12-09 10:18:09.671 +01:00 [DBG] Disposed connection to database 'shelter' on server '127.0.0.1' (2ms).
2025-12-09 10:18:09.673 +01:00 [INF] Request finished HTTP/2 GET https://localhost:7079/Adoptions - 200 null text/html; charset=utf-8 406.4495ms
2025-12-09 10:18:09.676 +01:00 [INF] Request starting HTTP/2 GET https://localhost:7079/_framework/aspnetcore-browser-refresh.js - null null
2025-12-09 10:18:09.675 +01:00 [INF] Request starting HTTP/2 GET https://localhost:7079/css/site.css?v=iabBAHNTKZtOxwGRwVpXWEEYgdUCwG-6BI3d3a4Xz8g - null null
2025-12-09 10:18:09.685 +01:00 [INF] Request starting HTTP/2 GET https://localhost:7079/_vs/browserLink - null null
2025-12-09 10:18:09.690 +01:00 [DBG] Script injected: /_framework/aspnetcore-browser-refresh.js
2025-12-09 10:18:09.693 +01:00 [INF] The file /css/site.css was not modified
2025-12-09 10:18:09.698 +01:00 [INF] Request finished HTTP/2 GET https://localhost:7079/_framework/aspnetcore-browser-refresh.js - 200 16511 application/javascript; charset=utf-8 21.4416ms
2025-12-09 10:18:09.704 +01:00 [DBG] Handled. Status code: 304 File: /css/site.css
2025-12-09 10:18:09.708 +01:00 [INF] Request finished HTTP/2 GET https://localhost:7079/_vs/browserLink - 200 null text/javascript; charset=UTF-8 22.4435ms
2025-12-09 10:18:09.711 +01:00 [INF] Request finished HTTP/2 GET https://localhost:7079/css/site.css?v=iabBAHNTKZtOxwGRwVpXWEEYgdUCwG-6BI3d3a4Xz8g - 304 null text/css 36.1123ms
2025-12-09 10:18:11.889 +01:00 [INF] Request starting HTTP/2 GET https://localhost:7079/Users - null null
2025-12-09 10:18:11.894 +01:00 [DBG] The request path /Users does not match a supported file type
2025-12-09 10:18:11.896 +01:00 [DBG] 1 candidate(s) found for the request path '/Users'
2025-12-09 10:18:11.898 +01:00 [DBG] Endpoint 'ValcharUtulek.Controllers.UsersController.Index (ValcharUtulek)' with route pattern '{controller=Home}/{action=Index}/{id?}' is valid for the request path '/Users'
2025-12-09 10:18:11.899 +01:00 [DBG] Request matched endpoint 'ValcharUtulek.Controllers.UsersController.Index (ValcharUtulek)'
2025-12-09 10:18:11.901 +01:00 [DBG] AuthenticationScheme: Cookies was successfully authenticated.
2025-12-09 10:18:11.903 +01:00 [DBG] Authorization was successful.
2025-12-09 10:18:11.904 +01:00 [INF] Executing endpoint 'ValcharUtulek.Controllers.UsersController.Index (ValcharUtulek)'
2025-12-09 10:18:11.905 +01:00 [INF] Route matched with {action = "Index", controller = "Users"}. Executing controller action with signature System.Threading.Tasks.Task`1[Microsoft.AspNetCore.Mvc.IActionResult] Index() on controller ValcharUtulek.Controllers.UsersController (ValcharUtulek).
2025-12-09 10:18:11.908 +01:00 [DBG] Execution plan of authorization filters (in the following order): ["None"]
2025-12-09 10:18:11.909 +01:00 [DBG] Execution plan of resource filters (in the following order): ["Microsoft.AspNetCore.Mvc.ViewFeatures.Filters.SaveTempDataFilter"]
2025-12-09 10:18:11.911 +01:00 [DBG] Execution plan of action filters (in the following order): ["Microsoft.AspNetCore.Mvc.Filters.ControllerActionFilter (Order: -2147483648)","Microsoft.AspNetCore.Mvc.ModelBinding.UnsupportedContentTypeFilter (Order: -3000)"]
2025-12-09 10:18:11.913 +01:00 [DBG] Execution plan of exception filters (in the following order): ["None"]
2025-12-09 10:18:11.915 +01:00 [DBG] Execution plan of result filters (in the following order): ["Microsoft.AspNetCore.Mvc.ViewFeatures.Filters.SaveTempDataFilter"]
2025-12-09 10:18:11.917 +01:00 [DBG] Executing controller factory for controller ValcharUtulek.Controllers.UsersController (ValcharUtulek)
2025-12-09 10:18:11.927 +01:00 [DBG] Executed controller factory for controller ValcharUtulek.Controllers.UsersController (ValcharUtulek)
2025-12-09 10:18:11.929 +01:00 [DBG] Entity Framework Core 9.0.10 initialized 'ShelterDbContext' using provider 'Pomelo.EntityFrameworkCore.MySql:9.0.0' with options: ParameterizedCollectionTranslationMode=Constantize ServerVersion=8.0.44-mysql 
2025-12-09 10:18:11.936 +01:00 [DBG] Creating DbConnection.
2025-12-09 10:18:11.937 +01:00 [DBG] Created DbConnection. (1ms).
2025-12-09 10:18:11.938 +01:00 [DBG] Opening connection to database 'shelter' on server '127.0.0.1'.
2025-12-09 10:18:11.941 +01:00 [DBG] Opened connection to database 'shelter' on server '127.0.0.1'.
2025-12-09 10:18:11.942 +01:00 [DBG] Creating DbCommand for 'ExecuteReader'.
2025-12-09 10:18:11.944 +01:00 [DBG] Created DbCommand for 'ExecuteReader' (1ms).
2025-12-09 10:18:11.945 +01:00 [DBG] Initialized DbCommand for 'ExecuteReader' (2ms).
2025-12-09 10:18:11.947 +01:00 [DBG] Executing DbCommand [Parameters=[@__p_0='?' (DbType = Int32)], CommandType='"Text"', CommandTimeout='30']
SELECT `u`.`UserId`, `u`.`Email`, `u`.`Name`, `u`.`password_hash`, `u`.`RegistrationDate`, `u`.`Role`
FROM `Users` AS `u`
WHERE `u`.`UserId` = @__p_0
LIMIT 1
2025-12-09 10:18:11.950 +01:00 [INF] Executed DbCommand (3ms) [Parameters=[@__p_0='?' (DbType = Int32)], CommandType='"Text"', CommandTimeout='30']
SELECT `u`.`UserId`, `u`.`Email`, `u`.`Name`, `u`.`password_hash`, `u`.`RegistrationDate`, `u`.`Role`
FROM `Users` AS `u`
WHERE `u`.`UserId` = @__p_0
LIMIT 1
2025-12-09 10:18:11.952 +01:00 [DBG] Context 'ShelterDbContext' started tracking 'User' entity. Consider using 'DbContextOptionsBuilder.EnableSensitiveDataLogging' to see key values.
2025-12-09 10:18:11.954 +01:00 [DBG] Closing data reader to 'shelter' on server '127.0.0.1'.
2025-12-09 10:18:11.956 +01:00 [DBG] A data reader for 'shelter' on server '127.0.0.1' is being disposed after spending 3ms reading results.
2025-12-09 10:18:11.957 +01:00 [DBG] Closing connection to database 'shelter' on server '127.0.0.1'.
2025-12-09 10:18:11.959 +01:00 [DBG] Closed connection to database 'shelter' on server '127.0.0.1' (1ms).
2025-12-09 10:18:11.962 +01:00 [DBG] Opening connection to database 'shelter' on server '127.0.0.1'.
2025-12-09 10:18:11.965 +01:00 [DBG] Opened connection to database 'shelter' on server '127.0.0.1'.
2025-12-09 10:18:11.967 +01:00 [DBG] Creating DbCommand for 'ExecuteReader'.
2025-12-09 10:18:11.968 +01:00 [DBG] Created DbCommand for 'ExecuteReader' (1ms).
2025-12-09 10:18:11.969 +01:00 [DBG] Initialized DbCommand for 'ExecuteReader' (2ms).
2025-12-09 10:18:11.971 +01:00 [DBG] Executing DbCommand [Parameters=[@__userId_0='?' (DbType = Int32)], CommandType='"Text"', CommandTimeout='30']
SELECT `a`.`AdoptionId`, `a0`.`AnimalId`, `a0`.`Name` AS `AnimalName`, `a0`.`Species` AS `AnimalSpecies`, `a`.`AdoptionDate`, `a`.`Amount`
FROM `Adoptions` AS `a`
INNER JOIN `Animals` AS `a0` ON `a`.`AnimalId` = `a0`.`AnimalId`
WHERE `a`.`UserId` = @__userId_0
2025-12-09 10:18:11.974 +01:00 [INF] Executed DbCommand (3ms) [Parameters=[@__userId_0='?' (DbType = Int32)], CommandType='"Text"', CommandTimeout='30']
SELECT `a`.`AdoptionId`, `a0`.`AnimalId`, `a0`.`Name` AS `AnimalName`, `a0`.`Species` AS `AnimalSpecies`, `a`.`AdoptionDate`, `a`.`Amount`
FROM `Adoptions` AS `a`
INNER JOIN `Animals` AS `a0` ON `a`.`AnimalId` = `a0`.`AnimalId`
WHERE `a`.`UserId` = @__userId_0
2025-12-09 10:18:11.977 +01:00 [DBG] Closing data reader to 'shelter' on server '127.0.0.1'.
2025-12-09 10:18:11.978 +01:00 [DBG] A data reader for 'shelter' on server '127.0.0.1' is being disposed after spending 1ms reading results.
2025-12-09 10:18:11.980 +01:00 [DBG] Closing connection to database 'shelter' on server '127.0.0.1'.
2025-12-09 10:18:11.982 +01:00 [DBG] Closed connection to database 'shelter' on server '127.0.0.1' (1ms).
2025-12-09 10:18:11.984 +01:00 [DBG] Opening connection to database 'shelter' on server '127.0.0.1'.
2025-12-09 10:18:11.986 +01:00 [DBG] Opened connection to database 'shelter' on server '127.0.0.1'.
2025-12-09 10:18:11.988 +01:00 [DBG] Creating DbCommand for 'ExecuteReader'.
2025-12-09 10:18:11.989 +01:00 [DBG] Created DbCommand for 'ExecuteReader' (1ms).
2025-12-09 10:18:11.991 +01:00 [DBG] Initialized DbCommand for 'ExecuteReader' (2ms).
2025-12-09 10:18:11.992 +01:00 [DBG] Executing DbCommand [Parameters=[@__userId_0='?' (DbType = Int32)], CommandType='"Text"', CommandTimeout='30']
SELECT `g`.`GiftId`, `g`.`Amount`, `g`.`GiftDate`, `g`.`UserId`
FROM `Gifts` AS `g`
WHERE `g`.`UserId` = @__userId_0
ORDER BY `g`.`GiftDate` DESC
2025-12-09 10:18:11.995 +01:00 [INF] Executed DbCommand (3ms) [Parameters=[@__userId_0='?' (DbType = Int32)], CommandType='"Text"', CommandTimeout='30']
SELECT `g`.`GiftId`, `g`.`Amount`, `g`.`GiftDate`, `g`.`UserId`
FROM `Gifts` AS `g`
WHERE `g`.`UserId` = @__userId_0
ORDER BY `g`.`GiftDate` DESC
2025-12-09 10:18:11.998 +01:00 [DBG] Closing data reader to 'shelter' on server '127.0.0.1'.
2025-12-09 10:18:11.999 +01:00 [DBG] A data reader for 'shelter' on server '127.0.0.1' is being disposed after spending 1ms reading results.
2025-12-09 10:18:12.002 +01:00 [DBG] Closing connection to database 'shelter' on server '127.0.0.1'.
2025-12-09 10:18:12.004 +01:00 [DBG] Closed connection to database 'shelter' on server '127.0.0.1' (1ms).
2025-12-09 10:18:12.006 +01:00 [DBG] View lookup cache hit for view 'Index' in controller 'Users'.
2025-12-09 10:18:12.008 +01:00 [INF] Executing ViewResult, running view Index.
2025-12-09 10:18:12.010 +01:00 [DBG] The view path '/Views/Users/Index.cshtml' was found in 3.4168ms.
2025-12-09 10:18:12.013 +01:00 [DBG] Found the endpoints ["Route: {controller=Home}/{action=Index}/{id?}"] for address (action=[Index],controller=[Adoptions])
2025-12-09 10:18:12.015 +01:00 [DBG] Successfully processed template {controller=Home}/{action=Index}/{id?} for Route: {controller=Home}/{action=Index}/{id?} resulting in /Adoptions and 
2025-12-09 10:18:12.018 +01:00 [DBG] Link generation succeeded for endpoints ["Route: {controller=Home}/{action=Index}/{id?}"] with result /Adoptions
2025-12-09 10:18:12.020 +01:00 [DBG] Found the endpoints ["Route: {controller=Home}/{action=Index}/{id?}"] for address (action=[Create],controller=[Gifts])
2025-12-09 10:18:12.023 +01:00 [DBG] Successfully processed template {controller=Home}/{action=Index}/{id?} for Route: {controller=Home}/{action=Index}/{id?} resulting in /Gifts/Create and 
2025-12-09 10:18:12.025 +01:00 [DBG] Link generation succeeded for endpoints ["Route: {controller=Home}/{action=Index}/{id?}"] with result /Gifts/Create
2025-12-09 10:18:12.027 +01:00 [DBG] View lookup cache hit for view '_Layout' in controller 'Users'.
2025-12-09 10:18:12.030 +01:00 [DBG] Found the endpoints ["Route: {controller=Home}/{action=Index}/{id?}"] for address (action=[Logout],controller=[Account])
2025-12-09 10:18:12.032 +01:00 [DBG] Successfully processed template {controller=Home}/{action=Index}/{id?} for Route: {controller=Home}/{action=Index}/{id?} resulting in /Account/Logout and 
2025-12-09 10:18:12.034 +01:00 [DBG] Link generation succeeded for endpoints ["Route: {controller=Home}/{action=Index}/{id?}"] with result /Account/Logout
2025-12-09 10:18:12.037 +01:00 [DBG] An antiforgery cookie token was reused.
2025-12-09 10:18:12.038 +01:00 [DBG] Response markup is scheduled to include Browser Link script injection.
2025-12-09 10:18:12.039 +01:00 [DBG] Response markup is scheduled to include browser refresh script injection.
2025-12-09 10:18:12.041 +01:00 [INF] Executed ViewResult - view Index executed in 34.4786ms.
2025-12-09 10:18:12.043 +01:00 [INF] Executed action ValcharUtulek.Controllers.UsersController.Index (ValcharUtulek) in 125.7474ms
2025-12-09 10:18:12.045 +01:00 [INF] Executed endpoint 'ValcharUtulek.Controllers.UsersController.Index (ValcharUtulek)'
2025-12-09 10:18:12.046 +01:00 [DBG] Response markup was updated to include Browser Link script injection.
2025-12-09 10:18:12.048 +01:00 [DBG] Response markup was updated to include browser refresh script injection.
2025-12-09 10:18:12.050 +01:00 [DBG] 'ShelterDbContext' disposed.
2025-12-09 10:18:12.053 +01:00 [DBG] Disposing connection to database 'shelter' on server '127.0.0.1'.
2025-12-09 10:18:12.056 +01:00 [DBG] Disposed connection to database 'shelter' on server '127.0.0.1' (3ms).
2025-12-09 10:18:12.059 +01:00 [INF] Request finished HTTP/2 GET https://localhost:7079/Users - 200 null text/html; charset=utf-8 169.9827ms
2025-12-09 10:18:12.102 +01:00 [INF] Request starting HTTP/2 GET https://localhost:7079/_framework/aspnetcore-browser-refresh.js - null null
2025-12-09 10:18:12.106 +01:00 [DBG] Script injected: /_framework/aspnetcore-browser-refresh.js
2025-12-09 10:18:12.108 +01:00 [INF] Request finished HTTP/2 GET https://localhost:7079/_framework/aspnetcore-browser-refresh.js - 200 16511 application/javascript; charset=utf-8 5.6234ms
2025-12-09 10:18:13.035 +01:00 [INF] Request starting HTTP/2 GET https://localhost:7079/Gifts/Create - null null
2025-12-09 10:18:13.040 +01:00 [DBG] The request path /Gifts/Create does not match a supported file type
2025-12-09 10:18:13.041 +01:00 [DBG] 1 candidate(s) found for the request path '/Gifts/Create'
2025-12-09 10:18:13.043 +01:00 [DBG] Endpoint 'ValcharUtulek.Controllers.GiftsController.Create (ValcharUtulek)' with route pattern '{controller=Home}/{action=Index}/{id?}' is valid for the request path '/Gifts/Create'
2025-12-09 10:18:13.045 +01:00 [DBG] Request matched endpoint 'ValcharUtulek.Controllers.GiftsController.Create (ValcharUtulek)'
2025-12-09 10:18:13.046 +01:00 [DBG] AuthenticationScheme: Cookies was successfully authenticated.
2025-12-09 10:18:13.048 +01:00 [INF] Executing endpoint 'ValcharUtulek.Controllers.GiftsController.Create (ValcharUtulek)'
2025-12-09 10:18:13.051 +01:00 [INF] Route matched with {action = "Create", controller = "Gifts"}. Executing controller action with signature Microsoft.AspNetCore.Mvc.IActionResult Create() on controller ValcharUtulek.Controllers.GiftsController (ValcharUtulek).
2025-12-09 10:18:13.053 +01:00 [DBG] Execution plan of authorization filters (in the following order): ["None"]
2025-12-09 10:18:13.055 +01:00 [DBG] Execution plan of resource filters (in the following order): ["Microsoft.AspNetCore.Mvc.ViewFeatures.Filters.SaveTempDataFilter"]
2025-12-09 10:18:13.057 +01:00 [DBG] Execution plan of action filters (in the following order): ["Microsoft.AspNetCore.Mvc.Filters.ControllerActionFilter (Order: -2147483648)","Microsoft.AspNetCore.Mvc.ModelBinding.UnsupportedContentTypeFilter (Order: -3000)"]
2025-12-09 10:18:13.059 +01:00 [DBG] Execution plan of exception filters (in the following order): ["None"]
2025-12-09 10:18:13.061 +01:00 [DBG] Execution plan of result filters (in the following order): ["Microsoft.AspNetCore.Mvc.ViewFeatures.Filters.SaveTempDataFilter"]
2025-12-09 10:18:13.062 +01:00 [DBG] Executing controller factory for controller ValcharUtulek.Controllers.GiftsController (ValcharUtulek)
2025-12-09 10:18:13.072 +01:00 [DBG] Executed controller factory for controller ValcharUtulek.Controllers.GiftsController (ValcharUtulek)
2025-12-09 10:18:13.075 +01:00 [DBG] View lookup cache miss for view 'Create' in controller 'Gifts'.
2025-12-09 10:18:13.077 +01:00 [INF] Executing ViewResult, running view Create.
2025-12-09 10:18:13.078 +01:00 [DBG] The view path '/Views/Gifts/Create.cshtml' was found in 3.5173ms.
2025-12-09 10:18:13.085 +01:00 [DBG] Found the endpoints ["Route: {controller=Home}/{action=Index}/{id?}"] for address (action=[Create],controller=[Gifts])
2025-12-09 10:18:13.088 +01:00 [DBG] Successfully processed template {controller=Home}/{action=Index}/{id?} for Route: {controller=Home}/{action=Index}/{id?} resulting in /Gifts/Create and 
2025-12-09 10:18:13.090 +01:00 [DBG] Link generation succeeded for endpoints ["Route: {controller=Home}/{action=Index}/{id?}"] with result /Gifts/Create
2025-12-09 10:18:13.094 +01:00 [DBG] An antiforgery cookie token was reused.
2025-12-09 10:18:13.133 +01:00 [DBG] Found the endpoints ["Route: {controller=Home}/{action=Index}/{id?}"] for address (action=[Index],controller=[Gifts])
2025-12-09 10:18:13.135 +01:00 [DBG] Successfully processed template {controller=Home}/{action=Index}/{id?} for Route: {controller=Home}/{action=Index}/{id?} resulting in /Gifts and 
2025-12-09 10:18:13.137 +01:00 [DBG] Link generation succeeded for endpoints ["Route: {controller=Home}/{action=Index}/{id?}"] with result /Gifts
2025-12-09 10:18:13.139 +01:00 [DBG] View lookup cache miss for view '_Layout' in controller 'Gifts'.
2025-12-09 10:18:13.142 +01:00 [DBG] Found the endpoints ["Route: {controller=Home}/{action=Index}/{id?}"] for address (action=[Logout],controller=[Account])
2025-12-09 10:18:13.144 +01:00 [DBG] Successfully processed template {controller=Home}/{action=Index}/{id?} for Route: {controller=Home}/{action=Index}/{id?} resulting in /Account/Logout and 
2025-12-09 10:18:13.146 +01:00 [DBG] Link generation succeeded for endpoints ["Route: {controller=Home}/{action=Index}/{id?}"] with result /Account/Logout
2025-12-09 10:18:13.148 +01:00 [DBG] An antiforgery cookie token was reused.
2025-12-09 10:18:13.150 +01:00 [DBG] Response markup is scheduled to include Browser Link script injection.
2025-12-09 10:18:13.152 +01:00 [DBG] Response markup is scheduled to include browser refresh script injection.
2025-12-09 10:18:13.153 +01:00 [INF] Executed ViewResult - view Create executed in 78.3492ms.
2025-12-09 10:18:13.155 +01:00 [INF] Executed action ValcharUtulek.Controllers.GiftsController.Create (ValcharUtulek) in 92.6853ms
2025-12-09 10:18:13.156 +01:00 [INF] Executed endpoint 'ValcharUtulek.Controllers.GiftsController.Create (ValcharUtulek)'
2025-12-09 10:18:13.158 +01:00 [DBG] Response markup was updated to include Browser Link script injection.
2025-12-09 10:18:13.159 +01:00 [DBG] Response markup was updated to include browser refresh script injection.
2025-12-09 10:18:13.161 +01:00 [INF] Request finished HTTP/2 GET https://localhost:7079/Gifts/Create - 200 null text/html; charset=utf-8 126.7332ms
2025-12-09 10:18:13.207 +01:00 [INF] Request starting HTTP/2 GET https://localhost:7079/_vs/browserLink - null null
2025-12-09 10:18:13.207 +01:00 [INF] Request starting HTTP/2 GET https://localhost:7079/_framework/aspnetcore-browser-refresh.js - null null
2025-12-09 10:18:13.214 +01:00 [DBG] Script injected: /_framework/aspnetcore-browser-refresh.js
2025-12-09 10:18:13.216 +01:00 [INF] Request finished HTTP/2 GET https://localhost:7079/_vs/browserLink - 200 null text/javascript; charset=UTF-8 9.3815ms
2025-12-09 10:18:13.217 +01:00 [INF] Request finished HTTP/2 GET https://localhost:7079/_framework/aspnetcore-browser-refresh.js - 200 16511 application/javascript; charset=utf-8 9.4962ms
2025-12-09 10:18:15.360 +01:00 [INF] Request starting HTTP/2 GET https://localhost:7079/Users - null null
2025-12-09 10:18:15.366 +01:00 [DBG] The request path /Users does not match a supported file type
2025-12-09 10:18:15.367 +01:00 [DBG] 1 candidate(s) found for the request path '/Users'
2025-12-09 10:18:15.369 +01:00 [DBG] Endpoint 'ValcharUtulek.Controllers.UsersController.Index (ValcharUtulek)' with route pattern '{controller=Home}/{action=Index}/{id?}' is valid for the request path '/Users'
2025-12-09 10:18:15.371 +01:00 [DBG] Request matched endpoint 'ValcharUtulek.Controllers.UsersController.Index (ValcharUtulek)'
2025-12-09 10:18:15.373 +01:00 [DBG] AuthenticationScheme: Cookies was successfully authenticated.
2025-12-09 10:18:15.376 +01:00 [DBG] Authorization was successful.
2025-12-09 10:18:15.377 +01:00 [INF] Executing endpoint 'ValcharUtulek.Controllers.UsersController.Index (ValcharUtulek)'
2025-12-09 10:18:15.378 +01:00 [INF] Route matched with {action = "Index", controller = "Users"}. Executing controller action with signature System.Threading.Tasks.Task`1[Microsoft.AspNetCore.Mvc.IActionResult] Index() on controller ValcharUtulek.Controllers.UsersController (ValcharUtulek).
2025-12-09 10:18:15.381 +01:00 [DBG] Execution plan of authorization filters (in the following order): ["None"]
2025-12-09 10:18:15.383 +01:00 [DBG] Execution plan of resource filters (in the following order): ["Microsoft.AspNetCore.Mvc.ViewFeatures.Filters.SaveTempDataFilter"]
2025-12-09 10:18:15.385 +01:00 [DBG] Execution plan of action filters (in the following order): ["Microsoft.AspNetCore.Mvc.Filters.ControllerActionFilter (Order: -2147483648)","Microsoft.AspNetCore.Mvc.ModelBinding.UnsupportedContentTypeFilter (Order: -3000)"]
2025-12-09 10:18:15.387 +01:00 [DBG] Execution plan of exception filters (in the following order): ["None"]
2025-12-09 10:18:15.389 +01:00 [DBG] Execution plan of result filters (in the following order): ["Microsoft.AspNetCore.Mvc.ViewFeatures.Filters.SaveTempDataFilter"]
2025-12-09 10:18:15.391 +01:00 [DBG] Executing controller factory for controller ValcharUtulek.Controllers.UsersController (ValcharUtulek)
2025-12-09 10:18:15.403 +01:00 [DBG] Executed controller factory for controller ValcharUtulek.Controllers.UsersController (ValcharUtulek)
2025-12-09 10:18:15.406 +01:00 [DBG] Entity Framework Core 9.0.10 initialized 'ShelterDbContext' using provider 'Pomelo.EntityFrameworkCore.MySql:9.0.0' with options: ParameterizedCollectionTranslationMode=Constantize ServerVersion=8.0.44-mysql 
2025-12-09 10:18:15.410 +01:00 [DBG] Creating DbConnection.
2025-12-09 10:18:15.411 +01:00 [DBG] Created DbConnection. (1ms).
2025-12-09 10:18:15.412 +01:00 [DBG] Opening connection to database 'shelter' on server '127.0.0.1'.
2025-12-09 10:18:15.415 +01:00 [DBG] Opened connection to database 'shelter' on server '127.0.0.1'.
2025-12-09 10:18:15.417 +01:00 [DBG] Creating DbCommand for 'ExecuteReader'.
2025-12-09 10:18:15.418 +01:00 [DBG] Created DbCommand for 'ExecuteReader' (1ms).
2025-12-09 10:18:15.419 +01:00 [DBG] Initialized DbCommand for 'ExecuteReader' (2ms).
2025-12-09 10:18:15.421 +01:00 [DBG] Executing DbCommand [Parameters=[@__p_0='?' (DbType = Int32)], CommandType='"Text"', CommandTimeout='30']
SELECT `u`.`UserId`, `u`.`Email`, `u`.`Name`, `u`.`password_hash`, `u`.`RegistrationDate`, `u`.`Role`
FROM `Users` AS `u`
WHERE `u`.`UserId` = @__p_0
LIMIT 1
2025-12-09 10:18:15.424 +01:00 [INF] Executed DbCommand (3ms) [Parameters=[@__p_0='?' (DbType = Int32)], CommandType='"Text"', CommandTimeout='30']
SELECT `u`.`UserId`, `u`.`Email`, `u`.`Name`, `u`.`password_hash`, `u`.`RegistrationDate`, `u`.`Role`
FROM `Users` AS `u`
WHERE `u`.`UserId` = @__p_0
LIMIT 1
2025-12-09 10:18:15.426 +01:00 [DBG] Context 'ShelterDbContext' started tracking 'User' entity. Consider using 'DbContextOptionsBuilder.EnableSensitiveDataLogging' to see key values.
2025-12-09 10:18:15.428 +01:00 [DBG] Closing data reader to 'shelter' on server '127.0.0.1'.
2025-12-09 10:18:15.429 +01:00 [DBG] A data reader for 'shelter' on server '127.0.0.1' is being disposed after spending 3ms reading results.
2025-12-09 10:18:15.432 +01:00 [DBG] Closing connection to database 'shelter' on server '127.0.0.1'.
2025-12-09 10:18:15.433 +01:00 [DBG] Closed connection to database 'shelter' on server '127.0.0.1' (1ms).
2025-12-09 10:18:15.436 +01:00 [DBG] Opening connection to database 'shelter' on server '127.0.0.1'.
2025-12-09 10:18:15.438 +01:00 [DBG] Opened connection to database 'shelter' on server '127.0.0.1'.
2025-12-09 10:18:15.440 +01:00 [DBG] Creating DbCommand for 'ExecuteReader'.
2025-12-09 10:18:15.441 +01:00 [DBG] Created DbCommand for 'ExecuteReader' (1ms).
2025-12-09 10:18:15.442 +01:00 [DBG] Initialized DbCommand for 'ExecuteReader' (2ms).
2025-12-09 10:18:15.444 +01:00 [DBG] Executing DbCommand [Parameters=[@__userId_0='?' (DbType = Int32)], CommandType='"Text"', CommandTimeout='30']
SELECT `a`.`AdoptionId`, `a0`.`AnimalId`, `a0`.`Name` AS `AnimalName`, `a0`.`Species` AS `AnimalSpecies`, `a`.`AdoptionDate`, `a`.`Amount`
FROM `Adoptions` AS `a`
INNER JOIN `Animals` AS `a0` ON `a`.`AnimalId` = `a0`.`AnimalId`
WHERE `a`.`UserId` = @__userId_0
2025-12-09 10:18:15.447 +01:00 [INF] Executed DbCommand (3ms) [Parameters=[@__userId_0='?' (DbType = Int32)], CommandType='"Text"', CommandTimeout='30']
SELECT `a`.`AdoptionId`, `a0`.`AnimalId`, `a0`.`Name` AS `AnimalName`, `a0`.`Species` AS `AnimalSpecies`, `a`.`AdoptionDate`, `a`.`Amount`
FROM `Adoptions` AS `a`
INNER JOIN `Animals` AS `a0` ON `a`.`AnimalId` = `a0`.`AnimalId`
WHERE `a`.`UserId` = @__userId_0
2025-12-09 10:18:15.449 +01:00 [DBG] Closing data reader to 'shelter' on server '127.0.0.1'.
2025-12-09 10:18:15.450 +01:00 [DBG] A data reader for 'shelter' on server '127.0.0.1' is being disposed after spending 1ms reading results.
2025-12-09 10:18:15.452 +01:00 [DBG] Closing connection to database 'shelter' on server '127.0.0.1'.
2025-12-09 10:18:15.454 +01:00 [DBG] Closed connection to database 'shelter' on server '127.0.0.1' (1ms).
2025-12-09 10:18:15.456 +01:00 [DBG] Opening connection to database 'shelter' on server '127.0.0.1'.
2025-12-09 10:18:15.458 +01:00 [DBG] Opened connection to database 'shelter' on server '127.0.0.1'.
2025-12-09 10:18:15.459 +01:00 [DBG] Creating DbCommand for 'ExecuteReader'.
2025-12-09 10:18:15.460 +01:00 [DBG] Created DbCommand for 'ExecuteReader' (1ms).
2025-12-09 10:18:15.463 +01:00 [DBG] Initialized DbCommand for 'ExecuteReader' (3ms).
2025-12-09 10:18:15.464 +01:00 [DBG] Executing DbCommand [Parameters=[@__userId_0='?' (DbType = Int32)], CommandType='"Text"', CommandTimeout='30']
SELECT `g`.`GiftId`, `g`.`Amount`, `g`.`GiftDate`, `g`.`UserId`
FROM `Gifts` AS `g`
WHERE `g`.`UserId` = @__userId_0
ORDER BY `g`.`GiftDate` DESC
2025-12-09 10:18:15.467 +01:00 [INF] Executed DbCommand (3ms) [Parameters=[@__userId_0='?' (DbType = Int32)], CommandType='"Text"', CommandTimeout='30']
SELECT `g`.`GiftId`, `g`.`Amount`, `g`.`GiftDate`, `g`.`UserId`
FROM `Gifts` AS `g`
WHERE `g`.`UserId` = @__userId_0
ORDER BY `g`.`GiftDate` DESC
2025-12-09 10:18:15.469 +01:00 [DBG] Closing data reader to 'shelter' on server '127.0.0.1'.
2025-12-09 10:18:15.471 +01:00 [DBG] A data reader for 'shelter' on server '127.0.0.1' is being disposed after spending 1ms reading results.
2025-12-09 10:18:15.473 +01:00 [DBG] Closing connection to database 'shelter' on server '127.0.0.1'.
2025-12-09 10:18:15.474 +01:00 [DBG] Closed connection to database 'shelter' on server '127.0.0.1' (1ms).
2025-12-09 10:18:15.478 +01:00 [DBG] View lookup cache hit for view 'Index' in controller 'Users'.
2025-12-09 10:18:15.480 +01:00 [INF] Executing ViewResult, running view Index.
2025-12-09 10:18:15.482 +01:00 [DBG] The view path '/Views/Users/Index.cshtml' was found in 3.2617ms.
2025-12-09 10:18:15.484 +01:00 [DBG] Found the endpoints ["Route: {controller=Home}/{action=Index}/{id?}"] for address (action=[Index],controller=[Adoptions])
2025-12-09 10:18:15.487 +01:00 [DBG] Successfully processed template {controller=Home}/{action=Index}/{id?} for Route: {controller=Home}/{action=Index}/{id?} resulting in /Adoptions and 
2025-12-09 10:18:15.489 +01:00 [DBG] Link generation succeeded for endpoints ["Route: {controller=Home}/{action=Index}/{id?}"] with result /Adoptions
2025-12-09 10:18:15.493 +01:00 [DBG] Found the endpoints ["Route: {controller=Home}/{action=Index}/{id?}"] for address (action=[Create],controller=[Gifts])
2025-12-09 10:18:15.495 +01:00 [DBG] Successfully processed template {controller=Home}/{action=Index}/{id?} for Route: {controller=Home}/{action=Index}/{id?} resulting in /Gifts/Create and 
2025-12-09 10:18:15.497 +01:00 [DBG] Link generation succeeded for endpoints ["Route: {controller=Home}/{action=Index}/{id?}"] with result /Gifts/Create
2025-12-09 10:18:15.500 +01:00 [DBG] View lookup cache hit for view '_Layout' in controller 'Users'.
2025-12-09 10:18:15.501 +01:00 [DBG] Found the endpoints ["Route: {controller=Home}/{action=Index}/{id?}"] for address (action=[Logout],controller=[Account])
2025-12-09 10:18:15.503 +01:00 [DBG] Successfully processed template {controller=Home}/{action=Index}/{id?} for Route: {controller=Home}/{action=Index}/{id?} resulting in /Account/Logout and 
2025-12-09 10:18:15.505 +01:00 [DBG] Link generation succeeded for endpoints ["Route: {controller=Home}/{action=Index}/{id?}"] with result /Account/Logout
2025-12-09 10:18:15.508 +01:00 [DBG] An antiforgery cookie token was reused.
2025-12-09 10:18:15.509 +01:00 [DBG] Response markup is scheduled to include Browser Link script injection.
2025-12-09 10:18:15.510 +01:00 [DBG] Response markup is scheduled to include browser refresh script injection.
2025-12-09 10:18:15.511 +01:00 [INF] Executed ViewResult - view Index executed in 32.6051ms.
2025-12-09 10:18:15.513 +01:00 [INF] Executed action ValcharUtulek.Controllers.UsersController.Index (ValcharUtulek) in 121.8765ms
2025-12-09 10:18:15.514 +01:00 [INF] Executed endpoint 'ValcharUtulek.Controllers.UsersController.Index (ValcharUtulek)'
2025-12-09 10:18:15.515 +01:00 [DBG] Response markup was updated to include Browser Link script injection.
2025-12-09 10:18:15.516 +01:00 [DBG] Response markup was updated to include browser refresh script injection.
2025-12-09 10:18:15.518 +01:00 [DBG] 'ShelterDbContext' disposed.
2025-12-09 10:18:15.519 +01:00 [DBG] Disposing connection to database 'shelter' on server '127.0.0.1'.
2025-12-09 10:18:15.522 +01:00 [DBG] Disposed connection to database 'shelter' on server '127.0.0.1' (2ms).
2025-12-09 10:18:15.524 +01:00 [INF] Request finished HTTP/2 GET https://localhost:7079/Users - 200 null text/html; charset=utf-8 163.5768ms
2025-12-09 10:18:15.565 +01:00 [INF] Request starting HTTP/2 GET https://localhost:7079/_framework/aspnetcore-browser-refresh.js - null null
2025-12-09 10:18:15.569 +01:00 [DBG] Script injected: /_framework/aspnetcore-browser-refresh.js
2025-12-09 10:18:15.570 +01:00 [INF] Request finished HTTP/2 GET https://localhost:7079/_framework/aspnetcore-browser-refresh.js - 200 16511 application/javascript; charset=utf-8 5.4232ms
2025-12-09 10:20:09.573 +01:00 [INF] Request starting HTTP/2 GET https://localhost:7079/News - null null
2025-12-09 10:20:09.589 +01:00 [DBG] The request path /News does not match a supported file type
2025-12-09 10:20:09.590 +01:00 [DBG] 1 candidate(s) found for the request path '/News'
2025-12-09 10:20:09.592 +01:00 [DBG] Endpoint 'ValcharUtulek.Controllers.NewsController.Index (ValcharUtulek)' with route pattern '{controller=Home}/{action=Index}/{id?}' is valid for the request path '/News'
2025-12-09 10:20:09.593 +01:00 [DBG] Request matched endpoint 'ValcharUtulek.Controllers.NewsController.Index (ValcharUtulek)'
2025-12-09 10:20:09.595 +01:00 [DBG] AuthenticationScheme: Cookies was successfully authenticated.
2025-12-09 10:20:09.596 +01:00 [INF] Executing endpoint 'ValcharUtulek.Controllers.NewsController.Index (ValcharUtulek)'
2025-12-09 10:20:09.601 +01:00 [INF] Route matched with {action = "Index", controller = "News"}. Executing controller action with signature System.Threading.Tasks.Task`1[Microsoft.AspNetCore.Mvc.IActionResult] Index() on controller ValcharUtulek.Controllers.NewsController (ValcharUtulek).
2025-12-09 10:20:09.604 +01:00 [DBG] Execution plan of authorization filters (in the following order): ["None"]
2025-12-09 10:20:09.605 +01:00 [DBG] Execution plan of resource filters (in the following order): ["Microsoft.AspNetCore.Mvc.ViewFeatures.Filters.SaveTempDataFilter"]
2025-12-09 10:20:09.607 +01:00 [DBG] Execution plan of action filters (in the following order): ["Microsoft.AspNetCore.Mvc.Filters.ControllerActionFilter (Order: -2147483648)","Microsoft.AspNetCore.Mvc.ModelBinding.UnsupportedContentTypeFilter (Order: -3000)"]
2025-12-09 10:20:09.609 +01:00 [DBG] Execution plan of exception filters (in the following order): ["None"]
2025-12-09 10:20:09.611 +01:00 [DBG] Execution plan of result filters (in the following order): ["Microsoft.AspNetCore.Mvc.ViewFeatures.Filters.SaveTempDataFilter"]
2025-12-09 10:20:09.613 +01:00 [DBG] Executing controller factory for controller ValcharUtulek.Controllers.NewsController (ValcharUtulek)
2025-12-09 10:20:09.626 +01:00 [DBG] Executed controller factory for controller ValcharUtulek.Controllers.NewsController (ValcharUtulek)
2025-12-09 10:20:09.630 +01:00 [DBG] Entity Framework Core 9.0.10 initialized 'ShelterDbContext' using provider 'Pomelo.EntityFrameworkCore.MySql:9.0.0' with options: ParameterizedCollectionTranslationMode=Constantize ServerVersion=8.0.44-mysql 
2025-12-09 10:20:09.634 +01:00 [DBG] Compiling query expression: 
'DbSet<News>()'
2025-12-09 10:20:09.640 +01:00 [DBG] Generated query execution expression: 
'queryContext => SingleQueryingEnumerable.Create<News>(
    relationalQueryContext: (RelationalQueryContext)queryContext, 
    relationalCommandResolver: parameters => [LIFTABLE Constant: RelationalCommandCache.QueryExpression(
        Projection Mapping:
            EmptyProjectionMember -> Dictionary<IProperty, int> { [Property: News.NewsId (int) Required PK AfterSave:Throw ValueGenerated.OnAdd, 0], [Property: News.AuthorId (int) Required, 1], [Property: News.Content (string), 2], [Property: News.DateAdded (DateOnly) Required, 3], [Property: News.Photo (string), 4], [Property: News.Title (string), 5] }
        SELECT n.NewsId, n.AuthorId, n.Content, n.DateAdded, n.Photo, n.Title
        FROM News AS n) | Resolver: c => new RelationalCommandCache(
        c.Dependencies.MemoryCache, 
        c.RelationalDependencies.QuerySqlGeneratorFactory, 
        c.RelationalDependencies.RelationalParameterBasedSqlProcessorFactory, 
        Projection Mapping:
            EmptyProjectionMember -> Dictionary<IProperty, int> { [Property: News.NewsId (int) Required PK AfterSave:Throw ValueGenerated.OnAdd, 0], [Property: News.AuthorId (int) Required, 1], [Property: News.Content (string), 2], [Property: News.DateAdded (DateOnly) Required, 3], [Property: News.Photo (string), 4], [Property: News.Title (string), 5] }
        SELECT n.NewsId, n.AuthorId, n.Content, n.DateAdded, n.Photo, n.Title
        FROM News AS n, 
        False, 
        new HashSet<string>(
            new string[]{ }, 
            StringComparer.Ordinal
        )
    )].GetRelationalCommandTemplate(parameters), 
    readerColumns: null, 
    shaper: (queryContext, dataReader, resultContext, resultCoordinator) => 
    {
        News entity;
        entity = 
        {
            MaterializationContext materializationContext1;
            IEntityType entityType1;
            News instance1;
            InternalEntityEntry entry1;
            bool hasNullKey1;
            materializationContext1 = new MaterializationContext(
                [LIFTABLE Constant: ValueBuffer | Resolver: _ => (object)ValueBuffer.Empty], 
                queryContext.Context
            );
            instance1 = default(News);
            entry1 = queryContext.TryGetEntry(
                key: Key: News.NewsId PK, 
                keyValues: new object[]{ (object)dataReader.GetInt32(0) }, 
                throwOnNullKey: True, 
                hasNullKey: hasNullKey1);
            !(hasNullKey1) ? entry1 != default(InternalEntityEntry) ? 
            {
                entityType1 = entry1.EntityType;
                return instance1 = (News)entry1.Entity;
            } : 
            {
                ISnapshot shadowSnapshot1;
                shadowSnapshot1 = Snapshot;
                entityType1 = EntityType: News;
                instance1 = switch (entityType1)
                {
                    case EntityType: News: 
                        {
                            return 
                            {
                                News instance;
                                instance = new News();
                                instance.<NewsId>k__BackingField = dataReader.GetInt32(0);
                                instance.<AuthorId>k__BackingField = dataReader.GetInt32(1);
                                instance.<Content>k__BackingField = dataReader.IsDBNull(2) ? default(string) : dataReader.GetString(2);
                                instance.<DateAdded>k__BackingField = dataReader.GetFieldValue<DateOnly>(3);
                                instance.<Photo>k__BackingField = dataReader.IsDBNull(4) ? default(string) : dataReader.GetString(4);
                                instance.<Title>k__BackingField = dataReader.IsDBNull(5) ? default(string) : dataReader.GetString(5);
                                (instance is IInjectableService) ? ((IInjectableService)instance).Injected(
                                    context: materializationContext1.Context, 
                                    entity: instance, 
                                    queryTrackingBehavior: TrackAll, 
                                    structuralType: EntityType: News) : default(void);
                                return instance;
                            }}
                    default: 
                        default(News)
                }
                ;
                entry1 = entityType1 == default(IEntityType) ? default(InternalEntityEntry) : queryContext.StartTracking(
                    entityType: entityType1, 
                    entity: instance1, 
                    snapshot: shadowSnapshot1);
                return instance1;
            } : default(void);
            return instance1;
        };
        return entity;
    }, 
    contextType: ValcharUtulek.Database.ShelterDbContext, 
    standAloneStateManager: False, 
    detailedErrorsEnabled: False, 
    threadSafetyChecksEnabled: True)'
2025-12-09 10:20:09.645 +01:00 [DBG] Creating DbConnection.
2025-12-09 10:20:09.647 +01:00 [DBG] Created DbConnection. (1ms).
2025-12-09 10:20:09.648 +01:00 [DBG] Opening connection to database 'shelter' on server '127.0.0.1'.
2025-12-09 10:20:09.651 +01:00 [DBG] Opened connection to database 'shelter' on server '127.0.0.1'.
2025-12-09 10:20:09.653 +01:00 [DBG] Creating DbCommand for 'ExecuteReader'.
2025-12-09 10:20:09.654 +01:00 [DBG] Created DbCommand for 'ExecuteReader' (1ms).
2025-12-09 10:20:09.656 +01:00 [DBG] Initialized DbCommand for 'ExecuteReader' (3ms).
2025-12-09 10:20:09.657 +01:00 [DBG] Executing DbCommand [Parameters=[], CommandType='"Text"', CommandTimeout='30']
SELECT `n`.`NewsId`, `n`.`AuthorId`, `n`.`Content`, `n`.`DateAdded`, `n`.`Photo`, `n`.`Title`
FROM `News` AS `n`
2025-12-09 10:20:09.661 +01:00 [INF] Executed DbCommand (3ms) [Parameters=[], CommandType='"Text"', CommandTimeout='30']
SELECT `n`.`NewsId`, `n`.`AuthorId`, `n`.`Content`, `n`.`DateAdded`, `n`.`Photo`, `n`.`Title`
FROM `News` AS `n`
2025-12-09 10:20:09.666 +01:00 [DBG] Context 'ShelterDbContext' started tracking 'News' entity. Consider using 'DbContextOptionsBuilder.EnableSensitiveDataLogging' to see key values.
2025-12-09 10:20:09.676 +01:00 [DBG] Closing data reader to 'shelter' on server '127.0.0.1'.
2025-12-09 10:20:09.677 +01:00 [DBG] A data reader for 'shelter' on server '127.0.0.1' is being disposed after spending 13ms reading results.
2025-12-09 10:20:09.679 +01:00 [DBG] Closing connection to database 'shelter' on server '127.0.0.1'.
2025-12-09 10:20:09.681 +01:00 [DBG] Closed connection to database 'shelter' on server '127.0.0.1' (1ms).
2025-12-09 10:20:09.683 +01:00 [DBG] View lookup cache miss for view 'Index' in controller 'News'.
2025-12-09 10:20:09.685 +01:00 [INF] Executing ViewResult, running view Index.
2025-12-09 10:20:09.687 +01:00 [DBG] The view path '/Views/News/Index.cshtml' was found in 3.7095ms.
2025-12-09 10:20:09.695 +01:00 [DBG] Found the endpoints ["Route: {controller=Home}/{action=Index}/{id?}"] for address (action=[Create],controller=[News])
2025-12-09 10:20:09.697 +01:00 [DBG] Successfully processed template {controller=Home}/{action=Index}/{id?} for Route: {controller=Home}/{action=Index}/{id?} resulting in /News/Create and 
2025-12-09 10:20:09.699 +01:00 [DBG] Link generation succeeded for endpoints ["Route: {controller=Home}/{action=Index}/{id?}"] with result /News/Create
2025-12-09 10:20:09.703 +01:00 [DBG] View lookup cache miss for view 'DisplayTemplates/String' in controller 'News'.
2025-12-09 10:20:09.706 +01:00 [DBG] View lookup cache hit for view 'DisplayTemplates/String' in controller 'News'.
2025-12-09 10:20:09.708 +01:00 [DBG] View lookup cache miss for view 'DisplayTemplates/DateOnly' in controller 'News'.
2025-12-09 10:20:09.710 +01:00 [DBG] View lookup cache hit for view 'DisplayTemplates/String' in controller 'News'.
2025-12-09 10:20:09.713 +01:00 [DBG] View lookup cache hit for view 'DisplayTemplates/String' in controller 'News'.
2025-12-09 10:20:09.715 +01:00 [DBG] View lookup cache miss for view 'DisplayTemplates/Int32' in controller 'News'.
2025-12-09 10:20:09.717 +01:00 [DBG] View lookup cache hit for view 'DisplayTemplates/String' in controller 'News'.
2025-12-09 10:20:09.719 +01:00 [DBG] Found the endpoints ["Route: {controller=Home}/{action=Index}/{id?}"] for address (id=[1],action=[Edit],controller=[News])
2025-12-09 10:20:09.721 +01:00 [DBG] Successfully processed template {controller=Home}/{action=Index}/{id?} for Route: {controller=Home}/{action=Index}/{id?} resulting in /News/Edit/1 and 
2025-12-09 10:20:09.724 +01:00 [DBG] Link generation succeeded for endpoints ["Route: {controller=Home}/{action=Index}/{id?}"] with result /News/Edit/1
2025-12-09 10:20:09.727 +01:00 [DBG] Found the endpoints ["Route: {controller=Home}/{action=Index}/{id?}"] for address (id=[1],action=[Details],controller=[News])
2025-12-09 10:20:09.729 +01:00 [DBG] Successfully processed template {controller=Home}/{action=Index}/{id?} for Route: {controller=Home}/{action=Index}/{id?} resulting in /News/Details/1 and 
2025-12-09 10:20:09.732 +01:00 [DBG] Link generation succeeded for endpoints ["Route: {controller=Home}/{action=Index}/{id?}"] with result /News/Details/1
2025-12-09 10:20:09.734 +01:00 [DBG] Found the endpoints ["Route: {controller=Home}/{action=Index}/{id?}"] for address (id=[1],action=[Delete],controller=[News])
2025-12-09 10:20:09.736 +01:00 [DBG] Successfully processed template {controller=Home}/{action=Index}/{id?} for Route: {controller=Home}/{action=Index}/{id?} resulting in /News/Delete/1 and 
2025-12-09 10:20:09.738 +01:00 [DBG] Link generation succeeded for endpoints ["Route: {controller=Home}/{action=Index}/{id?}"] with result /News/Delete/1
2025-12-09 10:20:09.741 +01:00 [DBG] View lookup cache miss for view '_Layout' in controller 'News'.
2025-12-09 10:20:09.743 +01:00 [DBG] Found the endpoints ["Route: {controller=Home}/{action=Index}/{id?}"] for address (action=[Logout],controller=[Account])
2025-12-09 10:20:09.745 +01:00 [DBG] Successfully processed template {controller=Home}/{action=Index}/{id?} for Route: {controller=Home}/{action=Index}/{id?} resulting in /Account/Logout and 
2025-12-09 10:20:09.747 +01:00 [DBG] Link generation succeeded for endpoints ["Route: {controller=Home}/{action=Index}/{id?}"] with result /Account/Logout
2025-12-09 10:20:09.749 +01:00 [DBG] An antiforgery cookie token was reused.
2025-12-09 10:20:09.751 +01:00 [DBG] Response markup is scheduled to include Browser Link script injection.
2025-12-09 10:20:09.752 +01:00 [DBG] Response markup is scheduled to include browser refresh script injection.
2025-12-09 10:20:09.754 +01:00 [INF] Executed ViewResult - view Index executed in 70.3942ms.
2025-12-09 10:20:09.818 +01:00 [INF] Request starting HTTP/2 GET https://localhost:7079/_framework/aspnetcore-browser-refresh.js - null null
2025-12-09 10:20:09.818 +01:00 [INF] Request starting HTTP/2 GET https://localhost:7079/css/site.css?v=iabBAHNTKZtOxwGRwVpXWEEYgdUCwG-6BI3d3a4Xz8g - null null
2025-12-09 10:20:09.826 +01:00 [INF] Executed action ValcharUtulek.Controllers.NewsController.Index (ValcharUtulek) in 212.8095ms
2025-12-09 10:20:09.830 +01:00 [DBG] Script injected: /_framework/aspnetcore-browser-refresh.js
2025-12-09 10:20:09.819 +01:00 [INF] Request starting HTTP/2 GET https://localhost:7079/_vs/browserLink - null null
2025-12-09 10:20:09.840 +01:00 [INF] The file /css/site.css was not modified
2025-12-09 10:20:09.841 +01:00 [INF] Executed endpoint 'ValcharUtulek.Controllers.NewsController.Index (ValcharUtulek)'
2025-12-09 10:20:09.842 +01:00 [INF] Request finished HTTP/2 GET https://localhost:7079/_framework/aspnetcore-browser-refresh.js - 200 16511 application/javascript; charset=utf-8 24.1905ms
2025-12-09 10:20:09.852 +01:00 [DBG] Response markup was updated to include Browser Link script injection.
2025-12-09 10:20:09.847 +01:00 [DBG] Handled. Status code: 304 File: /css/site.css
2025-12-09 10:20:09.854 +01:00 [INF] Request finished HTTP/2 GET https://localhost:7079/_vs/browserLink - 200 null text/javascript; charset=UTF-8 35.5876ms
2025-12-09 10:20:09.864 +01:00 [DBG] Response markup was updated to include browser refresh script injection.
2025-12-09 10:20:09.866 +01:00 [INF] Request finished HTTP/2 GET https://localhost:7079/css/site.css?v=iabBAHNTKZtOxwGRwVpXWEEYgdUCwG-6BI3d3a4Xz8g - 304 null text/css 47.5527ms
2025-12-09 10:20:09.871 +01:00 [DBG] 'ShelterDbContext' disposed.
2025-12-09 10:20:09.875 +01:00 [DBG] Disposing connection to database 'shelter' on server '127.0.0.1'.
2025-12-09 10:20:09.877 +01:00 [DBG] Disposed connection to database 'shelter' on server '127.0.0.1' (1ms).
2025-12-09 10:20:09.879 +01:00 [INF] Request finished HTTP/2 GET https://localhost:7079/News - 200 null text/html; charset=utf-8 307.1035ms
2025-12-09 10:20:11.097 +01:00 [INF] Request starting HTTP/2 GET https://localhost:7079/Users - null null
2025-12-09 10:20:11.104 +01:00 [DBG] The request path /Users does not match a supported file type
2025-12-09 10:20:11.105 +01:00 [DBG] 1 candidate(s) found for the request path '/Users'
2025-12-09 10:20:11.107 +01:00 [DBG] Endpoint 'ValcharUtulek.Controllers.UsersController.Index (ValcharUtulek)' with route pattern '{controller=Home}/{action=Index}/{id?}' is valid for the request path '/Users'
2025-12-09 10:20:11.109 +01:00 [DBG] Request matched endpoint 'ValcharUtulek.Controllers.UsersController.Index (ValcharUtulek)'
2025-12-09 10:20:11.112 +01:00 [DBG] AuthenticationScheme: Cookies was successfully authenticated.
2025-12-09 10:20:11.113 +01:00 [DBG] Authorization was successful.
2025-12-09 10:20:11.114 +01:00 [INF] Executing endpoint 'ValcharUtulek.Controllers.UsersController.Index (ValcharUtulek)'
2025-12-09 10:20:11.116 +01:00 [INF] Route matched with {action = "Index", controller = "Users"}. Executing controller action with signature System.Threading.Tasks.Task`1[Microsoft.AspNetCore.Mvc.IActionResult] Index() on controller ValcharUtulek.Controllers.UsersController (ValcharUtulek).
2025-12-09 10:20:11.118 +01:00 [DBG] Execution plan of authorization filters (in the following order): ["None"]
2025-12-09 10:20:11.120 +01:00 [DBG] Execution plan of resource filters (in the following order): ["Microsoft.AspNetCore.Mvc.ViewFeatures.Filters.SaveTempDataFilter"]
2025-12-09 10:20:11.122 +01:00 [DBG] Execution plan of action filters (in the following order): ["Microsoft.AspNetCore.Mvc.Filters.ControllerActionFilter (Order: -2147483648)","Microsoft.AspNetCore.Mvc.ModelBinding.UnsupportedContentTypeFilter (Order: -3000)"]
2025-12-09 10:20:11.124 +01:00 [DBG] Execution plan of exception filters (in the following order): ["None"]
2025-12-09 10:20:11.125 +01:00 [DBG] Execution plan of result filters (in the following order): ["Microsoft.AspNetCore.Mvc.ViewFeatures.Filters.SaveTempDataFilter"]
2025-12-09 10:20:11.127 +01:00 [DBG] Executing controller factory for controller ValcharUtulek.Controllers.UsersController (ValcharUtulek)
2025-12-09 10:20:11.139 +01:00 [DBG] Executed controller factory for controller ValcharUtulek.Controllers.UsersController (ValcharUtulek)
2025-12-09 10:20:11.141 +01:00 [DBG] Entity Framework Core 9.0.10 initialized 'ShelterDbContext' using provider 'Pomelo.EntityFrameworkCore.MySql:9.0.0' with options: ParameterizedCollectionTranslationMode=Constantize ServerVersion=8.0.44-mysql 
2025-12-09 10:20:11.144 +01:00 [DBG] Creating DbConnection.
2025-12-09 10:20:11.145 +01:00 [DBG] Created DbConnection. (1ms).
2025-12-09 10:20:11.146 +01:00 [DBG] Opening connection to database 'shelter' on server '127.0.0.1'.
2025-12-09 10:20:11.148 +01:00 [DBG] Opened connection to database 'shelter' on server '127.0.0.1'.
2025-12-09 10:20:11.150 +01:00 [DBG] Creating DbCommand for 'ExecuteReader'.
2025-12-09 10:20:11.151 +01:00 [DBG] Created DbCommand for 'ExecuteReader' (1ms).
2025-12-09 10:20:11.153 +01:00 [DBG] Initialized DbCommand for 'ExecuteReader' (2ms).
2025-12-09 10:20:11.154 +01:00 [DBG] Executing DbCommand [Parameters=[@__p_0='?' (DbType = Int32)], CommandType='"Text"', CommandTimeout='30']
SELECT `u`.`UserId`, `u`.`Email`, `u`.`Name`, `u`.`password_hash`, `u`.`RegistrationDate`, `u`.`Role`
FROM `Users` AS `u`
WHERE `u`.`UserId` = @__p_0
LIMIT 1
2025-12-09 10:20:11.157 +01:00 [INF] Executed DbCommand (3ms) [Parameters=[@__p_0='?' (DbType = Int32)], CommandType='"Text"', CommandTimeout='30']
SELECT `u`.`UserId`, `u`.`Email`, `u`.`Name`, `u`.`password_hash`, `u`.`RegistrationDate`, `u`.`Role`
FROM `Users` AS `u`
WHERE `u`.`UserId` = @__p_0
LIMIT 1
2025-12-09 10:20:11.159 +01:00 [DBG] Context 'ShelterDbContext' started tracking 'User' entity. Consider using 'DbContextOptionsBuilder.EnableSensitiveDataLogging' to see key values.
2025-12-09 10:20:11.161 +01:00 [DBG] Closing data reader to 'shelter' on server '127.0.0.1'.
2025-12-09 10:20:11.163 +01:00 [DBG] A data reader for 'shelter' on server '127.0.0.1' is being disposed after spending 3ms reading results.
2025-12-09 10:20:11.165 +01:00 [DBG] Closing connection to database 'shelter' on server '127.0.0.1'.
2025-12-09 10:20:11.166 +01:00 [DBG] Closed connection to database 'shelter' on server '127.0.0.1' (1ms).
2025-12-09 10:20:11.169 +01:00 [DBG] Opening connection to database 'shelter' on server '127.0.0.1'.
2025-12-09 10:20:11.171 +01:00 [DBG] Opened connection to database 'shelter' on server '127.0.0.1'.
2025-12-09 10:20:11.172 +01:00 [DBG] Creating DbCommand for 'ExecuteReader'.
2025-12-09 10:20:11.174 +01:00 [DBG] Created DbCommand for 'ExecuteReader' (1ms).
2025-12-09 10:20:11.175 +01:00 [DBG] Initialized DbCommand for 'ExecuteReader' (2ms).
2025-12-09 10:20:11.177 +01:00 [DBG] Executing DbCommand [Parameters=[@__userId_0='?' (DbType = Int32)], CommandType='"Text"', CommandTimeout='30']
SELECT `a`.`AdoptionId`, `a0`.`AnimalId`, `a0`.`Name` AS `AnimalName`, `a0`.`Species` AS `AnimalSpecies`, `a`.`AdoptionDate`, `a`.`Amount`
FROM `Adoptions` AS `a`
INNER JOIN `Animals` AS `a0` ON `a`.`AnimalId` = `a0`.`AnimalId`
WHERE `a`.`UserId` = @__userId_0
2025-12-09 10:20:11.181 +01:00 [INF] Executed DbCommand (3ms) [Parameters=[@__userId_0='?' (DbType = Int32)], CommandType='"Text"', CommandTimeout='30']
SELECT `a`.`AdoptionId`, `a0`.`AnimalId`, `a0`.`Name` AS `AnimalName`, `a0`.`Species` AS `AnimalSpecies`, `a`.`AdoptionDate`, `a`.`Amount`
FROM `Adoptions` AS `a`
INNER JOIN `Animals` AS `a0` ON `a`.`AnimalId` = `a0`.`AnimalId`
WHERE `a`.`UserId` = @__userId_0
2025-12-09 10:20:11.184 +01:00 [DBG] Closing data reader to 'shelter' on server '127.0.0.1'.
2025-12-09 10:20:11.186 +01:00 [DBG] A data reader for 'shelter' on server '127.0.0.1' is being disposed after spending 1ms reading results.
2025-12-09 10:20:11.188 +01:00 [DBG] Closing connection to database 'shelter' on server '127.0.0.1'.
2025-12-09 10:20:11.190 +01:00 [DBG] Closed connection to database 'shelter' on server '127.0.0.1' (2ms).
2025-12-09 10:20:11.193 +01:00 [DBG] Opening connection to database 'shelter' on server '127.0.0.1'.
2025-12-09 10:20:11.195 +01:00 [DBG] Opened connection to database 'shelter' on server '127.0.0.1'.
2025-12-09 10:20:11.197 +01:00 [DBG] Creating DbCommand for 'ExecuteReader'.
2025-12-09 10:20:11.199 +01:00 [DBG] Created DbCommand for 'ExecuteReader' (1ms).
2025-12-09 10:20:11.200 +01:00 [DBG] Initialized DbCommand for 'ExecuteReader' (3ms).
2025-12-09 10:20:11.202 +01:00 [DBG] Executing DbCommand [Parameters=[@__userId_0='?' (DbType = Int32)], CommandType='"Text"', CommandTimeout='30']
SELECT `g`.`GiftId`, `g`.`Amount`, `g`.`GiftDate`, `g`.`UserId`
FROM `Gifts` AS `g`
WHERE `g`.`UserId` = @__userId_0
ORDER BY `g`.`GiftDate` DESC
2025-12-09 10:20:11.205 +01:00 [INF] Executed DbCommand (3ms) [Parameters=[@__userId_0='?' (DbType = Int32)], CommandType='"Text"', CommandTimeout='30']
SELECT `g`.`GiftId`, `g`.`Amount`, `g`.`GiftDate`, `g`.`UserId`
FROM `Gifts` AS `g`
WHERE `g`.`UserId` = @__userId_0
ORDER BY `g`.`GiftDate` DESC
2025-12-09 10:20:11.207 +01:00 [DBG] Closing data reader to 'shelter' on server '127.0.0.1'.
2025-12-09 10:20:11.209 +01:00 [DBG] A data reader for 'shelter' on server '127.0.0.1' is being disposed after spending 1ms reading results.
2025-12-09 10:20:11.211 +01:00 [DBG] Closing connection to database 'shelter' on server '127.0.0.1'.
2025-12-09 10:20:11.213 +01:00 [DBG] Closed connection to database 'shelter' on server '127.0.0.1' (1ms).
2025-12-09 10:20:11.214 +01:00 [DBG] View lookup cache hit for view 'Index' in controller 'Users'.
2025-12-09 10:20:11.216 +01:00 [INF] Executing ViewResult, running view Index.
2025-12-09 10:20:11.217 +01:00 [DBG] The view path '/Views/Users/Index.cshtml' was found in 2.5831ms.
2025-12-09 10:20:11.219 +01:00 [DBG] Found the endpoints ["Route: {controller=Home}/{action=Index}/{id?}"] for address (action=[Index],controller=[Adoptions])
2025-12-09 10:20:11.220 +01:00 [DBG] Successfully processed template {controller=Home}/{action=Index}/{id?} for Route: {controller=Home}/{action=Index}/{id?} resulting in /Adoptions and 
2025-12-09 10:20:11.223 +01:00 [DBG] Link generation succeeded for endpoints ["Route: {controller=Home}/{action=Index}/{id?}"] with result /Adoptions
2025-12-09 10:20:11.224 +01:00 [DBG] Found the endpoints ["Route: {controller=Home}/{action=Index}/{id?}"] for address (action=[Create],controller=[Gifts])
2025-12-09 10:20:11.226 +01:00 [DBG] Successfully processed template {controller=Home}/{action=Index}/{id?} for Route: {controller=Home}/{action=Index}/{id?} resulting in /Gifts/Create and 
2025-12-09 10:20:11.228 +01:00 [DBG] Link generation succeeded for endpoints ["Route: {controller=Home}/{action=Index}/{id?}"] with result /Gifts/Create
2025-12-09 10:20:11.229 +01:00 [DBG] View lookup cache hit for view '_Layout' in controller 'Users'.
2025-12-09 10:20:11.231 +01:00 [DBG] Found the endpoints ["Route: {controller=Home}/{action=Index}/{id?}"] for address (action=[Logout],controller=[Account])
2025-12-09 10:20:11.233 +01:00 [DBG] Successfully processed template {controller=Home}/{action=Index}/{id?} for Route: {controller=Home}/{action=Index}/{id?} resulting in /Account/Logout and 
2025-12-09 10:20:11.235 +01:00 [DBG] Link generation succeeded for endpoints ["Route: {controller=Home}/{action=Index}/{id?}"] with result /Account/Logout
2025-12-09 10:20:11.237 +01:00 [DBG] An antiforgery cookie token was reused.
2025-12-09 10:20:11.239 +01:00 [DBG] Response markup is scheduled to include Browser Link script injection.
2025-12-09 10:20:11.240 +01:00 [DBG] Response markup is scheduled to include browser refresh script injection.
2025-12-09 10:20:11.241 +01:00 [INF] Executed ViewResult - view Index executed in 26.5322ms.
2025-12-09 10:20:11.243 +01:00 [INF] Executed action ValcharUtulek.Controllers.UsersController.Index (ValcharUtulek) in 115.1766ms
2025-12-09 10:20:11.244 +01:00 [INF] Executed endpoint 'ValcharUtulek.Controllers.UsersController.Index (ValcharUtulek)'
2025-12-09 10:20:11.246 +01:00 [DBG] Response markup was updated to include Browser Link script injection.
2025-12-09 10:20:11.247 +01:00 [DBG] Response markup was updated to include browser refresh script injection.
2025-12-09 10:20:11.248 +01:00 [DBG] 'ShelterDbContext' disposed.
2025-12-09 10:20:11.249 +01:00 [DBG] Disposing connection to database 'shelter' on server '127.0.0.1'.
2025-12-09 10:20:11.251 +01:00 [DBG] Disposed connection to database 'shelter' on server '127.0.0.1' (1ms).
2025-12-09 10:20:11.253 +01:00 [INF] Request finished HTTP/2 GET https://localhost:7079/Users - 200 null text/html; charset=utf-8 156.5151ms
2025-12-09 10:20:11.292 +01:00 [INF] Request starting HTTP/2 GET https://localhost:7079/_vs/browserLink - null null
2025-12-09 10:20:11.292 +01:00 [INF] Request starting HTTP/2 GET https://localhost:7079/_framework/aspnetcore-browser-refresh.js - null null
2025-12-09 10:20:11.299 +01:00 [DBG] Script injected: /_framework/aspnetcore-browser-refresh.js
2025-12-09 10:20:11.300 +01:00 [INF] Request finished HTTP/2 GET https://localhost:7079/_vs/browserLink - 200 null text/javascript; charset=UTF-8 8.1475ms
2025-12-09 10:20:11.301 +01:00 [INF] Request finished HTTP/2 GET https://localhost:7079/_framework/aspnetcore-browser-refresh.js - 200 16511 application/javascript; charset=utf-8 8.6997ms
2025-12-09 10:20:35.624 +01:00 [INF] Request starting HTTP/2 GET https://localhost:7079/css/site.css?v=iabBAHNTKZtOxwGRwVpXWEEYgdUCwG-6BI3d3a4Xz8g&__browserLink_refresh=1a2cdd6fa330472f8885d69c2b87f27a - null null
2025-12-09 10:20:35.668 +01:00 [INF] Sending file. Request path: '/css/site.css'. Physical path: 'C:\Users\David\source\repos\ValcharUtulek\ValcharUtulek\wwwroot\css\site.css'
2025-12-09 10:20:35.670 +01:00 [INF] Request finished HTTP/2 GET https://localhost:7079/css/site.css?v=iabBAHNTKZtOxwGRwVpXWEEYgdUCwG-6BI3d3a4Xz8g&__browserLink_refresh=1a2cdd6fa330472f8885d69c2b87f27a - 200 3924 text/css 45.2636ms
2025-12-09 10:20:35.945 +01:00 [INF] Request starting HTTP/2 GET https://localhost:7079/_framework/clear-browser-cache - null null
2025-12-09 10:20:35.950 +01:00 [INF] Request finished HTTP/2 GET https://localhost:7079/_framework/clear-browser-cache - 200 0 null 5.2334ms
2025-12-09 10:20:36.457 +01:00 [INF] Request starting HTTP/2 GET https://localhost:7079/lib/bootstrap/dist/css/bootstrap.min.css?nonce=1765272036453 - null null
2025-12-09 10:20:36.457 +01:00 [INF] Request starting HTTP/2 GET https://localhost:7079/css/site.css?nonce=1765272036453 - null null
2025-12-09 10:20:36.457 +01:00 [INF] Request starting HTTP/2 GET https://localhost:7079/ValcharUtulek.styles.css?nonce=1765272036453 - null null
2025-12-09 10:20:36.519 +01:00 [INF] Sending file. Request path: '/lib/bootstrap/dist/css/bootstrap.min.css'. Physical path: 'C:\Users\David\source\repos\ValcharUtulek\ValcharUtulek\wwwroot\lib\bootstrap\dist\css\bootstrap.min.css'
2025-12-09 10:20:36.519 +01:00 [INF] Sending file. Request path: '/ValcharUtulek.styles.css'. Physical path: 'C:\Users\David\source\repos\ValcharUtulek\ValcharUtulek\obj\Debug\net9.0\scopedcss\bundle\ValcharUtulek.styles.css'
2025-12-09 10:20:36.519 +01:00 [INF] Sending file. Request path: '/css/site.css'. Physical path: 'C:\Users\David\source\repos\ValcharUtulek\ValcharUtulek\wwwroot\css\site.css'
2025-12-09 10:20:36.521 +01:00 [INF] Request finished HTTP/2 GET https://localhost:7079/lib/bootstrap/dist/css/bootstrap.min.css?nonce=1765272036453 - 200 232803 text/css 63.7417ms
2025-12-09 10:20:36.522 +01:00 [INF] Request finished HTTP/2 GET https://localhost:7079/ValcharUtulek.styles.css?nonce=1765272036453 - 200 1131 text/css 65.4214ms
2025-12-09 10:20:36.524 +01:00 [INF] Request finished HTTP/2 GET https://localhost:7079/css/site.css?nonce=1765272036453 - 200 3924 text/css 67.0993ms
2025-12-09 10:22:04.193 +01:00 [INF] Request starting HTTP/2 GET https://localhost:7079/css/site.css?nonce=1765272036453&__browserLink_refresh=a23cdd6e9dd7406f9ab3a4a1f1134cff - null null
2025-12-09 10:22:04.235 +01:00 [INF] Sending file. Request path: '/css/site.css'. Physical path: 'C:\Users\David\source\repos\ValcharUtulek\ValcharUtulek\wwwroot\css\site.css'
2025-12-09 10:22:04.237 +01:00 [INF] Request finished HTTP/2 GET https://localhost:7079/css/site.css?nonce=1765272036453&__browserLink_refresh=a23cdd6e9dd7406f9ab3a4a1f1134cff - 200 3746 text/css 44.8307ms
2025-12-09 10:22:55.025 +01:00 [INF] Starting web application
2025-12-09 10:22:56.484 +01:00 [DBG] An 'IServiceProvider' was created for internal use by Entity Framework.
2025-12-09 10:22:57.012 +01:00 [DBG] Entity Framework Core 9.0.10 initialized 'ShelterDbContext' using provider 'Pomelo.EntityFrameworkCore.MySql:9.0.0' with options: ParameterizedCollectionTranslationMode=Constantize ServerVersion=8.0.44-mysql 
2025-12-09 10:22:57.039 +01:00 [DBG] Creating DbConnection.
2025-12-09 10:22:57.045 +01:00 [DBG] Created DbConnection. (4ms).
2025-12-09 10:22:57.055 +01:00 [DBG] Opening connection to database '' on server '127.0.0.1'.
2025-12-09 10:22:57.097 +01:00 [DBG] Opened connection to database '' on server '127.0.0.1'.
2025-12-09 10:22:57.102 +01:00 [DBG] Creating DbConnection.
2025-12-09 10:22:57.103 +01:00 [DBG] Created DbConnection. (1ms).
2025-12-09 10:22:57.148 +01:00 [DBG] Disposing connection to database '' on server '127.0.0.1'.
2025-12-09 10:22:57.157 +01:00 [DBG] Disposed connection to database '' on server '127.0.0.1' (2ms).
2025-12-09 10:22:57.171 +01:00 [DBG] Creating DbCommand for 'ExecuteScalar'.
2025-12-09 10:22:57.177 +01:00 [DBG] Created DbCommand for 'ExecuteScalar' (5ms).
2025-12-09 10:22:57.180 +01:00 [DBG] Initialized DbCommand for 'ExecuteScalar' (12ms).
2025-12-09 10:22:57.182 +01:00 [DBG] Opening connection to database 'shelter' on server '127.0.0.1'.
2025-12-09 10:22:57.205 +01:00 [DBG] Opened connection to database 'shelter' on server '127.0.0.1'.
2025-12-09 10:22:57.215 +01:00 [DBG] Executing DbCommand [Parameters=[], CommandType='"Text"', CommandTimeout='30']
SELECT CASE WHEN COUNT(*) = 0 THEN FALSE ELSE TRUE END
FROM information_schema.tables
WHERE table_type = 'BASE TABLE' AND table_schema = 'shelter'
2025-12-09 10:22:57.248 +01:00 [INF] Executed DbCommand (24ms) [Parameters=[], CommandType='"Text"', CommandTimeout='30']
SELECT CASE WHEN COUNT(*) = 0 THEN FALSE ELSE TRUE END
FROM information_schema.tables
WHERE table_type = 'BASE TABLE' AND table_schema = 'shelter'
2025-12-09 10:22:57.255 +01:00 [DBG] Closing connection to database 'shelter' on server '127.0.0.1'.
2025-12-09 10:22:57.260 +01:00 [DBG] Closed connection to database 'shelter' on server '127.0.0.1' (4ms).
2025-12-09 10:22:57.308 +01:00 [DBG] Compiling query expression: 
'DbSet<User>()
    .Any(u => u.Name == "admin")'
2025-12-09 10:22:57.601 +01:00 [DBG] Generated query execution expression: 
'queryContext => SingleQueryingEnumerable.Create<bool>(
    relationalQueryContext: (RelationalQueryContext)queryContext, 
    relationalCommandResolver: parameters => [LIFTABLE Constant: RelationalCommandCache.QueryExpression(
        Projection Mapping:
            EmptyProjectionMember -> 0
        SELECT EXISTS (
            SELECT 1
            FROM Users AS u
            WHERE u.Name == 'admin')) | Resolver: c => new RelationalCommandCache(
        c.Dependencies.MemoryCache, 
        c.RelationalDependencies.QuerySqlGeneratorFactory, 
        c.RelationalDependencies.RelationalParameterBasedSqlProcessorFactory, 
        Projection Mapping:
            EmptyProjectionMember -> 0
        SELECT EXISTS (
            SELECT 1
            FROM Users AS u
            WHERE u.Name == 'admin'), 
        False, 
        new HashSet<string>(
            new string[]{ }, 
            StringComparer.Ordinal
        )
    )].GetRelationalCommandTemplate(parameters), 
    readerColumns: null, 
    shaper: (queryContext, dataReader, resultContext, resultCoordinator) => 
    {
        bool? value1;
        value1 = dataReader.IsDBNull(0) ? default(bool?) : (bool?)dataReader.GetBoolean(0);
        return (bool)value1;
    }, 
    contextType: ValcharUtulek.Database.ShelterDbContext, 
    standAloneStateManager: False, 
    detailedErrorsEnabled: False, 
    threadSafetyChecksEnabled: True)
    .Single()'
2025-12-09 10:22:57.634 +01:00 [DBG] Opening connection to database 'shelter' on server '127.0.0.1'.
2025-12-09 10:22:57.643 +01:00 [DBG] Opened connection to database 'shelter' on server '127.0.0.1'.
2025-12-09 10:22:57.645 +01:00 [DBG] Creating DbCommand for 'ExecuteReader'.
2025-12-09 10:22:57.646 +01:00 [DBG] Created DbCommand for 'ExecuteReader' (1ms).
2025-12-09 10:22:57.648 +01:00 [DBG] Initialized DbCommand for 'ExecuteReader' (3ms).
2025-12-09 10:22:57.650 +01:00 [DBG] Executing DbCommand [Parameters=[], CommandType='"Text"', CommandTimeout='30']
SELECT EXISTS (
    SELECT 1
    FROM `Users` AS `u`
    WHERE `u`.`Name` = 'admin')
2025-12-09 10:22:57.656 +01:00 [INF] Executed DbCommand (6ms) [Parameters=[], CommandType='"Text"', CommandTimeout='30']
SELECT EXISTS (
    SELECT 1
    FROM `Users` AS `u`
    WHERE `u`.`Name` = 'admin')
2025-12-09 10:22:57.663 +01:00 [DBG] Closing data reader to 'shelter' on server '127.0.0.1'.
2025-12-09 10:22:57.666 +01:00 [DBG] A data reader for 'shelter' on server '127.0.0.1' is being disposed after spending 5ms reading results.
2025-12-09 10:22:57.669 +01:00 [DBG] Closing connection to database 'shelter' on server '127.0.0.1'.
2025-12-09 10:22:57.671 +01:00 [DBG] Closed connection to database 'shelter' on server '127.0.0.1' (2ms).
2025-12-09 10:22:57.674 +01:00 [DBG] Compiling query expression: 
'DbSet<News>()
    .Any()'
2025-12-09 10:22:57.679 +01:00 [DBG] Generated query execution expression: 
'queryContext => SingleQueryingEnumerable.Create<bool>(
    relationalQueryContext: (RelationalQueryContext)queryContext, 
    relationalCommandResolver: parameters => [LIFTABLE Constant: RelationalCommandCache.QueryExpression(
        Projection Mapping:
            EmptyProjectionMember -> 0
        SELECT EXISTS (
            SELECT 1
            FROM News AS n)) | Resolver: c => new RelationalCommandCache(
        c.Dependencies.MemoryCache, 
        c.RelationalDependencies.QuerySqlGeneratorFactory, 
        c.RelationalDependencies.RelationalParameterBasedSqlProcessorFactory, 
        Projection Mapping:
            EmptyProjectionMember -> 0
        SELECT EXISTS (
            SELECT 1
            FROM News AS n), 
        False, 
        new HashSet<string>(
            new string[]{ }, 
            StringComparer.Ordinal
        )
    )].GetRelationalCommandTemplate(parameters), 
    readerColumns: null, 
    shaper: (queryContext, dataReader, resultContext, resultCoordinator) => 
    {
        bool? value1;
        value1 = dataReader.IsDBNull(0) ? default(bool?) : (bool?)dataReader.GetBoolean(0);
        return (bool)value1;
    }, 
    contextType: ValcharUtulek.Database.ShelterDbContext, 
    standAloneStateManager: False, 
    detailedErrorsEnabled: False, 
    threadSafetyChecksEnabled: True)
    .Single()'
2025-12-09 10:22:57.681 +01:00 [DBG] Opening connection to database 'shelter' on server '127.0.0.1'.
2025-12-09 10:22:57.684 +01:00 [DBG] Opened connection to database 'shelter' on server '127.0.0.1'.
2025-12-09 10:22:57.686 +01:00 [DBG] Creating DbCommand for 'ExecuteReader'.
2025-12-09 10:22:57.687 +01:00 [DBG] Created DbCommand for 'ExecuteReader' (1ms).
2025-12-09 10:22:57.689 +01:00 [DBG] Initialized DbCommand for 'ExecuteReader' (2ms).
2025-12-09 10:22:57.690 +01:00 [DBG] Executing DbCommand [Parameters=[], CommandType='"Text"', CommandTimeout='30']
SELECT EXISTS (
    SELECT 1
    FROM `News` AS `n`)
2025-12-09 10:22:57.693 +01:00 [INF] Executed DbCommand (2ms) [Parameters=[], CommandType='"Text"', CommandTimeout='30']
SELECT EXISTS (
    SELECT 1
    FROM `News` AS `n`)
2025-12-09 10:22:57.695 +01:00 [DBG] Closing data reader to 'shelter' on server '127.0.0.1'.
2025-12-09 10:22:57.697 +01:00 [DBG] A data reader for 'shelter' on server '127.0.0.1' is being disposed after spending 1ms reading results.
2025-12-09 10:22:57.699 +01:00 [DBG] Closing connection to database 'shelter' on server '127.0.0.1'.
2025-12-09 10:22:57.700 +01:00 [DBG] Closed connection to database 'shelter' on server '127.0.0.1' (1ms).
2025-12-09 10:22:57.705 +01:00 [DBG] 'ShelterDbContext' disposed.
2025-12-09 10:22:57.707 +01:00 [DBG] Disposing connection to database 'shelter' on server '127.0.0.1'.
2025-12-09 10:22:57.708 +01:00 [DBG] Disposed connection to database 'shelter' on server '127.0.0.1' (1ms).
2025-12-09 10:22:57.776 +01:00 [DBG] Initializing Razor view compiler with compiled view: '/Views/Account/Login.cshtml'.
2025-12-09 10:22:57.778 +01:00 [DBG] Initializing Razor view compiler with compiled view: '/Views/Account/Register.cshtml'.
2025-12-09 10:22:57.779 +01:00 [DBG] Initializing Razor view compiler with compiled view: '/Views/Adoptions/Create.cshtml'.
2025-12-09 10:22:57.781 +01:00 [DBG] Initializing Razor view compiler with compiled view: '/Views/Adoptions/Delete.cshtml'.
2025-12-09 10:22:57.782 +01:00 [DBG] Initializing Razor view compiler with compiled view: '/Views/Adoptions/Details.cshtml'.
2025-12-09 10:22:57.783 +01:00 [DBG] Initializing Razor view compiler with compiled view: '/Views/Adoptions/Edit.cshtml'.
2025-12-09 10:22:57.784 +01:00 [DBG] Initializing Razor view compiler with compiled view: '/Views/Adoptions/Index.cshtml'.
2025-12-09 10:22:57.786 +01:00 [DBG] Initializing Razor view compiler with compiled view: '/Views/Gifts/Create.cshtml'.
2025-12-09 10:22:57.787 +01:00 [DBG] Initializing Razor view compiler with compiled view: '/Views/Gifts/Delete.cshtml'.
2025-12-09 10:22:57.788 +01:00 [DBG] Initializing Razor view compiler with compiled view: '/Views/Gifts/Details.cshtml'.
2025-12-09 10:22:57.789 +01:00 [DBG] Initializing Razor view compiler with compiled view: '/Views/Gifts/Edit.cshtml'.
2025-12-09 10:22:57.791 +01:00 [DBG] Initializing Razor view compiler with compiled view: '/Views/Gifts/Index.cshtml'.
2025-12-09 10:22:57.792 +01:00 [DBG] Initializing Razor view compiler with compiled view: '/Views/Home/Index.cshtml'.
2025-12-09 10:22:57.794 +01:00 [DBG] Initializing Razor view compiler with compiled view: '/Views/Home/Privacy.cshtml'.
2025-12-09 10:22:57.795 +01:00 [DBG] Initializing Razor view compiler with compiled view: '/Views/News/Create.cshtml'.
2025-12-09 10:22:57.796 +01:00 [DBG] Initializing Razor view compiler with compiled view: '/Views/News/Delete.cshtml'.
2025-12-09 10:22:57.797 +01:00 [DBG] Initializing Razor view compiler with compiled view: '/Views/News/Details.cshtml'.
2025-12-09 10:22:57.799 +01:00 [DBG] Initializing Razor view compiler with compiled view: '/Views/News/Edit.cshtml'.
2025-12-09 10:22:57.800 +01:00 [DBG] Initializing Razor view compiler with compiled view: '/Views/News/Index.cshtml'.
2025-12-09 10:22:57.801 +01:00 [DBG] Initializing Razor view compiler with compiled view: '/Views/Shared/Error.cshtml'.
2025-12-09 10:22:57.802 +01:00 [DBG] Initializing Razor view compiler with compiled view: '/Views/Shared/_ValidationScriptsPartial.cshtml'.
2025-12-09 10:22:57.803 +01:00 [DBG] Initializing Razor view compiler with compiled view: '/Views/Users/Index.cshtml'.
2025-12-09 10:22:57.805 +01:00 [DBG] Initializing Razor view compiler with compiled view: '/Views/_ViewImports.cshtml'.
2025-12-09 10:22:57.806 +01:00 [DBG] Initializing Razor view compiler with compiled view: '/Views/_ViewStart.cshtml'.
2025-12-09 10:22:57.808 +01:00 [DBG] Initializing Razor view compiler with compiled view: '/Views/Shared/_Layout.cshtml'.
2025-12-09 10:22:57.826 +01:00 [DBG] Registered model binder providers, in the following order: ["Microsoft.AspNetCore.Mvc.ModelBinding.Binders.BinderTypeModelBinderProvider","Microsoft.AspNetCore.Mvc.ModelBinding.Binders.ServicesModelBinderProvider","Microsoft.AspNetCore.Mvc.ModelBinding.Binders.BodyModelBinderProvider","Microsoft.AspNetCore.Mvc.ModelBinding.Binders.HeaderModelBinderProvider","Microsoft.AspNetCore.Mvc.ModelBinding.Binders.FloatingPointTypeModelBinderProvider","Microsoft.AspNetCore.Mvc.ModelBinding.Binders.EnumTypeModelBinderProvider","Microsoft.AspNetCore.Mvc.ModelBinding.Binders.DateTimeModelBinderProvider","Microsoft.AspNetCore.Mvc.ModelBinding.Binders.SimpleTypeModelBinderProvider","Microsoft.AspNetCore.Mvc.ModelBinding.Binders.TryParseModelBinderProvider","Microsoft.AspNetCore.Mvc.ModelBinding.Binders.CancellationTokenModelBinderProvider","Microsoft.AspNetCore.Mvc.ModelBinding.Binders.ByteArrayModelBinderProvider","Microsoft.AspNetCore.Mvc.ModelBinding.Binders.FormFileModelBinderProvider","Microsoft.AspNetCore.Mvc.ModelBinding.Binders.FormCollectionModelBinderProvider","Microsoft.AspNetCore.Mvc.ModelBinding.Binders.KeyValuePairModelBinderProvider","Microsoft.AspNetCore.Mvc.ModelBinding.Binders.DictionaryModelBinderProvider","Microsoft.AspNetCore.Mvc.ModelBinding.Binders.ArrayModelBinderProvider","Microsoft.AspNetCore.Mvc.ModelBinding.Binders.CollectionModelBinderProvider","Microsoft.AspNetCore.Mvc.ModelBinding.Binders.ComplexObjectModelBinderProvider"]
2025-12-09 10:22:57.924 +01:00 [DBG] Hosting starting
2025-12-09 10:22:57.962 +01:00 [INF] User profile is available. Using 'C:\Users\David\AppData\Local\ASP.NET\DataProtection-Keys' as key repository and Windows DPAPI to encrypt keys at rest.
2025-12-09 10:22:57.989 +01:00 [DBG] Reading data from file 'C:\Users\David\AppData\Local\ASP.NET\DataProtection-Keys\key-f5c154a5-e5b4-4c9b-b7eb-6e5e819bbbdf.xml'.
2025-12-09 10:22:58.003 +01:00 [DBG] Found key {f5c154a5-e5b4-4c9b-b7eb-6e5e819bbbdf}.
2025-12-09 10:22:58.019 +01:00 [DBG] Considering key {f5c154a5-e5b4-4c9b-b7eb-6e5e819bbbdf} with expiration date 2025-12-22 06:21:24Z as default key.
2025-12-09 10:22:58.025 +01:00 [DBG] Forwarded activator type request from Microsoft.AspNetCore.DataProtection.XmlEncryption.DpapiXmlDecryptor, Microsoft.AspNetCore.DataProtection, Version=9.0.0.0, Culture=neutral, PublicKeyToken=adb9793829ddae60 to Microsoft.AspNetCore.DataProtection.XmlEncryption.DpapiXmlDecryptor, Microsoft.AspNetCore.DataProtection, Culture=neutral, PublicKeyToken=adb9793829ddae60
2025-12-09 10:22:58.027 +01:00 [DBG] Decrypting secret element using Windows DPAPI.
2025-12-09 10:22:58.031 +01:00 [DBG] Forwarded activator type request from Microsoft.AspNetCore.DataProtection.AuthenticatedEncryption.ConfigurationModel.AuthenticatedEncryptorDescriptorDeserializer, Microsoft.AspNetCore.DataProtection, Version=9.0.0.0, Culture=neutral, PublicKeyToken=adb9793829ddae60 to Microsoft.AspNetCore.DataProtection.AuthenticatedEncryption.ConfigurationModel.AuthenticatedEncryptorDescriptorDeserializer, Microsoft.AspNetCore.DataProtection, Culture=neutral, PublicKeyToken=adb9793829ddae60
2025-12-09 10:22:58.035 +01:00 [DBG] Opening CNG algorithm 'AES' from provider 'null' with chaining mode CBC.
2025-12-09 10:22:58.038 +01:00 [DBG] Opening CNG algorithm 'SHA256' from provider 'null' with HMAC.
2025-12-09 10:22:58.041 +01:00 [DBG] Using key {f5c154a5-e5b4-4c9b-b7eb-6e5e819bbbdf} as the default key.
2025-12-09 10:22:58.044 +01:00 [DBG] Key ring with default key {f5c154a5-e5b4-4c9b-b7eb-6e5e819bbbdf} was loaded during application startup.
2025-12-09 10:22:58.056 +01:00 [DBG] Middleware loaded
2025-12-09 10:22:58.060 +01:00 [DBG] Middleware loaded. Script /_framework/aspnetcore-browser-refresh.js (16511 B).
2025-12-09 10:22:58.063 +01:00 [DBG] Middleware loaded. Script /_framework/blazor-hotreload.js (799 B).
2025-12-09 10:22:58.130 +01:00 [DBG] Middleware configuration started with options: {AllowedHosts = *, AllowEmptyHosts = True, IncludeFailureMessage = True}
2025-12-09 10:22:58.134 +01:00 [DBG] Wildcard detected, all requests with hosts will be allowed.
2025-12-09 10:22:58.150 +01:00 [DBG] Middleware loaded: DOTNET_MODIFIABLE_ASSEMBLIES=debug, __ASPNETCORE_BROWSER_TOOLS=true
2025-12-09 10:22:58.331 +01:00 [DBG] Connection id "0HNHN0I5ENV97" received FIN.
2025-12-09 10:22:58.331 +01:00 [DBG] Connection id "0HNHN0I5ENV98" received FIN.
2025-12-09 10:22:58.345 +01:00 [DBG] Connection id "0HNHN0I5ENV97" accepted.
2025-12-09 10:22:58.346 +01:00 [DBG] Connection id "0HNHN0I5ENV98" accepted.
2025-12-09 10:22:58.348 +01:00 [DBG] Connection id "0HNHN0I5ENV97" started.
2025-12-09 10:22:58.349 +01:00 [DBG] Connection id "0HNHN0I5ENV98" started.
2025-12-09 10:22:58.353 +01:00 [INF] Now listening on: https://localhost:7079
2025-12-09 10:22:58.354 +01:00 [INF] Now listening on: http://localhost:5048
2025-12-09 10:22:58.356 +01:00 [DBG] Loaded hosting startup assembly ValcharUtulek
2025-12-09 10:22:58.357 +01:00 [DBG] Loaded hosting startup assembly Microsoft.WebTools.ApiEndpointDiscovery
2025-12-09 10:22:58.359 +01:00 [DBG] Loaded hosting startup assembly Microsoft.AspNetCore.Watch.BrowserRefresh
2025-12-09 10:22:58.360 +01:00 [DBG] Loaded hosting startup assembly Microsoft.WebTools.BrowserLink.Net
2025-12-09 10:22:58.368 +01:00 [DBG] Failed to authenticate HTTPS connection.
System.IO.IOException: Received an unexpected EOF or 0 bytes from the transport stream.
   at System.Net.Security.SslStream.ReceiveHandshakeFrameAsync[TIOAdapter](CancellationToken cancellationToken)
   at System.Net.Security.SslStream.ForceAuthenticationAsync[TIOAdapter](Boolean receiveFirst, Byte[] reAuthenticationData, CancellationToken cancellationToken)
   at System.Net.Security.SslStream.ProcessAuthenticationWithTelemetryAsync(Boolean isAsync, CancellationToken cancellationToken)
   at Microsoft.AspNetCore.Server.Kestrel.Https.Internal.HttpsConnectionMiddleware.OnConnectionAsync(ConnectionContext context)
2025-12-09 10:22:58.368 +01:00 [DBG] Failed to authenticate HTTPS connection.
System.IO.IOException: Received an unexpected EOF or 0 bytes from the transport stream.
   at System.Net.Security.SslStream.ReceiveHandshakeFrameAsync[TIOAdapter](CancellationToken cancellationToken)
   at System.Net.Security.SslStream.ForceAuthenticationAsync[TIOAdapter](Boolean receiveFirst, Byte[] reAuthenticationData, CancellationToken cancellationToken)
   at System.Net.Security.SslStream.ProcessAuthenticationWithTelemetryAsync(Boolean isAsync, CancellationToken cancellationToken)
   at Microsoft.AspNetCore.Server.Kestrel.Https.Internal.HttpsConnectionMiddleware.OnConnectionAsync(ConnectionContext context)
2025-12-09 10:22:58.391 +01:00 [DBG] Executing API description provider 'EndpointMetadataApiDescriptionProvider' from assembly Microsoft.AspNetCore.Mvc.ApiExplorer v9.0.0.0.
2025-12-09 10:22:58.407 +01:00 [DBG] Executing API description provider 'DefaultApiDescriptionProvider' from assembly Microsoft.AspNetCore.Mvc.ApiExplorer v9.0.0.0.
2025-12-09 10:22:58.411 +01:00 [DBG] Connection id "0HNHN0I5ENV98" stopped.
2025-12-09 10:22:58.411 +01:00 [DBG] Connection id "0HNHN0I5ENV97" stopped.
2025-12-09 10:22:58.418 +01:00 [DBG] Connection id "0HNHN0I5ENV97" sending FIN because: "The Socket transport's send loop completed gracefully."
2025-12-09 10:22:58.418 +01:00 [DBG] Connection id "0HNHN0I5ENV98" sending FIN because: "The Socket transport's send loop completed gracefully."
2025-12-09 10:22:58.494 +01:00 [INF] Application started. Press Ctrl+C to shut down.
2025-12-09 10:22:58.495 +01:00 [INF] Hosting environment: Development
2025-12-09 10:22:58.498 +01:00 [INF] Content root path: C:\Users\David\source\repos\ValcharUtulek\ValcharUtulek
2025-12-09 10:22:58.500 +01:00 [DBG] Hosting started
2025-12-09 10:22:58.562 +01:00 [DBG] Connection id "0HNHN0I5ENV99" accepted.
2025-12-09 10:22:58.564 +01:00 [DBG] Connection id "0HNHN0I5ENV99" started.
2025-12-09 10:22:58.582 +01:00 [DBG] Connection 0HNHN0I5ENV99 established using the following protocol: "Tls13"
2025-12-09 10:22:58.672 +01:00 [INF] Request starting HTTP/2 GET https://localhost:7079/ - null null
2025-12-09 10:22:58.807 +01:00 [DBG] The request path / does not match a supported file type
2025-12-09 10:22:58.839 +01:00 [DBG] 1 candidate(s) found for the request path '/'
2025-12-09 10:22:58.841 +01:00 [DBG] Endpoint 'ValcharUtulek.Controllers.HomeController.Index (ValcharUtulek)' with route pattern '{controller=Home}/{action=Index}/{id?}' is valid for the request path '/'
2025-12-09 10:22:58.844 +01:00 [DBG] Request matched endpoint 'ValcharUtulek.Controllers.HomeController.Index (ValcharUtulek)'
2025-12-09 10:22:58.886 +01:00 [DBG] AuthenticationScheme: Cookies was successfully authenticated.
2025-12-09 10:22:58.892 +01:00 [INF] Executing endpoint 'ValcharUtulek.Controllers.HomeController.Index (ValcharUtulek)'
2025-12-09 10:22:58.910 +01:00 [INF] Route matched with {action = "Index", controller = "Home"}. Executing controller action with signature Microsoft.AspNetCore.Mvc.IActionResult Index() on controller ValcharUtulek.Controllers.HomeController (ValcharUtulek).
2025-12-09 10:22:58.914 +01:00 [DBG] Execution plan of authorization filters (in the following order): ["None"]
2025-12-09 10:22:58.917 +01:00 [DBG] Execution plan of resource filters (in the following order): ["Microsoft.AspNetCore.Mvc.ViewFeatures.Filters.SaveTempDataFilter"]
2025-12-09 10:22:58.919 +01:00 [DBG] Execution plan of action filters (in the following order): ["Microsoft.AspNetCore.Mvc.Filters.ControllerActionFilter (Order: -2147483648)","Microsoft.AspNetCore.Mvc.ModelBinding.UnsupportedContentTypeFilter (Order: -3000)"]
2025-12-09 10:22:58.922 +01:00 [DBG] Execution plan of exception filters (in the following order): ["None"]
2025-12-09 10:22:58.924 +01:00 [DBG] Execution plan of result filters (in the following order): ["Microsoft.AspNetCore.Mvc.ViewFeatures.Filters.SaveTempDataFilter"]
2025-12-09 10:22:58.929 +01:00 [DBG] Executing controller factory for controller ValcharUtulek.Controllers.HomeController (ValcharUtulek)
2025-12-09 10:22:58.932 +01:00 [DBG] Executed controller factory for controller ValcharUtulek.Controllers.HomeController (ValcharUtulek)
2025-12-09 10:22:58.940 +01:00 [DBG] View lookup cache miss for view 'Index' in controller 'Home'.
2025-12-09 10:22:58.950 +01:00 [INF] Executing ViewResult, running view Index.
2025-12-09 10:22:58.956 +01:00 [DBG] The view path '/Views/Home/Index.cshtml' was found in 12.3112ms.
2025-12-09 10:22:59.001 +01:00 [DBG] View lookup cache miss for view '_Layout' in controller 'Home'.
2025-12-09 10:22:59.071 +01:00 [DBG] Found the endpoints ["Route: {controller=Home}/{action=Index}/{id?}"] for address (action=[Logout],controller=[Account])
2025-12-09 10:22:59.078 +01:00 [DBG] Successfully processed template {controller=Home}/{action=Index}/{id?} for Route: {controller=Home}/{action=Index}/{id?} resulting in /Account/Logout and 
2025-12-09 10:22:59.082 +01:00 [DBG] Link generation succeeded for endpoints ["Route: {controller=Home}/{action=Index}/{id?}"] with result /Account/Logout
2025-12-09 10:22:59.091 +01:00 [DBG] An antiforgery cookie token was reused.
2025-12-09 10:22:59.108 +01:00 [DBG] Response markup is scheduled to include Browser Link script injection.
2025-12-09 10:22:59.117 +01:00 [DBG] Response markup is scheduled to include browser refresh script injection.
2025-12-09 10:22:59.124 +01:00 [INF] Executed ViewResult - view Index executed in 184.8624ms.
2025-12-09 10:22:59.127 +01:00 [INF] Executed action ValcharUtulek.Controllers.HomeController.Index (ValcharUtulek) in 199.9694ms
2025-12-09 10:22:59.129 +01:00 [INF] Executed endpoint 'ValcharUtulek.Controllers.HomeController.Index (ValcharUtulek)'
2025-12-09 10:22:59.131 +01:00 [DBG] Response markup was updated to include Browser Link script injection.
2025-12-09 10:22:59.133 +01:00 [DBG] Response markup was updated to include browser refresh script injection.
2025-12-09 10:22:59.143 +01:00 [INF] Request finished HTTP/2 GET https://localhost:7079/ - 200 null text/html; charset=utf-8 485.2229ms
2025-12-09 10:22:59.187 +01:00 [INF] Request starting HTTP/2 GET https://localhost:7079/css/site.css?v=JKL9U249WcS3TiyI92oVFtfT1e_NooKoyhOqrVLKBlI - null null
2025-12-09 10:22:59.187 +01:00 [INF] Request starting HTTP/2 GET https://localhost:7079/lib/bootstrap/dist/js/bootstrap.bundle.min.js - null null
2025-12-09 10:22:59.187 +01:00 [INF] Request starting HTTP/2 GET https://localhost:7079/ValcharUtulek.styles.css?v=j5zwibrJczPiRVDQ5VRbX9PLWOuE_L1NX0cek0_whqI - null null
2025-12-09 10:22:59.218 +01:00 [INF] Request starting HTTP/2 GET https://localhost:7079/js/site.js?v=hRQyftXiu1lLX2P9Ly9xa4gHJgLeR1uGN5qegUobtGo - null null
2025-12-09 10:22:59.187 +01:00 [INF] Request starting HTTP/2 GET https://localhost:7079/lib/bootstrap/dist/css/bootstrap.min.css - null null
2025-12-09 10:22:59.187 +01:00 [INF] Request starting HTTP/2 GET https://localhost:7079/lib/jquery/dist/jquery.min.js - null null
2025-12-09 10:22:59.219 +01:00 [INF] Request starting HTTP/2 GET https://localhost:7079/_framework/aspnetcore-browser-refresh.js - null null
2025-12-09 10:22:59.227 +01:00 [INF] Request starting HTTP/2 GET https://localhost:7079/images/logo.png - null null
2025-12-09 10:22:59.246 +01:00 [INF] Request starting HTTP/2 GET https://localhost:7079/_vs/browserLink - null null
2025-12-09 10:22:59.403 +01:00 [INF] Sending file. Request path: '/ValcharUtulek.styles.css'. Physical path: 'C:\Users\David\source\repos\ValcharUtulek\ValcharUtulek\obj\Debug\net9.0\scopedcss\bundle\ValcharUtulek.styles.css'
2025-12-09 10:22:59.403 +01:00 [INF] Sending file. Request path: '/css/site.css'. Physical path: 'C:\Users\David\source\repos\ValcharUtulek\ValcharUtulek\wwwroot\css\site.css'
2025-12-09 10:22:59.403 +01:00 [INF] Sending file. Request path: '/js/site.js'. Physical path: 'C:\Users\David\source\repos\ValcharUtulek\ValcharUtulek\wwwroot\js\site.js'
2025-12-09 10:22:59.408 +01:00 [INF] Sending file. Request path: '/lib/bootstrap/dist/js/bootstrap.bundle.min.js'. Physical path: 'C:\Users\David\source\repos\ValcharUtulek\ValcharUtulek\wwwroot\lib\bootstrap\dist\js\bootstrap.bundle.min.js'
2025-12-09 10:22:59.413 +01:00 [INF] Sending file. Request path: '/lib/bootstrap/dist/css/bootstrap.min.css'. Physical path: 'C:\Users\David\source\repos\ValcharUtulek\ValcharUtulek\wwwroot\lib\bootstrap\dist\css\bootstrap.min.css'
2025-12-09 10:22:59.410 +01:00 [DBG] Script injected: /_framework/aspnetcore-browser-refresh.js
2025-12-09 10:22:59.420 +01:00 [INF] Request finished HTTP/2 GET https://localhost:7079/ValcharUtulek.styles.css?v=j5zwibrJczPiRVDQ5VRbX9PLWOuE_L1NX0cek0_whqI - 200 1131 text/css 233.1725ms
2025-12-09 10:22:59.408 +01:00 [INF] Sending file. Request path: '/lib/jquery/dist/jquery.min.js'. Physical path: 'C:\Users\David\source\repos\ValcharUtulek\ValcharUtulek\wwwroot\lib\jquery\dist\jquery.min.js'
2025-12-09 10:22:59.423 +01:00 [INF] Request finished HTTP/2 GET https://localhost:7079/js/site.js?v=hRQyftXiu1lLX2P9Ly9xa4gHJgLeR1uGN5qegUobtGo - 200 231 text/javascript 205.0584ms
2025-12-09 10:22:59.421 +01:00 [INF] Request finished HTTP/2 GET https://localhost:7079/css/site.css?v=JKL9U249WcS3TiyI92oVFtfT1e_NooKoyhOqrVLKBlI - 200 3746 text/css 234.6655ms
2025-12-09 10:22:59.430 +01:00 [INF] Request finished HTTP/2 GET https://localhost:7079/lib/bootstrap/dist/js/bootstrap.bundle.min.js - 200 80721 text/javascript 243.6452ms
2025-12-09 10:22:59.433 +01:00 [INF] Request finished HTTP/2 GET https://localhost:7079/lib/bootstrap/dist/css/bootstrap.min.css - 200 232803 text/css 246.0364ms
2025-12-09 10:22:59.435 +01:00 [INF] Request finished HTTP/2 GET https://localhost:7079/_framework/aspnetcore-browser-refresh.js - 200 16511 application/javascript; charset=utf-8 216.0424ms
2025-12-09 10:22:59.442 +01:00 [INF] Request finished HTTP/2 GET https://localhost:7079/lib/jquery/dist/jquery.min.js - 200 87533 text/javascript 255.1845ms
2025-12-09 10:22:59.448 +01:00 [INF] Request starting HTTP/2 GET https://localhost:7079/images/homebackground.jpg - null null
2025-12-09 10:22:59.470 +01:00 [INF] Request finished HTTP/2 GET https://localhost:7079/_vs/browserLink - 200 null text/javascript; charset=UTF-8 224.7537ms
2025-12-09 10:22:59.479 +01:00 [INF] Sending file. Request path: '/images/logo.png'. Physical path: 'C:\Users\David\source\repos\ValcharUtulek\ValcharUtulek\wwwroot\images\logo.png'
2025-12-09 10:22:59.485 +01:00 [INF] Request finished HTTP/2 GET https://localhost:7079/images/logo.png - 200 4026441 image/png 257.8539ms
2025-12-09 10:22:59.485 +01:00 [INF] Sending file. Request path: '/images/homebackground.jpg'. Physical path: 'C:\Users\David\source\repos\ValcharUtulek\ValcharUtulek\wwwroot\images\homebackground.jpg'
2025-12-09 10:22:59.492 +01:00 [INF] Request finished HTTP/2 GET https://localhost:7079/images/homebackground.jpg - 200 456563 image/jpeg 43.8446ms
2025-12-09 10:23:00.613 +01:00 [INF] Request starting HTTP/2 GET https://localhost:7079/Users - null null
2025-12-09 10:23:00.624 +01:00 [DBG] The request path /Users does not match a supported file type
2025-12-09 10:23:00.628 +01:00 [DBG] 1 candidate(s) found for the request path '/Users'
2025-12-09 10:23:00.630 +01:00 [DBG] Endpoint 'ValcharUtulek.Controllers.UsersController.Index (ValcharUtulek)' with route pattern '{controller=Home}/{action=Index}/{id?}' is valid for the request path '/Users'
2025-12-09 10:23:00.632 +01:00 [DBG] Request matched endpoint 'ValcharUtulek.Controllers.UsersController.Index (ValcharUtulek)'
2025-12-09 10:23:00.635 +01:00 [DBG] AuthenticationScheme: Cookies was successfully authenticated.
2025-12-09 10:23:00.643 +01:00 [DBG] Authorization was successful.
2025-12-09 10:23:00.645 +01:00 [INF] Executing endpoint 'ValcharUtulek.Controllers.UsersController.Index (ValcharUtulek)'
2025-12-09 10:23:00.656 +01:00 [INF] Route matched with {action = "Index", controller = "Users"}. Executing controller action with signature System.Threading.Tasks.Task`1[Microsoft.AspNetCore.Mvc.IActionResult] Index() on controller ValcharUtulek.Controllers.UsersController (ValcharUtulek).
2025-12-09 10:23:00.659 +01:00 [DBG] Execution plan of authorization filters (in the following order): ["None"]
2025-12-09 10:23:00.662 +01:00 [DBG] Execution plan of resource filters (in the following order): ["Microsoft.AspNetCore.Mvc.ViewFeatures.Filters.SaveTempDataFilter"]
2025-12-09 10:23:00.664 +01:00 [DBG] Execution plan of action filters (in the following order): ["Microsoft.AspNetCore.Mvc.Filters.ControllerActionFilter (Order: -2147483648)","Microsoft.AspNetCore.Mvc.ModelBinding.UnsupportedContentTypeFilter (Order: -3000)"]
2025-12-09 10:23:00.667 +01:00 [DBG] Execution plan of exception filters (in the following order): ["None"]
2025-12-09 10:23:00.670 +01:00 [DBG] Execution plan of result filters (in the following order): ["Microsoft.AspNetCore.Mvc.ViewFeatures.Filters.SaveTempDataFilter"]
2025-12-09 10:23:00.673 +01:00 [DBG] Executing controller factory for controller ValcharUtulek.Controllers.UsersController (ValcharUtulek)
2025-12-09 10:23:00.685 +01:00 [DBG] Executed controller factory for controller ValcharUtulek.Controllers.UsersController (ValcharUtulek)
2025-12-09 10:23:00.707 +01:00 [DBG] Entity Framework Core 9.0.10 initialized 'ShelterDbContext' using provider 'Pomelo.EntityFrameworkCore.MySql:9.0.0' with options: ParameterizedCollectionTranslationMode=Constantize ServerVersion=8.0.44-mysql 
2025-12-09 10:23:00.730 +01:00 [DBG] Compiling query expression: 
'DbSet<User>()
    .FirstOrDefault(e => EF.Property<int>(e, "UserId") == __p_0)'
2025-12-09 10:23:00.826 +01:00 [DBG] Generated query execution expression: 
'queryContext => ShapedQueryCompilingExpressionVisitor.SingleOrDefaultAsync<User>(
    asyncEnumerable: SingleQueryingEnumerable.Create<User>(
        relationalQueryContext: (RelationalQueryContext)queryContext, 
        relationalCommandResolver: parameters => [LIFTABLE Constant: RelationalCommandCache.QueryExpression(
            Projection Mapping:
                EmptyProjectionMember -> Dictionary<IProperty, int> { [Property: User.UserId (int) Required PK AfterSave:Throw ValueGenerated.OnAdd, 0], [Property: User.Email (string), 1], [Property: User.Name (string) Required, 2], [Property: User.PasswordHash (string) Required, 3], [Property: User.RegistrationDate (DateOnly) Required, 4], [Property: User.Role (Role) Required, 5] }
            SELECT TOP(1) u.UserId, u.Email, u.Name, u.password_hash, u.RegistrationDate, u.Role
            FROM Users AS u
            WHERE u.UserId == @__p_0) | Resolver: c => new RelationalCommandCache(
            c.Dependencies.MemoryCache, 
            c.RelationalDependencies.QuerySqlGeneratorFactory, 
            c.RelationalDependencies.RelationalParameterBasedSqlProcessorFactory, 
            Projection Mapping:
                EmptyProjectionMember -> Dictionary<IProperty, int> { [Property: User.UserId (int) Required PK AfterSave:Throw ValueGenerated.OnAdd, 0], [Property: User.Email (string), 1], [Property: User.Name (string) Required, 2], [Property: User.PasswordHash (string) Required, 3], [Property: User.RegistrationDate (DateOnly) Required, 4], [Property: User.Role (Role) Required, 5] }
            SELECT TOP(1) u.UserId, u.Email, u.Name, u.password_hash, u.RegistrationDate, u.Role
            FROM Users AS u
            WHERE u.UserId == @__p_0, 
            False, 
            new HashSet<string>(
                new string[]{ }, 
                StringComparer.Ordinal
            )
        )].GetRelationalCommandTemplate(parameters), 
        readerColumns: null, 
        shaper: (queryContext, dataReader, resultContext, resultCoordinator) => 
        {
            User entity;
            entity = 
            {
                MaterializationContext materializationContext1;
                IEntityType entityType1;
                User instance1;
                InternalEntityEntry entry1;
                bool hasNullKey1;
                materializationContext1 = new MaterializationContext(
                    [LIFTABLE Constant: ValueBuffer | Resolver: _ => (object)ValueBuffer.Empty], 
                    queryContext.Context
                );
                instance1 = default(User);
                entry1 = queryContext.TryGetEntry(
                    key: Key: User.UserId PK, 
                    keyValues: new object[]{ (object)dataReader.GetInt32(0) }, 
                    throwOnNullKey: True, 
                    hasNullKey: hasNullKey1);
                !(hasNullKey1) ? entry1 != default(InternalEntityEntry) ? 
                {
                    entityType1 = entry1.EntityType;
                    return instance1 = (User)entry1.Entity;
                } : 
                {
                    ISnapshot shadowSnapshot1;
                    shadowSnapshot1 = Snapshot;
                    entityType1 = EntityType: User;
                    instance1 = switch (entityType1)
                    {
                        case EntityType: User: 
                            {
                                return 
                                {
                                    User instance;
                                    instance = new User();
                                    instance.<UserId>k__BackingField = dataReader.GetInt32(0);
                                    instance.<Email>k__BackingField = dataReader.IsDBNull(1) ? default(string) : dataReader.GetString(1);
                                    instance.<Name>k__BackingField = dataReader.GetString(2);
                                    instance.<PasswordHash>k__BackingField = dataReader.GetString(3);
                                    instance.<RegistrationDate>k__BackingField = dataReader.GetFieldValue<DateOnly>(4);
                                    instance.<Role>k__BackingField = Invoke(((EnumToStringConverter<Role>)((IReadOnlyProperty)[LIFTABLE Constant: Property: User.Role (Role) Required | Resolver: namelessParameter{0} => namelessParameter{0}.Dependencies.Model.FindEntityType("ValcharUtulek.Entities.User").FindProperty("Role")]).GetTypeMapping().Converter).ConvertFromProviderTyped, dataReader.GetString(5));
                                    (instance is IInjectableService) ? ((IInjectableService)instance).Injected(
                                        context: materializationContext1.Context, 
                                        entity: instance, 
                                        queryTrackingBehavior: TrackAll, 
                                        structuralType: EntityType: User) : default(void);
                                    return instance;
                                }}
                        default: 
                            default(User)
                    }
                    ;
                    entry1 = entityType1 == default(IEntityType) ? default(InternalEntityEntry) : queryContext.StartTracking(
                        entityType: entityType1, 
                        entity: instance1, 
                        snapshot: shadowSnapshot1);
                    return instance1;
                } : default(void);
                return instance1;
            };
            return entity;
        }, 
        contextType: ValcharUtulek.Database.ShelterDbContext, 
        standAloneStateManager: False, 
        detailedErrorsEnabled: False, 
        threadSafetyChecksEnabled: True), 
    cancellationToken: queryContext.CancellationToken)'
2025-12-09 10:23:00.845 +01:00 [DBG] Creating DbConnection.
2025-12-09 10:23:00.847 +01:00 [DBG] Created DbConnection. (2ms).
2025-12-09 10:23:00.849 +01:00 [DBG] Opening connection to database 'shelter' on server '127.0.0.1'.
2025-12-09 10:23:00.854 +01:00 [DBG] Opened connection to database 'shelter' on server '127.0.0.1'.
2025-12-09 10:23:00.857 +01:00 [DBG] Creating DbCommand for 'ExecuteReader'.
2025-12-09 10:23:00.859 +01:00 [DBG] Created DbCommand for 'ExecuteReader' (2ms).
2025-12-09 10:23:00.878 +01:00 [DBG] Initialized DbCommand for 'ExecuteReader' (20ms).
2025-12-09 10:23:00.883 +01:00 [DBG] Executing DbCommand [Parameters=[@__p_0='?' (DbType = Int32)], CommandType='"Text"', CommandTimeout='30']
SELECT `u`.`UserId`, `u`.`Email`, `u`.`Name`, `u`.`password_hash`, `u`.`RegistrationDate`, `u`.`Role`
FROM `Users` AS `u`
WHERE `u`.`UserId` = @__p_0
LIMIT 1
2025-12-09 10:23:00.915 +01:00 [INF] Executed DbCommand (34ms) [Parameters=[@__p_0='?' (DbType = Int32)], CommandType='"Text"', CommandTimeout='30']
SELECT `u`.`UserId`, `u`.`Email`, `u`.`Name`, `u`.`password_hash`, `u`.`RegistrationDate`, `u`.`Role`
FROM `Users` AS `u`
WHERE `u`.`UserId` = @__p_0
LIMIT 1
2025-12-09 10:23:00.961 +01:00 [DBG] Context 'ShelterDbContext' started tracking 'User' entity. Consider using 'DbContextOptionsBuilder.EnableSensitiveDataLogging' to see key values.
2025-12-09 10:23:00.992 +01:00 [DBG] Closing data reader to 'shelter' on server '127.0.0.1'.
2025-12-09 10:23:00.995 +01:00 [DBG] A data reader for 'shelter' on server '127.0.0.1' is being disposed after spending 76ms reading results.
2025-12-09 10:23:00.997 +01:00 [DBG] Closing connection to database 'shelter' on server '127.0.0.1'.
2025-12-09 10:23:00.999 +01:00 [DBG] Closed connection to database 'shelter' on server '127.0.0.1' (1ms).
2025-12-09 10:23:01.014 +01:00 [DBG] Compiling query expression: 
'DbSet<Adoption>()
    .Where(a => a.UserId == __userId_0)
    .Join(
        inner: DbSet<Animal>(), 
        outerKeySelector: adoption => adoption.AnimalId, 
        innerKeySelector: animal => animal.AnimalId, 
        resultSelector: (adoption, animal) => new AdoptionDetailViewModel{ 
            AdoptionId = adoption.AdoptionId, 
            AnimalId = animal.AnimalId, 
            AnimalName = animal.Name, 
            AnimalSpecies = animal.Species, 
            AdoptionDate = adoption.AdoptionDate, 
            Amount = adoption.Amount 
        }
    )'
2025-12-09 10:23:01.067 +01:00 [DBG] Generated query execution expression: 
'queryContext => SingleQueryingEnumerable.Create<AdoptionDetailViewModel>(
    relationalQueryContext: (RelationalQueryContext)queryContext, 
    relationalCommandResolver: parameters => [LIFTABLE Constant: RelationalCommandCache.QueryExpression(
        Projection Mapping:
            AdoptionId -> 0
            AnimalId -> 1
            AnimalName -> 2
            AnimalSpecies -> 3
            AdoptionDate -> 4
            Amount -> 5
        SELECT a.AdoptionId, a0.AnimalId, a0.Name AS AnimalName, a0.Species AS AnimalSpecies, a.AdoptionDate, a.Amount
        FROM Adoptions AS a
        INNER JOIN Animals AS a0 ON a.AnimalId == a0.AnimalId
        WHERE a.UserId == @__userId_0) | Resolver: c => new RelationalCommandCache(
        c.Dependencies.MemoryCache, 
        c.RelationalDependencies.QuerySqlGeneratorFactory, 
        c.RelationalDependencies.RelationalParameterBasedSqlProcessorFactory, 
        Projection Mapping:
            AdoptionId -> 0
            AnimalId -> 1
            AnimalName -> 2
            AnimalSpecies -> 3
            AdoptionDate -> 4
            Amount -> 5
        SELECT a.AdoptionId, a0.AnimalId, a0.Name AS AnimalName, a0.Species AS AnimalSpecies, a.AdoptionDate, a.Amount
        FROM Adoptions AS a
        INNER JOIN Animals AS a0 ON a.AnimalId == a0.AnimalId
        WHERE a.UserId == @__userId_0, 
        False, 
        new HashSet<string>(
            new string[]{ }, 
            StringComparer.Ordinal
        )
    )].GetRelationalCommandTemplate(parameters), 
    readerColumns: null, 
    shaper: (queryContext, dataReader, resultContext, resultCoordinator) => 
    {
        int? value1;
        int? value2;
        string value3;
        string value4;
        DateOnly? value5;
        double? value6;
        value1 = (int?)dataReader.GetInt32(0);
        value2 = (int?)dataReader.GetInt32(1);
        value3 = dataReader.GetString(2);
        value4 = dataReader.IsDBNull(3) ? default(string) : dataReader.GetString(3);
        value5 = (DateOnly?)dataReader.GetFieldValue<DateOnly>(4);
        value6 = (double?)dataReader.GetDouble(5);
        return new AdoptionDetailViewModel{ 
            AdoptionId = (int)value1, 
            AnimalId = (int)value2, 
            AnimalName = value3, 
            AnimalSpecies = value4, 
            AdoptionDate = (DateOnly)value5, 
            Amount = (double)value6 
        }
        ;
    }, 
    contextType: ValcharUtulek.Database.ShelterDbContext, 
    standAloneStateManager: False, 
    detailedErrorsEnabled: False, 
    threadSafetyChecksEnabled: True)'
2025-12-09 10:23:01.072 +01:00 [DBG] Opening connection to database 'shelter' on server '127.0.0.1'.
2025-12-09 10:23:01.075 +01:00 [DBG] Opened connection to database 'shelter' on server '127.0.0.1'.
2025-12-09 10:23:01.077 +01:00 [DBG] Creating DbCommand for 'ExecuteReader'.
2025-12-09 10:23:01.078 +01:00 [DBG] Created DbCommand for 'ExecuteReader' (1ms).
2025-12-09 10:23:01.080 +01:00 [DBG] Initialized DbCommand for 'ExecuteReader' (2ms).
2025-12-09 10:23:01.081 +01:00 [DBG] Executing DbCommand [Parameters=[@__userId_0='?' (DbType = Int32)], CommandType='"Text"', CommandTimeout='30']
SELECT `a`.`AdoptionId`, `a0`.`AnimalId`, `a0`.`Name` AS `AnimalName`, `a0`.`Species` AS `AnimalSpecies`, `a`.`AdoptionDate`, `a`.`Amount`
FROM `Adoptions` AS `a`
INNER JOIN `Animals` AS `a0` ON `a`.`AnimalId` = `a0`.`AnimalId`
WHERE `a`.`UserId` = @__userId_0
2025-12-09 10:23:01.085 +01:00 [INF] Executed DbCommand (4ms) [Parameters=[@__userId_0='?' (DbType = Int32)], CommandType='"Text"', CommandTimeout='30']
SELECT `a`.`AdoptionId`, `a0`.`AnimalId`, `a0`.`Name` AS `AnimalName`, `a0`.`Species` AS `AnimalSpecies`, `a`.`AdoptionDate`, `a`.`Amount`
FROM `Adoptions` AS `a`
INNER JOIN `Animals` AS `a0` ON `a`.`AnimalId` = `a0`.`AnimalId`
WHERE `a`.`UserId` = @__userId_0
2025-12-09 10:23:01.089 +01:00 [DBG] Closing data reader to 'shelter' on server '127.0.0.1'.
2025-12-09 10:23:01.092 +01:00 [DBG] A data reader for 'shelter' on server '127.0.0.1' is being disposed after spending 3ms reading results.
2025-12-09 10:23:01.094 +01:00 [DBG] Closing connection to database 'shelter' on server '127.0.0.1'.
2025-12-09 10:23:01.096 +01:00 [DBG] Closed connection to database 'shelter' on server '127.0.0.1' (1ms).
2025-12-09 10:23:01.101 +01:00 [DBG] Compiling query expression: 
'DbSet<Gift>()
    .Where(g => g.UserId == __userId_0)
    .OrderByDescending(g => g.GiftDate)'
2025-12-09 10:23:01.113 +01:00 [DBG] Generated query execution expression: 
'queryContext => SingleQueryingEnumerable.Create<Gift>(
    relationalQueryContext: (RelationalQueryContext)queryContext, 
    relationalCommandResolver: parameters => [LIFTABLE Constant: RelationalCommandCache.QueryExpression(
        Projection Mapping:
            EmptyProjectionMember -> Dictionary<IProperty, int> { [Property: Gift.GiftId (int) Required PK AfterSave:Throw ValueGenerated.OnAdd, 0], [Property: Gift.Amount (double) Required, 1], [Property: Gift.GiftDate (DateOnly) Required, 2], [Property: Gift.UserId (int) Required, 3] }
        SELECT g.GiftId, g.Amount, g.GiftDate, g.UserId
        FROM Gifts AS g
        WHERE g.UserId == @__userId_0
        ORDER BY g.GiftDate DESC) | Resolver: c => new RelationalCommandCache(
        c.Dependencies.MemoryCache, 
        c.RelationalDependencies.QuerySqlGeneratorFactory, 
        c.RelationalDependencies.RelationalParameterBasedSqlProcessorFactory, 
        Projection Mapping:
            EmptyProjectionMember -> Dictionary<IProperty, int> { [Property: Gift.GiftId (int) Required PK AfterSave:Throw ValueGenerated.OnAdd, 0], [Property: Gift.Amount (double) Required, 1], [Property: Gift.GiftDate (DateOnly) Required, 2], [Property: Gift.UserId (int) Required, 3] }
        SELECT g.GiftId, g.Amount, g.GiftDate, g.UserId
        FROM Gifts AS g
        WHERE g.UserId == @__userId_0
        ORDER BY g.GiftDate DESC, 
        False, 
        new HashSet<string>(
            new string[]{ }, 
            StringComparer.Ordinal
        )
    )].GetRelationalCommandTemplate(parameters), 
    readerColumns: null, 
    shaper: (queryContext, dataReader, resultContext, resultCoordinator) => 
    {
        Gift entity;
        entity = 
        {
            MaterializationContext materializationContext1;
            IEntityType entityType1;
            Gift instance1;
            InternalEntityEntry entry1;
            bool hasNullKey1;
            materializationContext1 = new MaterializationContext(
                [LIFTABLE Constant: ValueBuffer | Resolver: _ => (object)ValueBuffer.Empty], 
                queryContext.Context
            );
            instance1 = default(Gift);
            entry1 = queryContext.TryGetEntry(
                key: Key: Gift.GiftId PK, 
                keyValues: new object[]{ (object)dataReader.GetInt32(0) }, 
                throwOnNullKey: True, 
                hasNullKey: hasNullKey1);
            !(hasNullKey1) ? entry1 != default(InternalEntityEntry) ? 
            {
                entityType1 = entry1.EntityType;
                return instance1 = (Gift)entry1.Entity;
            } : 
            {
                ISnapshot shadowSnapshot1;
                shadowSnapshot1 = Snapshot;
                entityType1 = EntityType: Gift;
                instance1 = switch (entityType1)
                {
                    case EntityType: Gift: 
                        {
                            return 
                            {
                                Gift instance;
                                instance = new Gift();
                                instance.<GiftId>k__BackingField = dataReader.GetInt32(0);
                                instance.<Amount>k__BackingField = dataReader.GetDouble(1);
                                instance.<GiftDate>k__BackingField = dataReader.GetFieldValue<DateOnly>(2);
                                instance.<UserId>k__BackingField = dataReader.GetInt32(3);
                                (instance is IInjectableService) ? ((IInjectableService)instance).Injected(
                                    context: materializationContext1.Context, 
                                    entity: instance, 
                                    queryTrackingBehavior: TrackAll, 
                                    structuralType: EntityType: Gift) : default(void);
                                return instance;
                            }}
                    default: 
                        default(Gift)
                }
                ;
                entry1 = entityType1 == default(IEntityType) ? default(InternalEntityEntry) : queryContext.StartTracking(
                    entityType: entityType1, 
                    entity: instance1, 
                    snapshot: shadowSnapshot1);
                return instance1;
            } : default(void);
            return instance1;
        };
        return entity;
    }, 
    contextType: ValcharUtulek.Database.ShelterDbContext, 
    standAloneStateManager: False, 
    detailedErrorsEnabled: False, 
    threadSafetyChecksEnabled: True)'
2025-12-09 10:23:01.119 +01:00 [DBG] Opening connection to database 'shelter' on server '127.0.0.1'.
2025-12-09 10:23:01.123 +01:00 [DBG] Opened connection to database 'shelter' on server '127.0.0.1'.
2025-12-09 10:23:01.125 +01:00 [DBG] Creating DbCommand for 'ExecuteReader'.
2025-12-09 10:23:01.126 +01:00 [DBG] Created DbCommand for 'ExecuteReader' (1ms).
2025-12-09 10:23:01.128 +01:00 [DBG] Initialized DbCommand for 'ExecuteReader' (3ms).
2025-12-09 10:23:01.130 +01:00 [DBG] Executing DbCommand [Parameters=[@__userId_0='?' (DbType = Int32)], CommandType='"Text"', CommandTimeout='30']
SELECT `g`.`GiftId`, `g`.`Amount`, `g`.`GiftDate`, `g`.`UserId`
FROM `Gifts` AS `g`
WHERE `g`.`UserId` = @__userId_0
ORDER BY `g`.`GiftDate` DESC
2025-12-09 10:23:01.133 +01:00 [INF] Executed DbCommand (4ms) [Parameters=[@__userId_0='?' (DbType = Int32)], CommandType='"Text"', CommandTimeout='30']
SELECT `g`.`GiftId`, `g`.`Amount`, `g`.`GiftDate`, `g`.`UserId`
FROM `Gifts` AS `g`
WHERE `g`.`UserId` = @__userId_0
ORDER BY `g`.`GiftDate` DESC
2025-12-09 10:23:01.137 +01:00 [DBG] Closing data reader to 'shelter' on server '127.0.0.1'.
2025-12-09 10:23:01.138 +01:00 [DBG] A data reader for 'shelter' on server '127.0.0.1' is being disposed after spending 1ms reading results.
2025-12-09 10:23:01.140 +01:00 [DBG] Closing connection to database 'shelter' on server '127.0.0.1'.
2025-12-09 10:23:01.142 +01:00 [DBG] Closed connection to database 'shelter' on server '127.0.0.1' (1ms).
2025-12-09 10:23:01.149 +01:00 [DBG] View lookup cache miss for view 'Index' in controller 'Users'.
2025-12-09 10:23:01.153 +01:00 [INF] Executing ViewResult, running view Index.
2025-12-09 10:23:01.155 +01:00 [DBG] The view path '/Views/Users/Index.cshtml' was found in 6.2034ms.
2025-12-09 10:23:01.175 +01:00 [DBG] Found the endpoints ["Route: {controller=Home}/{action=Index}/{id?}"] for address (action=[Index],controller=[Adoptions])
2025-12-09 10:23:01.178 +01:00 [DBG] Successfully processed template {controller=Home}/{action=Index}/{id?} for Route: {controller=Home}/{action=Index}/{id?} resulting in /Adoptions and 
2025-12-09 10:23:01.180 +01:00 [DBG] Link generation succeeded for endpoints ["Route: {controller=Home}/{action=Index}/{id?}"] with result /Adoptions
2025-12-09 10:23:01.183 +01:00 [DBG] Found the endpoints ["Route: {controller=Home}/{action=Index}/{id?}"] for address (action=[Create],controller=[Gifts])
2025-12-09 10:23:01.186 +01:00 [DBG] Successfully processed template {controller=Home}/{action=Index}/{id?} for Route: {controller=Home}/{action=Index}/{id?} resulting in /Gifts/Create and 
2025-12-09 10:23:01.188 +01:00 [DBG] Link generation succeeded for endpoints ["Route: {controller=Home}/{action=Index}/{id?}"] with result /Gifts/Create
2025-12-09 10:23:01.192 +01:00 [DBG] View lookup cache miss for view '_Layout' in controller 'Users'.
2025-12-09 10:23:01.197 +01:00 [DBG] Found the endpoints ["Route: {controller=Home}/{action=Index}/{id?}"] for address (action=[Logout],controller=[Account])
2025-12-09 10:23:01.199 +01:00 [DBG] Successfully processed template {controller=Home}/{action=Index}/{id?} for Route: {controller=Home}/{action=Index}/{id?} resulting in /Account/Logout and 
2025-12-09 10:23:01.202 +01:00 [DBG] Link generation succeeded for endpoints ["Route: {controller=Home}/{action=Index}/{id?}"] with result /Account/Logout
2025-12-09 10:23:01.205 +01:00 [DBG] An antiforgery cookie token was reused.
2025-12-09 10:23:01.206 +01:00 [DBG] Response markup is scheduled to include Browser Link script injection.
2025-12-09 10:23:01.208 +01:00 [DBG] Response markup is scheduled to include browser refresh script injection.
2025-12-09 10:23:01.219 +01:00 [INF] Executed ViewResult - view Index executed in 70.1138ms.
2025-12-09 10:23:01.223 +01:00 [INF] Executed action ValcharUtulek.Controllers.UsersController.Index (ValcharUtulek) in 550.5662ms
2025-12-09 10:23:01.226 +01:00 [INF] Executed endpoint 'ValcharUtulek.Controllers.UsersController.Index (ValcharUtulek)'
2025-12-09 10:23:01.229 +01:00 [DBG] Response markup was updated to include Browser Link script injection.
2025-12-09 10:23:01.233 +01:00 [DBG] Response markup was updated to include browser refresh script injection.
2025-12-09 10:23:01.236 +01:00 [DBG] 'ShelterDbContext' disposed.
2025-12-09 10:23:01.240 +01:00 [DBG] Disposing connection to database 'shelter' on server '127.0.0.1'.
2025-12-09 10:23:01.243 +01:00 [DBG] Disposed connection to database 'shelter' on server '127.0.0.1' (2ms).
2025-12-09 10:23:01.247 +01:00 [INF] Request finished HTTP/2 GET https://localhost:7079/Users - 200 null text/html; charset=utf-8 634.039ms
2025-12-09 10:23:01.269 +01:00 [INF] Request starting HTTP/2 GET https://localhost:7079/_vs/browserLink - null null
2025-12-09 10:23:01.269 +01:00 [INF] Request starting HTTP/2 GET https://localhost:7079/_framework/aspnetcore-browser-refresh.js - null null
2025-12-09 10:23:01.282 +01:00 [DBG] Script injected: /_framework/aspnetcore-browser-refresh.js
2025-12-09 10:23:01.283 +01:00 [INF] Request finished HTTP/2 GET https://localhost:7079/_framework/aspnetcore-browser-refresh.js - 200 16511 application/javascript; charset=utf-8 14.1691ms
2025-12-09 10:23:01.295 +01:00 [INF] Request finished HTTP/2 GET https://localhost:7079/_vs/browserLink - 200 null text/javascript; charset=UTF-8 25.617ms
2025-12-09 10:32:23.546 +01:00 [INF] Starting web application
2025-12-09 10:32:24.876 +01:00 [DBG] An 'IServiceProvider' was created for internal use by Entity Framework.
2025-12-09 10:32:25.421 +01:00 [DBG] Entity Framework Core 9.0.10 initialized 'ShelterDbContext' using provider 'Pomelo.EntityFrameworkCore.MySql:9.0.0' with options: ParameterizedCollectionTranslationMode=Constantize ServerVersion=8.0.44-mysql 
2025-12-09 10:32:25.452 +01:00 [DBG] Creating DbConnection.
2025-12-09 10:32:25.459 +01:00 [DBG] Created DbConnection. (4ms).
2025-12-09 10:32:25.471 +01:00 [DBG] Opening connection to database '' on server '127.0.0.1'.
2025-12-09 10:32:25.524 +01:00 [DBG] Opened connection to database '' on server '127.0.0.1'.
2025-12-09 10:32:25.529 +01:00 [DBG] Creating DbConnection.
2025-12-09 10:32:25.530 +01:00 [DBG] Created DbConnection. (1ms).
2025-12-09 10:32:25.575 +01:00 [DBG] Disposing connection to database '' on server '127.0.0.1'.
2025-12-09 10:32:25.583 +01:00 [DBG] Disposed connection to database '' on server '127.0.0.1' (3ms).
2025-12-09 10:32:25.597 +01:00 [DBG] Creating DbCommand for 'ExecuteScalar'.
2025-12-09 10:32:25.603 +01:00 [DBG] Created DbCommand for 'ExecuteScalar' (6ms).
2025-12-09 10:32:25.605 +01:00 [DBG] Initialized DbCommand for 'ExecuteScalar' (12ms).
2025-12-09 10:32:25.607 +01:00 [DBG] Opening connection to database 'shelter' on server '127.0.0.1'.
2025-12-09 10:32:25.633 +01:00 [DBG] Opened connection to database 'shelter' on server '127.0.0.1'.
2025-12-09 10:32:25.643 +01:00 [DBG] Executing DbCommand [Parameters=[], CommandType='"Text"', CommandTimeout='30']
SELECT CASE WHEN COUNT(*) = 0 THEN FALSE ELSE TRUE END
FROM information_schema.tables
WHERE table_type = 'BASE TABLE' AND table_schema = 'shelter'
2025-12-09 10:32:25.677 +01:00 [INF] Executed DbCommand (24ms) [Parameters=[], CommandType='"Text"', CommandTimeout='30']
SELECT CASE WHEN COUNT(*) = 0 THEN FALSE ELSE TRUE END
FROM information_schema.tables
WHERE table_type = 'BASE TABLE' AND table_schema = 'shelter'
2025-12-09 10:32:25.683 +01:00 [DBG] Closing connection to database 'shelter' on server '127.0.0.1'.
2025-12-09 10:32:25.688 +01:00 [DBG] Closed connection to database 'shelter' on server '127.0.0.1' (4ms).
2025-12-09 10:32:25.736 +01:00 [DBG] Compiling query expression: 
'DbSet<User>()
    .Any(u => u.Name == "admin")'
2025-12-09 10:32:26.040 +01:00 [DBG] Generated query execution expression: 
'queryContext => SingleQueryingEnumerable.Create<bool>(
    relationalQueryContext: (RelationalQueryContext)queryContext, 
    relationalCommandResolver: parameters => [LIFTABLE Constant: RelationalCommandCache.QueryExpression(
        Projection Mapping:
            EmptyProjectionMember -> 0
        SELECT EXISTS (
            SELECT 1
            FROM Users AS u
            WHERE u.Name == 'admin')) | Resolver: c => new RelationalCommandCache(
        c.Dependencies.MemoryCache, 
        c.RelationalDependencies.QuerySqlGeneratorFactory, 
        c.RelationalDependencies.RelationalParameterBasedSqlProcessorFactory, 
        Projection Mapping:
            EmptyProjectionMember -> 0
        SELECT EXISTS (
            SELECT 1
            FROM Users AS u
            WHERE u.Name == 'admin'), 
        False, 
        new HashSet<string>(
            new string[]{ }, 
            StringComparer.Ordinal
        )
    )].GetRelationalCommandTemplate(parameters), 
    readerColumns: null, 
    shaper: (queryContext, dataReader, resultContext, resultCoordinator) => 
    {
        bool? value1;
        value1 = dataReader.IsDBNull(0) ? default(bool?) : (bool?)dataReader.GetBoolean(0);
        return (bool)value1;
    }, 
    contextType: ValcharUtulek.Database.ShelterDbContext, 
    standAloneStateManager: False, 
    detailedErrorsEnabled: False, 
    threadSafetyChecksEnabled: True)
    .Single()'
2025-12-09 10:32:26.072 +01:00 [DBG] Opening connection to database 'shelter' on server '127.0.0.1'.
2025-12-09 10:32:26.081 +01:00 [DBG] Opened connection to database 'shelter' on server '127.0.0.1'.
2025-12-09 10:32:26.083 +01:00 [DBG] Creating DbCommand for 'ExecuteReader'.
2025-12-09 10:32:26.084 +01:00 [DBG] Created DbCommand for 'ExecuteReader' (1ms).
2025-12-09 10:32:26.085 +01:00 [DBG] Initialized DbCommand for 'ExecuteReader' (3ms).
2025-12-09 10:32:26.088 +01:00 [DBG] Executing DbCommand [Parameters=[], CommandType='"Text"', CommandTimeout='30']
SELECT EXISTS (
    SELECT 1
    FROM `Users` AS `u`
    WHERE `u`.`Name` = 'admin')
2025-12-09 10:32:26.093 +01:00 [INF] Executed DbCommand (5ms) [Parameters=[], CommandType='"Text"', CommandTimeout='30']
SELECT EXISTS (
    SELECT 1
    FROM `Users` AS `u`
    WHERE `u`.`Name` = 'admin')
2025-12-09 10:32:26.099 +01:00 [DBG] Closing data reader to 'shelter' on server '127.0.0.1'.
2025-12-09 10:32:26.102 +01:00 [DBG] A data reader for 'shelter' on server '127.0.0.1' is being disposed after spending 5ms reading results.
2025-12-09 10:32:26.105 +01:00 [DBG] Closing connection to database 'shelter' on server '127.0.0.1'.
2025-12-09 10:32:26.107 +01:00 [DBG] Closed connection to database 'shelter' on server '127.0.0.1' (2ms).
2025-12-09 10:32:26.111 +01:00 [DBG] Compiling query expression: 
'DbSet<News>()
    .Any()'
2025-12-09 10:32:26.116 +01:00 [DBG] Generated query execution expression: 
'queryContext => SingleQueryingEnumerable.Create<bool>(
    relationalQueryContext: (RelationalQueryContext)queryContext, 
    relationalCommandResolver: parameters => [LIFTABLE Constant: RelationalCommandCache.QueryExpression(
        Projection Mapping:
            EmptyProjectionMember -> 0
        SELECT EXISTS (
            SELECT 1
            FROM News AS n)) | Resolver: c => new RelationalCommandCache(
        c.Dependencies.MemoryCache, 
        c.RelationalDependencies.QuerySqlGeneratorFactory, 
        c.RelationalDependencies.RelationalParameterBasedSqlProcessorFactory, 
        Projection Mapping:
            EmptyProjectionMember -> 0
        SELECT EXISTS (
            SELECT 1
            FROM News AS n), 
        False, 
        new HashSet<string>(
            new string[]{ }, 
            StringComparer.Ordinal
        )
    )].GetRelationalCommandTemplate(parameters), 
    readerColumns: null, 
    shaper: (queryContext, dataReader, resultContext, resultCoordinator) => 
    {
        bool? value1;
        value1 = dataReader.IsDBNull(0) ? default(bool?) : (bool?)dataReader.GetBoolean(0);
        return (bool)value1;
    }, 
    contextType: ValcharUtulek.Database.ShelterDbContext, 
    standAloneStateManager: False, 
    detailedErrorsEnabled: False, 
    threadSafetyChecksEnabled: True)
    .Single()'
2025-12-09 10:32:26.119 +01:00 [DBG] Opening connection to database 'shelter' on server '127.0.0.1'.
2025-12-09 10:32:26.122 +01:00 [DBG] Opened connection to database 'shelter' on server '127.0.0.1'.
2025-12-09 10:32:26.124 +01:00 [DBG] Creating DbCommand for 'ExecuteReader'.
2025-12-09 10:32:26.125 +01:00 [DBG] Created DbCommand for 'ExecuteReader' (1ms).
2025-12-09 10:32:26.127 +01:00 [DBG] Initialized DbCommand for 'ExecuteReader' (2ms).
2025-12-09 10:32:26.128 +01:00 [DBG] Executing DbCommand [Parameters=[], CommandType='"Text"', CommandTimeout='30']
SELECT EXISTS (
    SELECT 1
    FROM `News` AS `n`)
2025-12-09 10:32:26.131 +01:00 [INF] Executed DbCommand (3ms) [Parameters=[], CommandType='"Text"', CommandTimeout='30']
SELECT EXISTS (
    SELECT 1
    FROM `News` AS `n`)
2025-12-09 10:32:26.134 +01:00 [DBG] Closing data reader to 'shelter' on server '127.0.0.1'.
2025-12-09 10:32:26.137 +01:00 [DBG] A data reader for 'shelter' on server '127.0.0.1' is being disposed after spending 2ms reading results.
2025-12-09 10:32:26.139 +01:00 [DBG] Closing connection to database 'shelter' on server '127.0.0.1'.
2025-12-09 10:32:26.141 +01:00 [DBG] Closed connection to database 'shelter' on server '127.0.0.1' (2ms).
2025-12-09 10:32:26.146 +01:00 [DBG] 'ShelterDbContext' disposed.
2025-12-09 10:32:26.148 +01:00 [DBG] Disposing connection to database 'shelter' on server '127.0.0.1'.
2025-12-09 10:32:26.151 +01:00 [DBG] Disposed connection to database 'shelter' on server '127.0.0.1' (3ms).
2025-12-09 10:32:26.212 +01:00 [DBG] Initializing Razor view compiler with compiled view: '/Views/Account/Login.cshtml'.
2025-12-09 10:32:26.213 +01:00 [DBG] Initializing Razor view compiler with compiled view: '/Views/Account/Register.cshtml'.
2025-12-09 10:32:26.214 +01:00 [DBG] Initializing Razor view compiler with compiled view: '/Views/Adoptions/Create.cshtml'.
2025-12-09 10:32:26.216 +01:00 [DBG] Initializing Razor view compiler with compiled view: '/Views/Adoptions/Delete.cshtml'.
2025-12-09 10:32:26.217 +01:00 [DBG] Initializing Razor view compiler with compiled view: '/Views/Adoptions/Details.cshtml'.
2025-12-09 10:32:26.218 +01:00 [DBG] Initializing Razor view compiler with compiled view: '/Views/Adoptions/Edit.cshtml'.
2025-12-09 10:32:26.220 +01:00 [DBG] Initializing Razor view compiler with compiled view: '/Views/Adoptions/Index.cshtml'.
2025-12-09 10:32:26.221 +01:00 [DBG] Initializing Razor view compiler with compiled view: '/Views/Gifts/Create.cshtml'.
2025-12-09 10:32:26.222 +01:00 [DBG] Initializing Razor view compiler with compiled view: '/Views/Gifts/Delete.cshtml'.
2025-12-09 10:32:26.223 +01:00 [DBG] Initializing Razor view compiler with compiled view: '/Views/Gifts/Details.cshtml'.
2025-12-09 10:32:26.225 +01:00 [DBG] Initializing Razor view compiler with compiled view: '/Views/Gifts/Edit.cshtml'.
2025-12-09 10:32:26.226 +01:00 [DBG] Initializing Razor view compiler with compiled view: '/Views/Gifts/Index.cshtml'.
2025-12-09 10:32:26.228 +01:00 [DBG] Initializing Razor view compiler with compiled view: '/Views/Home/Index.cshtml'.
2025-12-09 10:32:26.229 +01:00 [DBG] Initializing Razor view compiler with compiled view: '/Views/Home/Privacy.cshtml'.
2025-12-09 10:32:26.230 +01:00 [DBG] Initializing Razor view compiler with compiled view: '/Views/News/Create.cshtml'.
2025-12-09 10:32:26.232 +01:00 [DBG] Initializing Razor view compiler with compiled view: '/Views/News/Delete.cshtml'.
2025-12-09 10:32:26.233 +01:00 [DBG] Initializing Razor view compiler with compiled view: '/Views/News/Details.cshtml'.
2025-12-09 10:32:26.234 +01:00 [DBG] Initializing Razor view compiler with compiled view: '/Views/News/Edit.cshtml'.
2025-12-09 10:32:26.235 +01:00 [DBG] Initializing Razor view compiler with compiled view: '/Views/News/Index.cshtml'.
2025-12-09 10:32:26.237 +01:00 [DBG] Initializing Razor view compiler with compiled view: '/Views/Shared/Error.cshtml'.
2025-12-09 10:32:26.238 +01:00 [DBG] Initializing Razor view compiler with compiled view: '/Views/Shared/_ValidationScriptsPartial.cshtml'.
2025-12-09 10:32:26.239 +01:00 [DBG] Initializing Razor view compiler with compiled view: '/Views/Users/Index.cshtml'.
2025-12-09 10:32:26.241 +01:00 [DBG] Initializing Razor view compiler with compiled view: '/Views/_ViewImports.cshtml'.
2025-12-09 10:32:26.242 +01:00 [DBG] Initializing Razor view compiler with compiled view: '/Views/_ViewStart.cshtml'.
2025-12-09 10:32:26.244 +01:00 [DBG] Initializing Razor view compiler with compiled view: '/Views/Shared/_Layout.cshtml'.
2025-12-09 10:32:26.262 +01:00 [DBG] Registered model binder providers, in the following order: ["Microsoft.AspNetCore.Mvc.ModelBinding.Binders.BinderTypeModelBinderProvider","Microsoft.AspNetCore.Mvc.ModelBinding.Binders.ServicesModelBinderProvider","Microsoft.AspNetCore.Mvc.ModelBinding.Binders.BodyModelBinderProvider","Microsoft.AspNetCore.Mvc.ModelBinding.Binders.HeaderModelBinderProvider","Microsoft.AspNetCore.Mvc.ModelBinding.Binders.FloatingPointTypeModelBinderProvider","Microsoft.AspNetCore.Mvc.ModelBinding.Binders.EnumTypeModelBinderProvider","Microsoft.AspNetCore.Mvc.ModelBinding.Binders.DateTimeModelBinderProvider","Microsoft.AspNetCore.Mvc.ModelBinding.Binders.SimpleTypeModelBinderProvider","Microsoft.AspNetCore.Mvc.ModelBinding.Binders.TryParseModelBinderProvider","Microsoft.AspNetCore.Mvc.ModelBinding.Binders.CancellationTokenModelBinderProvider","Microsoft.AspNetCore.Mvc.ModelBinding.Binders.ByteArrayModelBinderProvider","Microsoft.AspNetCore.Mvc.ModelBinding.Binders.FormFileModelBinderProvider","Microsoft.AspNetCore.Mvc.ModelBinding.Binders.FormCollectionModelBinderProvider","Microsoft.AspNetCore.Mvc.ModelBinding.Binders.KeyValuePairModelBinderProvider","Microsoft.AspNetCore.Mvc.ModelBinding.Binders.DictionaryModelBinderProvider","Microsoft.AspNetCore.Mvc.ModelBinding.Binders.ArrayModelBinderProvider","Microsoft.AspNetCore.Mvc.ModelBinding.Binders.CollectionModelBinderProvider","Microsoft.AspNetCore.Mvc.ModelBinding.Binders.ComplexObjectModelBinderProvider"]
2025-12-09 10:32:26.351 +01:00 [DBG] Hosting starting
2025-12-09 10:32:26.385 +01:00 [INF] User profile is available. Using 'C:\Users\David\AppData\Local\ASP.NET\DataProtection-Keys' as key repository and Windows DPAPI to encrypt keys at rest.
2025-12-09 10:32:26.409 +01:00 [DBG] Reading data from file 'C:\Users\David\AppData\Local\ASP.NET\DataProtection-Keys\key-f5c154a5-e5b4-4c9b-b7eb-6e5e819bbbdf.xml'.
2025-12-09 10:32:26.423 +01:00 [DBG] Found key {f5c154a5-e5b4-4c9b-b7eb-6e5e819bbbdf}.
2025-12-09 10:32:26.439 +01:00 [DBG] Considering key {f5c154a5-e5b4-4c9b-b7eb-6e5e819bbbdf} with expiration date 2025-12-22 06:21:24Z as default key.
2025-12-09 10:32:26.447 +01:00 [DBG] Forwarded activator type request from Microsoft.AspNetCore.DataProtection.XmlEncryption.DpapiXmlDecryptor, Microsoft.AspNetCore.DataProtection, Version=9.0.0.0, Culture=neutral, PublicKeyToken=adb9793829ddae60 to Microsoft.AspNetCore.DataProtection.XmlEncryption.DpapiXmlDecryptor, Microsoft.AspNetCore.DataProtection, Culture=neutral, PublicKeyToken=adb9793829ddae60
2025-12-09 10:32:26.450 +01:00 [DBG] Decrypting secret element using Windows DPAPI.
2025-12-09 10:32:26.453 +01:00 [DBG] Forwarded activator type request from Microsoft.AspNetCore.DataProtection.AuthenticatedEncryption.ConfigurationModel.AuthenticatedEncryptorDescriptorDeserializer, Microsoft.AspNetCore.DataProtection, Version=9.0.0.0, Culture=neutral, PublicKeyToken=adb9793829ddae60 to Microsoft.AspNetCore.DataProtection.AuthenticatedEncryption.ConfigurationModel.AuthenticatedEncryptorDescriptorDeserializer, Microsoft.AspNetCore.DataProtection, Culture=neutral, PublicKeyToken=adb9793829ddae60
2025-12-09 10:32:26.458 +01:00 [DBG] Opening CNG algorithm 'AES' from provider 'null' with chaining mode CBC.
2025-12-09 10:32:26.461 +01:00 [DBG] Opening CNG algorithm 'SHA256' from provider 'null' with HMAC.
2025-12-09 10:32:26.464 +01:00 [DBG] Using key {f5c154a5-e5b4-4c9b-b7eb-6e5e819bbbdf} as the default key.
2025-12-09 10:32:26.467 +01:00 [DBG] Key ring with default key {f5c154a5-e5b4-4c9b-b7eb-6e5e819bbbdf} was loaded during application startup.
2025-12-09 10:32:26.482 +01:00 [DBG] Middleware loaded
2025-12-09 10:32:26.486 +01:00 [DBG] Middleware loaded. Script /_framework/aspnetcore-browser-refresh.js (16511 B).
2025-12-09 10:32:26.489 +01:00 [DBG] Middleware loaded. Script /_framework/blazor-hotreload.js (799 B).
2025-12-09 10:32:26.551 +01:00 [DBG] Middleware configuration started with options: {AllowedHosts = *, AllowEmptyHosts = True, IncludeFailureMessage = True}
2025-12-09 10:32:26.554 +01:00 [DBG] Wildcard detected, all requests with hosts will be allowed.
2025-12-09 10:32:26.567 +01:00 [DBG] Middleware loaded: DOTNET_MODIFIABLE_ASSEMBLIES=debug, __ASPNETCORE_BROWSER_TOOLS=true
2025-12-09 10:32:26.663 +01:00 [INF] Now listening on: https://localhost:7079
2025-12-09 10:32:26.665 +01:00 [INF] Now listening on: http://localhost:5048
2025-12-09 10:32:26.667 +01:00 [DBG] Loaded hosting startup assembly ValcharUtulek
2025-12-09 10:32:26.668 +01:00 [DBG] Loaded hosting startup assembly Microsoft.WebTools.ApiEndpointDiscovery
2025-12-09 10:32:26.669 +01:00 [DBG] Loaded hosting startup assembly Microsoft.AspNetCore.Watch.BrowserRefresh
2025-12-09 10:32:26.670 +01:00 [DBG] Loaded hosting startup assembly Microsoft.WebTools.BrowserLink.Net
2025-12-09 10:32:26.681 +01:00 [DBG] Executing API description provider 'EndpointMetadataApiDescriptionProvider' from assembly Microsoft.AspNetCore.Mvc.ApiExplorer v9.0.0.0.
2025-12-09 10:32:26.684 +01:00 [DBG] Executing API description provider 'DefaultApiDescriptionProvider' from assembly Microsoft.AspNetCore.Mvc.ApiExplorer v9.0.0.0.
2025-12-09 10:32:26.757 +01:00 [INF] Application started. Press Ctrl+C to shut down.
2025-12-09 10:32:26.760 +01:00 [INF] Hosting environment: Development
2025-12-09 10:32:26.761 +01:00 [INF] Content root path: C:\Users\David\source\repos\ValcharUtulek\ValcharUtulek
2025-12-09 10:32:26.763 +01:00 [DBG] Hosting started
2025-12-09 10:32:27.088 +01:00 [DBG] Connection id "0HNHN0NEUQQRG" accepted.
2025-12-09 10:32:27.091 +01:00 [DBG] Connection id "0HNHN0NEUQQRG" started.
2025-12-09 10:32:27.094 +01:00 [DBG] Connection id "0HNHN0NEUQQRH" accepted.
2025-12-09 10:32:27.095 +01:00 [DBG] Connection id "0HNHN0NEUQQRH" started.
2025-12-09 10:32:27.129 +01:00 [DBG] Connection id "0HNHN0NEUQQRG" received FIN.
2025-12-09 10:32:27.129 +01:00 [DBG] Connection id "0HNHN0NEUQQRH" received FIN.
2025-12-09 10:32:27.185 +01:00 [DBG] Failed to authenticate HTTPS connection.
System.IO.IOException: Received an unexpected EOF or 0 bytes from the transport stream.
   at System.Net.Security.SslStream.ReceiveHandshakeFrameAsync[TIOAdapter](CancellationToken cancellationToken)
   at System.Net.Security.SslStream.ForceAuthenticationAsync[TIOAdapter](Boolean receiveFirst, Byte[] reAuthenticationData, CancellationToken cancellationToken)
   at System.Net.Security.SslStream.ProcessAuthenticationWithTelemetryAsync(Boolean isAsync, CancellationToken cancellationToken)
   at Microsoft.AspNetCore.Server.Kestrel.Https.Internal.HttpsConnectionMiddleware.OnConnectionAsync(ConnectionContext context)
2025-12-09 10:32:27.185 +01:00 [DBG] Failed to authenticate HTTPS connection.
System.IO.IOException: Received an unexpected EOF or 0 bytes from the transport stream.
   at System.Net.Security.SslStream.ReceiveHandshakeFrameAsync[TIOAdapter](CancellationToken cancellationToken)
   at System.Net.Security.SslStream.ForceAuthenticationAsync[TIOAdapter](Boolean receiveFirst, Byte[] reAuthenticationData, CancellationToken cancellationToken)
   at System.Net.Security.SslStream.ProcessAuthenticationWithTelemetryAsync(Boolean isAsync, CancellationToken cancellationToken)
   at Microsoft.AspNetCore.Server.Kestrel.Https.Internal.HttpsConnectionMiddleware.OnConnectionAsync(ConnectionContext context)
2025-12-09 10:32:27.229 +01:00 [DBG] Connection id "0HNHN0NEUQQRG" stopped.
2025-12-09 10:32:27.229 +01:00 [DBG] Connection id "0HNHN0NEUQQRH" stopped.
2025-12-09 10:32:27.234 +01:00 [DBG] Connection id "0HNHN0NEUQQRG" sending FIN because: "The Socket transport's send loop completed gracefully."
2025-12-09 10:32:27.234 +01:00 [DBG] Connection id "0HNHN0NEUQQRH" sending FIN because: "The Socket transport's send loop completed gracefully."
2025-12-09 10:32:27.395 +01:00 [DBG] Connection id "0HNHN0NEUQQRI" accepted.
2025-12-09 10:32:27.398 +01:00 [DBG] Connection id "0HNHN0NEUQQRI" started.
2025-12-09 10:32:27.418 +01:00 [DBG] Connection 0HNHN0NEUQQRI established using the following protocol: "Tls13"
2025-12-09 10:32:27.514 +01:00 [INF] Request starting HTTP/2 GET https://localhost:7079/ - null null
2025-12-09 10:32:27.644 +01:00 [DBG] The request path / does not match a supported file type
2025-12-09 10:32:27.672 +01:00 [DBG] 1 candidate(s) found for the request path '/'
2025-12-09 10:32:27.675 +01:00 [DBG] Endpoint 'ValcharUtulek.Controllers.HomeController.Index (ValcharUtulek)' with route pattern '{controller=Home}/{action=Index}/{id?}' is valid for the request path '/'
2025-12-09 10:32:27.679 +01:00 [DBG] Request matched endpoint 'ValcharUtulek.Controllers.HomeController.Index (ValcharUtulek)'
2025-12-09 10:32:27.710 +01:00 [DBG] AuthenticationScheme: Cookies was successfully authenticated.
2025-12-09 10:32:27.715 +01:00 [INF] Executing endpoint 'ValcharUtulek.Controllers.HomeController.Index (ValcharUtulek)'
2025-12-09 10:32:27.730 +01:00 [INF] Route matched with {action = "Index", controller = "Home"}. Executing controller action with signature Microsoft.AspNetCore.Mvc.IActionResult Index() on controller ValcharUtulek.Controllers.HomeController (ValcharUtulek).
2025-12-09 10:32:27.734 +01:00 [DBG] Execution plan of authorization filters (in the following order): ["None"]
2025-12-09 10:32:27.736 +01:00 [DBG] Execution plan of resource filters (in the following order): ["Microsoft.AspNetCore.Mvc.ViewFeatures.Filters.SaveTempDataFilter"]
2025-12-09 10:32:27.740 +01:00 [DBG] Execution plan of action filters (in the following order): ["Microsoft.AspNetCore.Mvc.Filters.ControllerActionFilter (Order: -2147483648)","Microsoft.AspNetCore.Mvc.ModelBinding.UnsupportedContentTypeFilter (Order: -3000)"]
2025-12-09 10:32:27.742 +01:00 [DBG] Execution plan of exception filters (in the following order): ["None"]
2025-12-09 10:32:27.744 +01:00 [DBG] Execution plan of result filters (in the following order): ["Microsoft.AspNetCore.Mvc.ViewFeatures.Filters.SaveTempDataFilter"]
2025-12-09 10:32:27.748 +01:00 [DBG] Executing controller factory for controller ValcharUtulek.Controllers.HomeController (ValcharUtulek)
2025-12-09 10:32:27.751 +01:00 [DBG] Executed controller factory for controller ValcharUtulek.Controllers.HomeController (ValcharUtulek)
2025-12-09 10:32:27.761 +01:00 [DBG] View lookup cache miss for view 'Index' in controller 'Home'.
2025-12-09 10:32:27.770 +01:00 [INF] Executing ViewResult, running view Index.
2025-12-09 10:32:27.776 +01:00 [DBG] The view path '/Views/Home/Index.cshtml' was found in 12.3582ms.
2025-12-09 10:32:27.808 +01:00 [DBG] View lookup cache miss for view '_Layout' in controller 'Home'.
2025-12-09 10:32:27.890 +01:00 [DBG] Found the endpoints ["Route: {controller=Home}/{action=Index}/{id?}"] for address (action=[Logout],controller=[Account])
2025-12-09 10:32:27.899 +01:00 [DBG] Successfully processed template {controller=Home}/{action=Index}/{id?} for Route: {controller=Home}/{action=Index}/{id?} resulting in /Account/Logout and 
2025-12-09 10:32:27.902 +01:00 [DBG] Link generation succeeded for endpoints ["Route: {controller=Home}/{action=Index}/{id?}"] with result /Account/Logout
2025-12-09 10:32:27.913 +01:00 [DBG] An antiforgery cookie token was reused.
2025-12-09 10:32:27.927 +01:00 [DBG] Response markup is scheduled to include Browser Link script injection.
2025-12-09 10:32:27.935 +01:00 [DBG] Response markup is scheduled to include browser refresh script injection.
2025-12-09 10:32:27.943 +01:00 [INF] Executed ViewResult - view Index executed in 183.3292ms.
2025-12-09 10:32:27.948 +01:00 [INF] Executed action ValcharUtulek.Controllers.HomeController.Index (ValcharUtulek) in 201.2543ms
2025-12-09 10:32:27.950 +01:00 [INF] Executed endpoint 'ValcharUtulek.Controllers.HomeController.Index (ValcharUtulek)'
2025-12-09 10:32:27.952 +01:00 [DBG] Response markup was updated to include Browser Link script injection.
2025-12-09 10:32:27.955 +01:00 [DBG] Response markup was updated to include browser refresh script injection.
2025-12-09 10:32:27.962 +01:00 [INF] Request finished HTTP/2 GET https://localhost:7079/ - 200 null text/html; charset=utf-8 465.0136ms
2025-12-09 10:32:28.008 +01:00 [INF] Request starting HTTP/2 GET https://localhost:7079/css/site.css?v=iabBAHNTKZtOxwGRwVpXWEEYgdUCwG-6BI3d3a4Xz8g - null null
2025-12-09 10:32:28.011 +01:00 [INF] Request starting HTTP/2 GET https://localhost:7079/_framework/aspnetcore-browser-refresh.js - null null
2025-12-09 10:32:28.011 +01:00 [INF] Request starting HTTP/2 GET https://localhost:7079/_vs/browserLink - null null
2025-12-09 10:32:28.027 +01:00 [INF] Sending file. Request path: '/css/site.css'. Physical path: 'C:\Users\David\source\repos\ValcharUtulek\ValcharUtulek\wwwroot\css\site.css'
2025-12-09 10:32:28.030 +01:00 [INF] Request finished HTTP/2 GET https://localhost:7079/css/site.css?v=iabBAHNTKZtOxwGRwVpXWEEYgdUCwG-6BI3d3a4Xz8g - 200 3588 text/css 22.0011ms
2025-12-09 10:32:28.086 +01:00 [DBG] Script injected: /_framework/aspnetcore-browser-refresh.js
2025-12-09 10:32:28.090 +01:00 [INF] Request finished HTTP/2 GET https://localhost:7079/_framework/aspnetcore-browser-refresh.js - 200 16511 application/javascript; charset=utf-8 79.5862ms
2025-12-09 10:32:28.117 +01:00 [INF] Request finished HTTP/2 GET https://localhost:7079/_vs/browserLink - 200 null text/javascript; charset=UTF-8 106.2171ms
2025-12-09 10:33:32.118 +01:00 [INF] Request starting HTTP/2 GET https://localhost:7079/Users - null null
2025-12-09 10:33:32.133 +01:00 [DBG] The request path /Users does not match a supported file type
2025-12-09 10:33:32.137 +01:00 [DBG] 1 candidate(s) found for the request path '/Users'
2025-12-09 10:33:32.139 +01:00 [DBG] Endpoint 'ValcharUtulek.Controllers.UsersController.Index (ValcharUtulek)' with route pattern '{controller=Home}/{action=Index}/{id?}' is valid for the request path '/Users'
2025-12-09 10:33:32.141 +01:00 [DBG] Request matched endpoint 'ValcharUtulek.Controllers.UsersController.Index (ValcharUtulek)'
2025-12-09 10:33:32.144 +01:00 [DBG] AuthenticationScheme: Cookies was successfully authenticated.
2025-12-09 10:33:32.155 +01:00 [DBG] Authorization was successful.
2025-12-09 10:33:32.156 +01:00 [INF] Executing endpoint 'ValcharUtulek.Controllers.UsersController.Index (ValcharUtulek)'
2025-12-09 10:33:32.165 +01:00 [INF] Route matched with {action = "Index", controller = "Users"}. Executing controller action with signature System.Threading.Tasks.Task`1[Microsoft.AspNetCore.Mvc.IActionResult] Index() on controller ValcharUtulek.Controllers.UsersController (ValcharUtulek).
2025-12-09 10:33:32.168 +01:00 [DBG] Execution plan of authorization filters (in the following order): ["None"]
2025-12-09 10:33:32.170 +01:00 [DBG] Execution plan of resource filters (in the following order): ["Microsoft.AspNetCore.Mvc.ViewFeatures.Filters.SaveTempDataFilter"]
2025-12-09 10:33:32.171 +01:00 [DBG] Execution plan of action filters (in the following order): ["Microsoft.AspNetCore.Mvc.Filters.ControllerActionFilter (Order: -2147483648)","Microsoft.AspNetCore.Mvc.ModelBinding.UnsupportedContentTypeFilter (Order: -3000)"]
2025-12-09 10:33:32.174 +01:00 [DBG] Execution plan of exception filters (in the following order): ["None"]
2025-12-09 10:33:32.176 +01:00 [DBG] Execution plan of result filters (in the following order): ["Microsoft.AspNetCore.Mvc.ViewFeatures.Filters.SaveTempDataFilter"]
2025-12-09 10:33:32.178 +01:00 [DBG] Executing controller factory for controller ValcharUtulek.Controllers.UsersController (ValcharUtulek)
2025-12-09 10:33:32.189 +01:00 [DBG] Executed controller factory for controller ValcharUtulek.Controllers.UsersController (ValcharUtulek)
2025-12-09 10:33:32.232 +01:00 [DBG] Entity Framework Core 9.0.10 initialized 'ShelterDbContext' using provider 'Pomelo.EntityFrameworkCore.MySql:9.0.0' with options: ParameterizedCollectionTranslationMode=Constantize ServerVersion=8.0.44-mysql 
2025-12-09 10:33:32.262 +01:00 [DBG] Compiling query expression: 
'DbSet<User>()
    .FirstOrDefault(e => EF.Property<int>(e, "UserId") == __p_0)'
2025-12-09 10:33:32.341 +01:00 [DBG] Generated query execution expression: 
'queryContext => ShapedQueryCompilingExpressionVisitor.SingleOrDefaultAsync<User>(
    asyncEnumerable: SingleQueryingEnumerable.Create<User>(
        relationalQueryContext: (RelationalQueryContext)queryContext, 
        relationalCommandResolver: parameters => [LIFTABLE Constant: RelationalCommandCache.QueryExpression(
            Projection Mapping:
                EmptyProjectionMember -> Dictionary<IProperty, int> { [Property: User.UserId (int) Required PK AfterSave:Throw ValueGenerated.OnAdd, 0], [Property: User.Email (string), 1], [Property: User.Name (string) Required, 2], [Property: User.PasswordHash (string) Required, 3], [Property: User.RegistrationDate (DateOnly) Required, 4], [Property: User.Role (Role) Required, 5] }
            SELECT TOP(1) u.UserId, u.Email, u.Name, u.password_hash, u.RegistrationDate, u.Role
            FROM Users AS u
            WHERE u.UserId == @__p_0) | Resolver: c => new RelationalCommandCache(
            c.Dependencies.MemoryCache, 
            c.RelationalDependencies.QuerySqlGeneratorFactory, 
            c.RelationalDependencies.RelationalParameterBasedSqlProcessorFactory, 
            Projection Mapping:
                EmptyProjectionMember -> Dictionary<IProperty, int> { [Property: User.UserId (int) Required PK AfterSave:Throw ValueGenerated.OnAdd, 0], [Property: User.Email (string), 1], [Property: User.Name (string) Required, 2], [Property: User.PasswordHash (string) Required, 3], [Property: User.RegistrationDate (DateOnly) Required, 4], [Property: User.Role (Role) Required, 5] }
            SELECT TOP(1) u.UserId, u.Email, u.Name, u.password_hash, u.RegistrationDate, u.Role
            FROM Users AS u
            WHERE u.UserId == @__p_0, 
            False, 
            new HashSet<string>(
                new string[]{ }, 
                StringComparer.Ordinal
            )
        )].GetRelationalCommandTemplate(parameters), 
        readerColumns: null, 
        shaper: (queryContext, dataReader, resultContext, resultCoordinator) => 
        {
            User entity;
            entity = 
            {
                MaterializationContext materializationContext1;
                IEntityType entityType1;
                User instance1;
                InternalEntityEntry entry1;
                bool hasNullKey1;
                materializationContext1 = new MaterializationContext(
                    [LIFTABLE Constant: ValueBuffer | Resolver: _ => (object)ValueBuffer.Empty], 
                    queryContext.Context
                );
                instance1 = default(User);
                entry1 = queryContext.TryGetEntry(
                    key: Key: User.UserId PK, 
                    keyValues: new object[]{ (object)dataReader.GetInt32(0) }, 
                    throwOnNullKey: True, 
                    hasNullKey: hasNullKey1);
                !(hasNullKey1) ? entry1 != default(InternalEntityEntry) ? 
                {
                    entityType1 = entry1.EntityType;
                    return instance1 = (User)entry1.Entity;
                } : 
                {
                    ISnapshot shadowSnapshot1;
                    shadowSnapshot1 = Snapshot;
                    entityType1 = EntityType: User;
                    instance1 = switch (entityType1)
                    {
                        case EntityType: User: 
                            {
                                return 
                                {
                                    User instance;
                                    instance = new User();
                                    instance.<UserId>k__BackingField = dataReader.GetInt32(0);
                                    instance.<Email>k__BackingField = dataReader.IsDBNull(1) ? default(string) : dataReader.GetString(1);
                                    instance.<Name>k__BackingField = dataReader.GetString(2);
                                    instance.<PasswordHash>k__BackingField = dataReader.GetString(3);
                                    instance.<RegistrationDate>k__BackingField = dataReader.GetFieldValue<DateOnly>(4);
                                    instance.<Role>k__BackingField = Invoke(((EnumToStringConverter<Role>)((IReadOnlyProperty)[LIFTABLE Constant: Property: User.Role (Role) Required | Resolver: namelessParameter{0} => namelessParameter{0}.Dependencies.Model.FindEntityType("ValcharUtulek.Entities.User").FindProperty("Role")]).GetTypeMapping().Converter).ConvertFromProviderTyped, dataReader.GetString(5));
                                    (instance is IInjectableService) ? ((IInjectableService)instance).Injected(
                                        context: materializationContext1.Context, 
                                        entity: instance, 
                                        queryTrackingBehavior: TrackAll, 
                                        structuralType: EntityType: User) : default(void);
                                    return instance;
                                }}
                        default: 
                            default(User)
                    }
                    ;
                    entry1 = entityType1 == default(IEntityType) ? default(InternalEntityEntry) : queryContext.StartTracking(
                        entityType: entityType1, 
                        entity: instance1, 
                        snapshot: shadowSnapshot1);
                    return instance1;
                } : default(void);
                return instance1;
            };
            return entity;
        }, 
        contextType: ValcharUtulek.Database.ShelterDbContext, 
        standAloneStateManager: False, 
        detailedErrorsEnabled: False, 
        threadSafetyChecksEnabled: True), 
    cancellationToken: queryContext.CancellationToken)'
2025-12-09 10:33:32.362 +01:00 [DBG] Creating DbConnection.
2025-12-09 10:33:32.365 +01:00 [DBG] Created DbConnection. (2ms).
2025-12-09 10:33:32.366 +01:00 [DBG] Opening connection to database 'shelter' on server '127.0.0.1'.
2025-12-09 10:33:32.371 +01:00 [DBG] Opened connection to database 'shelter' on server '127.0.0.1'.
2025-12-09 10:33:32.374 +01:00 [DBG] Creating DbCommand for 'ExecuteReader'.
2025-12-09 10:33:32.376 +01:00 [DBG] Created DbCommand for 'ExecuteReader' (1ms).
2025-12-09 10:33:32.393 +01:00 [DBG] Initialized DbCommand for 'ExecuteReader' (19ms).
2025-12-09 10:33:32.399 +01:00 [DBG] Executing DbCommand [Parameters=[@__p_0='?' (DbType = Int32)], CommandType='"Text"', CommandTimeout='30']
SELECT `u`.`UserId`, `u`.`Email`, `u`.`Name`, `u`.`password_hash`, `u`.`RegistrationDate`, `u`.`Role`
FROM `Users` AS `u`
WHERE `u`.`UserId` = @__p_0
LIMIT 1
2025-12-09 10:33:32.431 +01:00 [INF] Executed DbCommand (34ms) [Parameters=[@__p_0='?' (DbType = Int32)], CommandType='"Text"', CommandTimeout='30']
SELECT `u`.`UserId`, `u`.`Email`, `u`.`Name`, `u`.`password_hash`, `u`.`RegistrationDate`, `u`.`Role`
FROM `Users` AS `u`
WHERE `u`.`UserId` = @__p_0
LIMIT 1
2025-12-09 10:33:32.481 +01:00 [DBG] Context 'ShelterDbContext' started tracking 'User' entity. Consider using 'DbContextOptionsBuilder.EnableSensitiveDataLogging' to see key values.
2025-12-09 10:33:32.513 +01:00 [DBG] Closing data reader to 'shelter' on server '127.0.0.1'.
2025-12-09 10:33:32.517 +01:00 [DBG] A data reader for 'shelter' on server '127.0.0.1' is being disposed after spending 83ms reading results.
2025-12-09 10:33:32.519 +01:00 [DBG] Closing connection to database 'shelter' on server '127.0.0.1'.
2025-12-09 10:33:32.521 +01:00 [DBG] Closed connection to database 'shelter' on server '127.0.0.1' (1ms).
2025-12-09 10:33:32.536 +01:00 [DBG] Compiling query expression: 
'DbSet<Adoption>()
    .Where(a => a.UserId == __userId_0)
    .Join(
        inner: DbSet<Animal>(), 
        outerKeySelector: adoption => adoption.AnimalId, 
        innerKeySelector: animal => animal.AnimalId, 
        resultSelector: (adoption, animal) => new AdoptionDetailViewModel{ 
            AdoptionId = adoption.AdoptionId, 
            AnimalId = animal.AnimalId, 
            AnimalName = animal.Name, 
            AnimalSpecies = animal.Species, 
            AdoptionDate = adoption.AdoptionDate, 
            Amount = adoption.Amount 
        }
    )'
2025-12-09 10:33:32.582 +01:00 [DBG] Generated query execution expression: 
'queryContext => SingleQueryingEnumerable.Create<AdoptionDetailViewModel>(
    relationalQueryContext: (RelationalQueryContext)queryContext, 
    relationalCommandResolver: parameters => [LIFTABLE Constant: RelationalCommandCache.QueryExpression(
        Projection Mapping:
            AdoptionId -> 0
            AnimalId -> 1
            AnimalName -> 2
            AnimalSpecies -> 3
            AdoptionDate -> 4
            Amount -> 5
        SELECT a.AdoptionId, a0.AnimalId, a0.Name AS AnimalName, a0.Species AS AnimalSpecies, a.AdoptionDate, a.Amount
        FROM Adoptions AS a
        INNER JOIN Animals AS a0 ON a.AnimalId == a0.AnimalId
        WHERE a.UserId == @__userId_0) | Resolver: c => new RelationalCommandCache(
        c.Dependencies.MemoryCache, 
        c.RelationalDependencies.QuerySqlGeneratorFactory, 
        c.RelationalDependencies.RelationalParameterBasedSqlProcessorFactory, 
        Projection Mapping:
            AdoptionId -> 0
            AnimalId -> 1
            AnimalName -> 2
            AnimalSpecies -> 3
            AdoptionDate -> 4
            Amount -> 5
        SELECT a.AdoptionId, a0.AnimalId, a0.Name AS AnimalName, a0.Species AS AnimalSpecies, a.AdoptionDate, a.Amount
        FROM Adoptions AS a
        INNER JOIN Animals AS a0 ON a.AnimalId == a0.AnimalId
        WHERE a.UserId == @__userId_0, 
        False, 
        new HashSet<string>(
            new string[]{ }, 
            StringComparer.Ordinal
        )
    )].GetRelationalCommandTemplate(parameters), 
    readerColumns: null, 
    shaper: (queryContext, dataReader, resultContext, resultCoordinator) => 
    {
        int? value1;
        int? value2;
        string value3;
        string value4;
        DateOnly? value5;
        double? value6;
        value1 = (int?)dataReader.GetInt32(0);
        value2 = (int?)dataReader.GetInt32(1);
        value3 = dataReader.GetString(2);
        value4 = dataReader.IsDBNull(3) ? default(string) : dataReader.GetString(3);
        value5 = (DateOnly?)dataReader.GetFieldValue<DateOnly>(4);
        value6 = (double?)dataReader.GetDouble(5);
        return new AdoptionDetailViewModel{ 
            AdoptionId = (int)value1, 
            AnimalId = (int)value2, 
            AnimalName = value3, 
            AnimalSpecies = value4, 
            AdoptionDate = (DateOnly)value5, 
            Amount = (double)value6 
        }
        ;
    }, 
    contextType: ValcharUtulek.Database.ShelterDbContext, 
    standAloneStateManager: False, 
    detailedErrorsEnabled: False, 
    threadSafetyChecksEnabled: True)'
2025-12-09 10:33:32.588 +01:00 [DBG] Opening connection to database 'shelter' on server '127.0.0.1'.
2025-12-09 10:33:32.595 +01:00 [DBG] Opened connection to database 'shelter' on server '127.0.0.1'.
2025-12-09 10:33:32.597 +01:00 [DBG] Creating DbCommand for 'ExecuteReader'.
2025-12-09 10:33:32.599 +01:00 [DBG] Created DbCommand for 'ExecuteReader' (1ms).
2025-12-09 10:33:32.600 +01:00 [DBG] Initialized DbCommand for 'ExecuteReader' (3ms).
2025-12-09 10:33:32.602 +01:00 [DBG] Executing DbCommand [Parameters=[@__userId_0='?' (DbType = Int32)], CommandType='"Text"', CommandTimeout='30']
SELECT `a`.`AdoptionId`, `a0`.`AnimalId`, `a0`.`Name` AS `AnimalName`, `a0`.`Species` AS `AnimalSpecies`, `a`.`AdoptionDate`, `a`.`Amount`
FROM `Adoptions` AS `a`
INNER JOIN `Animals` AS `a0` ON `a`.`AnimalId` = `a0`.`AnimalId`
WHERE `a`.`UserId` = @__userId_0
2025-12-09 10:33:32.606 +01:00 [INF] Executed DbCommand (4ms) [Parameters=[@__userId_0='?' (DbType = Int32)], CommandType='"Text"', CommandTimeout='30']
SELECT `a`.`AdoptionId`, `a0`.`AnimalId`, `a0`.`Name` AS `AnimalName`, `a0`.`Species` AS `AnimalSpecies`, `a`.`AdoptionDate`, `a`.`Amount`
FROM `Adoptions` AS `a`
INNER JOIN `Animals` AS `a0` ON `a`.`AnimalId` = `a0`.`AnimalId`
WHERE `a`.`UserId` = @__userId_0
2025-12-09 10:33:32.610 +01:00 [DBG] Closing data reader to 'shelter' on server '127.0.0.1'.
2025-12-09 10:33:32.611 +01:00 [DBG] A data reader for 'shelter' on server '127.0.0.1' is being disposed after spending 2ms reading results.
2025-12-09 10:33:32.613 +01:00 [DBG] Closing connection to database 'shelter' on server '127.0.0.1'.
2025-12-09 10:33:32.615 +01:00 [DBG] Closed connection to database 'shelter' on server '127.0.0.1' (1ms).
2025-12-09 10:33:32.620 +01:00 [DBG] Compiling query expression: 
'DbSet<Gift>()
    .Where(g => g.UserId == __userId_0)
    .OrderByDescending(g => g.GiftDate)'
2025-12-09 10:33:32.628 +01:00 [DBG] Generated query execution expression: 
'queryContext => SingleQueryingEnumerable.Create<Gift>(
    relationalQueryContext: (RelationalQueryContext)queryContext, 
    relationalCommandResolver: parameters => [LIFTABLE Constant: RelationalCommandCache.QueryExpression(
        Projection Mapping:
            EmptyProjectionMember -> Dictionary<IProperty, int> { [Property: Gift.GiftId (int) Required PK AfterSave:Throw ValueGenerated.OnAdd, 0], [Property: Gift.Amount (double) Required, 1], [Property: Gift.GiftDate (DateOnly) Required, 2], [Property: Gift.UserId (int) Required, 3] }
        SELECT g.GiftId, g.Amount, g.GiftDate, g.UserId
        FROM Gifts AS g
        WHERE g.UserId == @__userId_0
        ORDER BY g.GiftDate DESC) | Resolver: c => new RelationalCommandCache(
        c.Dependencies.MemoryCache, 
        c.RelationalDependencies.QuerySqlGeneratorFactory, 
        c.RelationalDependencies.RelationalParameterBasedSqlProcessorFactory, 
        Projection Mapping:
            EmptyProjectionMember -> Dictionary<IProperty, int> { [Property: Gift.GiftId (int) Required PK AfterSave:Throw ValueGenerated.OnAdd, 0], [Property: Gift.Amount (double) Required, 1], [Property: Gift.GiftDate (DateOnly) Required, 2], [Property: Gift.UserId (int) Required, 3] }
        SELECT g.GiftId, g.Amount, g.GiftDate, g.UserId
        FROM Gifts AS g
        WHERE g.UserId == @__userId_0
        ORDER BY g.GiftDate DESC, 
        False, 
        new HashSet<string>(
            new string[]{ }, 
            StringComparer.Ordinal
        )
    )].GetRelationalCommandTemplate(parameters), 
    readerColumns: null, 
    shaper: (queryContext, dataReader, resultContext, resultCoordinator) => 
    {
        Gift entity;
        entity = 
        {
            MaterializationContext materializationContext1;
            IEntityType entityType1;
            Gift instance1;
            InternalEntityEntry entry1;
            bool hasNullKey1;
            materializationContext1 = new MaterializationContext(
                [LIFTABLE Constant: ValueBuffer | Resolver: _ => (object)ValueBuffer.Empty], 
                queryContext.Context
            );
            instance1 = default(Gift);
            entry1 = queryContext.TryGetEntry(
                key: Key: Gift.GiftId PK, 
                keyValues: new object[]{ (object)dataReader.GetInt32(0) }, 
                throwOnNullKey: True, 
                hasNullKey: hasNullKey1);
            !(hasNullKey1) ? entry1 != default(InternalEntityEntry) ? 
            {
                entityType1 = entry1.EntityType;
                return instance1 = (Gift)entry1.Entity;
            } : 
            {
                ISnapshot shadowSnapshot1;
                shadowSnapshot1 = Snapshot;
                entityType1 = EntityType: Gift;
                instance1 = switch (entityType1)
                {
                    case EntityType: Gift: 
                        {
                            return 
                            {
                                Gift instance;
                                instance = new Gift();
                                instance.<GiftId>k__BackingField = dataReader.GetInt32(0);
                                instance.<Amount>k__BackingField = dataReader.GetDouble(1);
                                instance.<GiftDate>k__BackingField = dataReader.GetFieldValue<DateOnly>(2);
                                instance.<UserId>k__BackingField = dataReader.GetInt32(3);
                                (instance is IInjectableService) ? ((IInjectableService)instance).Injected(
                                    context: materializationContext1.Context, 
                                    entity: instance, 
                                    queryTrackingBehavior: TrackAll, 
                                    structuralType: EntityType: Gift) : default(void);
                                return instance;
                            }}
                    default: 
                        default(Gift)
                }
                ;
                entry1 = entityType1 == default(IEntityType) ? default(InternalEntityEntry) : queryContext.StartTracking(
                    entityType: entityType1, 
                    entity: instance1, 
                    snapshot: shadowSnapshot1);
                return instance1;
            } : default(void);
            return instance1;
        };
        return entity;
    }, 
    contextType: ValcharUtulek.Database.ShelterDbContext, 
    standAloneStateManager: False, 
    detailedErrorsEnabled: False, 
    threadSafetyChecksEnabled: True)'
2025-12-09 10:33:32.633 +01:00 [DBG] Opening connection to database 'shelter' on server '127.0.0.1'.
2025-12-09 10:33:32.636 +01:00 [DBG] Opened connection to database 'shelter' on server '127.0.0.1'.
2025-12-09 10:33:32.638 +01:00 [DBG] Creating DbCommand for 'ExecuteReader'.
2025-12-09 10:33:32.639 +01:00 [DBG] Created DbCommand for 'ExecuteReader' (1ms).
2025-12-09 10:33:32.641 +01:00 [DBG] Initialized DbCommand for 'ExecuteReader' (3ms).
2025-12-09 10:33:32.643 +01:00 [DBG] Executing DbCommand [Parameters=[@__userId_0='?' (DbType = Int32)], CommandType='"Text"', CommandTimeout='30']
SELECT `g`.`GiftId`, `g`.`Amount`, `g`.`GiftDate`, `g`.`UserId`
FROM `Gifts` AS `g`
WHERE `g`.`UserId` = @__userId_0
ORDER BY `g`.`GiftDate` DESC
2025-12-09 10:33:32.646 +01:00 [INF] Executed DbCommand (3ms) [Parameters=[@__userId_0='?' (DbType = Int32)], CommandType='"Text"', CommandTimeout='30']
SELECT `g`.`GiftId`, `g`.`Amount`, `g`.`GiftDate`, `g`.`UserId`
FROM `Gifts` AS `g`
WHERE `g`.`UserId` = @__userId_0
ORDER BY `g`.`GiftDate` DESC
2025-12-09 10:33:32.648 +01:00 [DBG] Closing data reader to 'shelter' on server '127.0.0.1'.
2025-12-09 10:33:32.650 +01:00 [DBG] A data reader for 'shelter' on server '127.0.0.1' is being disposed after spending 1ms reading results.
2025-12-09 10:33:32.652 +01:00 [DBG] Closing connection to database 'shelter' on server '127.0.0.1'.
2025-12-09 10:33:32.654 +01:00 [DBG] Closed connection to database 'shelter' on server '127.0.0.1' (1ms).
2025-12-09 10:33:32.661 +01:00 [DBG] View lookup cache miss for view 'Index' in controller 'Users'.
2025-12-09 10:33:32.664 +01:00 [INF] Executing ViewResult, running view Index.
2025-12-09 10:33:32.665 +01:00 [DBG] The view path '/Views/Users/Index.cshtml' was found in 4.3933ms.
2025-12-09 10:33:32.685 +01:00 [DBG] Found the endpoints ["Route: {controller=Home}/{action=Index}/{id?}"] for address (action=[Index],controller=[Adoptions])
2025-12-09 10:33:32.688 +01:00 [DBG] Successfully processed template {controller=Home}/{action=Index}/{id?} for Route: {controller=Home}/{action=Index}/{id?} resulting in /Adoptions and 
2025-12-09 10:33:32.690 +01:00 [DBG] Link generation succeeded for endpoints ["Route: {controller=Home}/{action=Index}/{id?}"] with result /Adoptions
2025-12-09 10:33:32.694 +01:00 [DBG] Found the endpoints ["Route: {controller=Home}/{action=Index}/{id?}"] for address (action=[Create],controller=[Gifts])
2025-12-09 10:33:32.696 +01:00 [DBG] Successfully processed template {controller=Home}/{action=Index}/{id?} for Route: {controller=Home}/{action=Index}/{id?} resulting in /Gifts/Create and 
2025-12-09 10:33:32.698 +01:00 [DBG] Link generation succeeded for endpoints ["Route: {controller=Home}/{action=Index}/{id?}"] with result /Gifts/Create
2025-12-09 10:33:32.701 +01:00 [DBG] View lookup cache miss for view '_Layout' in controller 'Users'.
2025-12-09 10:33:32.705 +01:00 [DBG] Found the endpoints ["Route: {controller=Home}/{action=Index}/{id?}"] for address (action=[Logout],controller=[Account])
2025-12-09 10:33:32.707 +01:00 [DBG] Successfully processed template {controller=Home}/{action=Index}/{id?} for Route: {controller=Home}/{action=Index}/{id?} resulting in /Account/Logout and 
2025-12-09 10:33:32.710 +01:00 [DBG] Link generation succeeded for endpoints ["Route: {controller=Home}/{action=Index}/{id?}"] with result /Account/Logout
2025-12-09 10:33:32.713 +01:00 [DBG] An antiforgery cookie token was reused.
2025-12-09 10:33:32.715 +01:00 [DBG] Response markup is scheduled to include Browser Link script injection.
2025-12-09 10:33:32.716 +01:00 [DBG] Response markup is scheduled to include browser refresh script injection.
2025-12-09 10:33:32.726 +01:00 [INF] Executed ViewResult - view Index executed in 65.1173ms.
2025-12-09 10:33:32.734 +01:00 [INF] Executed action ValcharUtulek.Controllers.UsersController.Index (ValcharUtulek) in 556.8169ms
2025-12-09 10:33:32.737 +01:00 [INF] Executed endpoint 'ValcharUtulek.Controllers.UsersController.Index (ValcharUtulek)'
2025-12-09 10:33:32.740 +01:00 [DBG] Response markup was updated to include Browser Link script injection.
2025-12-09 10:33:32.742 +01:00 [DBG] Response markup was updated to include browser refresh script injection.
2025-12-09 10:33:32.745 +01:00 [DBG] 'ShelterDbContext' disposed.
2025-12-09 10:33:32.750 +01:00 [DBG] Disposing connection to database 'shelter' on server '127.0.0.1'.
2025-12-09 10:33:32.754 +01:00 [DBG] Disposed connection to database 'shelter' on server '127.0.0.1' (3ms).
2025-12-09 10:33:32.756 +01:00 [INF] Request finished HTTP/2 GET https://localhost:7079/Users - 200 null text/html; charset=utf-8 638.1741ms
2025-12-09 10:33:32.777 +01:00 [INF] Request starting HTTP/2 GET https://localhost:7079/css/site.css?v=iabBAHNTKZtOxwGRwVpXWEEYgdUCwG-6BI3d3a4Xz8g - null null
2025-12-09 10:33:32.778 +01:00 [INF] Request starting HTTP/2 GET https://localhost:7079/_framework/aspnetcore-browser-refresh.js - null null
2025-12-09 10:33:32.778 +01:00 [INF] Request starting HTTP/2 GET https://localhost:7079/_vs/browserLink - null null
2025-12-09 10:33:32.782 +01:00 [INF] The file /css/site.css was not modified
2025-12-09 10:33:32.785 +01:00 [DBG] Script injected: /_framework/aspnetcore-browser-refresh.js
2025-12-09 10:33:32.798 +01:00 [DBG] Handled. Status code: 304 File: /css/site.css
2025-12-09 10:33:32.799 +01:00 [INF] Request finished HTTP/2 GET https://localhost:7079/_framework/aspnetcore-browser-refresh.js - 200 16511 application/javascript; charset=utf-8 21.0155ms
2025-12-09 10:33:32.804 +01:00 [INF] Request finished HTTP/2 GET https://localhost:7079/css/site.css?v=iabBAHNTKZtOxwGRwVpXWEEYgdUCwG-6BI3d3a4Xz8g - 304 null text/css 26.3641ms
2025-12-09 10:33:32.822 +01:00 [INF] Request finished HTTP/2 GET https://localhost:7079/_vs/browserLink - 200 null text/javascript; charset=UTF-8 44.1874ms
2025-12-09 10:35:50.733 +01:00 [INF] Starting web application
2025-12-09 10:35:52.022 +01:00 [DBG] An 'IServiceProvider' was created for internal use by Entity Framework.
2025-12-09 10:35:52.572 +01:00 [DBG] Entity Framework Core 9.0.10 initialized 'ShelterDbContext' using provider 'Pomelo.EntityFrameworkCore.MySql:9.0.0' with options: ParameterizedCollectionTranslationMode=Constantize ServerVersion=8.0.44-mysql 
2025-12-09 10:35:52.593 +01:00 [DBG] Creating DbConnection.
2025-12-09 10:35:52.600 +01:00 [DBG] Created DbConnection. (3ms).
2025-12-09 10:35:52.612 +01:00 [DBG] Opening connection to database '' on server '127.0.0.1'.
2025-12-09 10:35:52.660 +01:00 [DBG] Opened connection to database '' on server '127.0.0.1'.
2025-12-09 10:35:52.665 +01:00 [DBG] Creating DbConnection.
2025-12-09 10:35:52.666 +01:00 [DBG] Created DbConnection. (1ms).
2025-12-09 10:35:52.711 +01:00 [DBG] Disposing connection to database '' on server '127.0.0.1'.
2025-12-09 10:35:52.718 +01:00 [DBG] Disposed connection to database '' on server '127.0.0.1' (2ms).
2025-12-09 10:35:52.732 +01:00 [DBG] Creating DbCommand for 'ExecuteScalar'.
2025-12-09 10:35:52.738 +01:00 [DBG] Created DbCommand for 'ExecuteScalar' (6ms).
2025-12-09 10:35:52.741 +01:00 [DBG] Initialized DbCommand for 'ExecuteScalar' (12ms).
2025-12-09 10:35:52.743 +01:00 [DBG] Opening connection to database 'shelter' on server '127.0.0.1'.
2025-12-09 10:35:52.763 +01:00 [DBG] Opened connection to database 'shelter' on server '127.0.0.1'.
2025-12-09 10:35:52.773 +01:00 [DBG] Executing DbCommand [Parameters=[], CommandType='"Text"', CommandTimeout='30']
SELECT CASE WHEN COUNT(*) = 0 THEN FALSE ELSE TRUE END
FROM information_schema.tables
WHERE table_type = 'BASE TABLE' AND table_schema = 'shelter'
2025-12-09 10:35:52.805 +01:00 [INF] Executed DbCommand (22ms) [Parameters=[], CommandType='"Text"', CommandTimeout='30']
SELECT CASE WHEN COUNT(*) = 0 THEN FALSE ELSE TRUE END
FROM information_schema.tables
WHERE table_type = 'BASE TABLE' AND table_schema = 'shelter'
2025-12-09 10:35:52.811 +01:00 [DBG] Closing connection to database 'shelter' on server '127.0.0.1'.
2025-12-09 10:35:52.816 +01:00 [DBG] Closed connection to database 'shelter' on server '127.0.0.1' (5ms).
2025-12-09 10:35:52.864 +01:00 [DBG] Compiling query expression: 
'DbSet<User>()
    .Any(u => u.Name == "admin")'
2025-12-09 10:35:53.163 +01:00 [DBG] Generated query execution expression: 
'queryContext => SingleQueryingEnumerable.Create<bool>(
    relationalQueryContext: (RelationalQueryContext)queryContext, 
    relationalCommandResolver: parameters => [LIFTABLE Constant: RelationalCommandCache.QueryExpression(
        Projection Mapping:
            EmptyProjectionMember -> 0
        SELECT EXISTS (
            SELECT 1
            FROM Users AS u
            WHERE u.Name == 'admin')) | Resolver: c => new RelationalCommandCache(
        c.Dependencies.MemoryCache, 
        c.RelationalDependencies.QuerySqlGeneratorFactory, 
        c.RelationalDependencies.RelationalParameterBasedSqlProcessorFactory, 
        Projection Mapping:
            EmptyProjectionMember -> 0
        SELECT EXISTS (
            SELECT 1
            FROM Users AS u
            WHERE u.Name == 'admin'), 
        False, 
        new HashSet<string>(
            new string[]{ }, 
            StringComparer.Ordinal
        )
    )].GetRelationalCommandTemplate(parameters), 
    readerColumns: null, 
    shaper: (queryContext, dataReader, resultContext, resultCoordinator) => 
    {
        bool? value1;
        value1 = dataReader.IsDBNull(0) ? default(bool?) : (bool?)dataReader.GetBoolean(0);
        return (bool)value1;
    }, 
    contextType: ValcharUtulek.Database.ShelterDbContext, 
    standAloneStateManager: False, 
    detailedErrorsEnabled: False, 
    threadSafetyChecksEnabled: True)
    .Single()'
2025-12-09 10:35:53.193 +01:00 [DBG] Opening connection to database 'shelter' on server '127.0.0.1'.
2025-12-09 10:35:53.201 +01:00 [DBG] Opened connection to database 'shelter' on server '127.0.0.1'.
2025-12-09 10:35:53.203 +01:00 [DBG] Creating DbCommand for 'ExecuteReader'.
2025-12-09 10:35:53.204 +01:00 [DBG] Created DbCommand for 'ExecuteReader' (1ms).
2025-12-09 10:35:53.206 +01:00 [DBG] Initialized DbCommand for 'ExecuteReader' (2ms).
2025-12-09 10:35:53.208 +01:00 [DBG] Executing DbCommand [Parameters=[], CommandType='"Text"', CommandTimeout='30']
SELECT EXISTS (
    SELECT 1
    FROM `Users` AS `u`
    WHERE `u`.`Name` = 'admin')
2025-12-09 10:35:53.212 +01:00 [INF] Executed DbCommand (5ms) [Parameters=[], CommandType='"Text"', CommandTimeout='30']
SELECT EXISTS (
    SELECT 1
    FROM `Users` AS `u`
    WHERE `u`.`Name` = 'admin')
2025-12-09 10:35:53.219 +01:00 [DBG] Closing data reader to 'shelter' on server '127.0.0.1'.
2025-12-09 10:35:53.221 +01:00 [DBG] A data reader for 'shelter' on server '127.0.0.1' is being disposed after spending 5ms reading results.
2025-12-09 10:35:53.224 +01:00 [DBG] Closing connection to database 'shelter' on server '127.0.0.1'.
2025-12-09 10:35:53.226 +01:00 [DBG] Closed connection to database 'shelter' on server '127.0.0.1' (1ms).
2025-12-09 10:35:53.229 +01:00 [DBG] Compiling query expression: 
'DbSet<News>()
    .Any()'
2025-12-09 10:35:53.235 +01:00 [DBG] Generated query execution expression: 
'queryContext => SingleQueryingEnumerable.Create<bool>(
    relationalQueryContext: (RelationalQueryContext)queryContext, 
    relationalCommandResolver: parameters => [LIFTABLE Constant: RelationalCommandCache.QueryExpression(
        Projection Mapping:
            EmptyProjectionMember -> 0
        SELECT EXISTS (
            SELECT 1
            FROM News AS n)) | Resolver: c => new RelationalCommandCache(
        c.Dependencies.MemoryCache, 
        c.RelationalDependencies.QuerySqlGeneratorFactory, 
        c.RelationalDependencies.RelationalParameterBasedSqlProcessorFactory, 
        Projection Mapping:
            EmptyProjectionMember -> 0
        SELECT EXISTS (
            SELECT 1
            FROM News AS n), 
        False, 
        new HashSet<string>(
            new string[]{ }, 
            StringComparer.Ordinal
        )
    )].GetRelationalCommandTemplate(parameters), 
    readerColumns: null, 
    shaper: (queryContext, dataReader, resultContext, resultCoordinator) => 
    {
        bool? value1;
        value1 = dataReader.IsDBNull(0) ? default(bool?) : (bool?)dataReader.GetBoolean(0);
        return (bool)value1;
    }, 
    contextType: ValcharUtulek.Database.ShelterDbContext, 
    standAloneStateManager: False, 
    detailedErrorsEnabled: False, 
    threadSafetyChecksEnabled: True)
    .Single()'
2025-12-09 10:35:53.238 +01:00 [DBG] Opening connection to database 'shelter' on server '127.0.0.1'.
2025-12-09 10:35:53.240 +01:00 [DBG] Opened connection to database 'shelter' on server '127.0.0.1'.
2025-12-09 10:35:53.242 +01:00 [DBG] Creating DbCommand for 'ExecuteReader'.
2025-12-09 10:35:53.243 +01:00 [DBG] Created DbCommand for 'ExecuteReader' (1ms).
2025-12-09 10:35:53.245 +01:00 [DBG] Initialized DbCommand for 'ExecuteReader' (2ms).
2025-12-09 10:35:53.246 +01:00 [DBG] Executing DbCommand [Parameters=[], CommandType='"Text"', CommandTimeout='30']
SELECT EXISTS (
    SELECT 1
    FROM `News` AS `n`)
2025-12-09 10:35:53.249 +01:00 [INF] Executed DbCommand (3ms) [Parameters=[], CommandType='"Text"', CommandTimeout='30']
SELECT EXISTS (
    SELECT 1
    FROM `News` AS `n`)
2025-12-09 10:35:53.252 +01:00 [DBG] Closing data reader to 'shelter' on server '127.0.0.1'.
2025-12-09 10:35:53.253 +01:00 [DBG] A data reader for 'shelter' on server '127.0.0.1' is being disposed after spending 1ms reading results.
2025-12-09 10:35:53.255 +01:00 [DBG] Closing connection to database 'shelter' on server '127.0.0.1'.
2025-12-09 10:35:53.256 +01:00 [DBG] Closed connection to database 'shelter' on server '127.0.0.1' (1ms).
2025-12-09 10:35:53.259 +01:00 [DBG] 'ShelterDbContext' disposed.
2025-12-09 10:35:53.262 +01:00 [DBG] Disposing connection to database 'shelter' on server '127.0.0.1'.
2025-12-09 10:35:53.263 +01:00 [DBG] Disposed connection to database 'shelter' on server '127.0.0.1' (1ms).
2025-12-09 10:35:53.317 +01:00 [DBG] Initializing Razor view compiler with compiled view: '/Views/Account/Login.cshtml'.
2025-12-09 10:35:53.319 +01:00 [DBG] Initializing Razor view compiler with compiled view: '/Views/Account/Register.cshtml'.
2025-12-09 10:35:53.320 +01:00 [DBG] Initializing Razor view compiler with compiled view: '/Views/Adoptions/Create.cshtml'.
2025-12-09 10:35:53.322 +01:00 [DBG] Initializing Razor view compiler with compiled view: '/Views/Adoptions/Delete.cshtml'.
2025-12-09 10:35:53.323 +01:00 [DBG] Initializing Razor view compiler with compiled view: '/Views/Adoptions/Details.cshtml'.
2025-12-09 10:35:53.324 +01:00 [DBG] Initializing Razor view compiler with compiled view: '/Views/Adoptions/Edit.cshtml'.
2025-12-09 10:35:53.326 +01:00 [DBG] Initializing Razor view compiler with compiled view: '/Views/Adoptions/Index.cshtml'.
2025-12-09 10:35:53.327 +01:00 [DBG] Initializing Razor view compiler with compiled view: '/Views/Gifts/Create.cshtml'.
2025-12-09 10:35:53.329 +01:00 [DBG] Initializing Razor view compiler with compiled view: '/Views/Gifts/Delete.cshtml'.
2025-12-09 10:35:53.330 +01:00 [DBG] Initializing Razor view compiler with compiled view: '/Views/Gifts/Details.cshtml'.
2025-12-09 10:35:53.331 +01:00 [DBG] Initializing Razor view compiler with compiled view: '/Views/Gifts/Edit.cshtml'.
2025-12-09 10:35:53.332 +01:00 [DBG] Initializing Razor view compiler with compiled view: '/Views/Gifts/Index.cshtml'.
2025-12-09 10:35:53.334 +01:00 [DBG] Initializing Razor view compiler with compiled view: '/Views/Home/Index.cshtml'.
2025-12-09 10:35:53.335 +01:00 [DBG] Initializing Razor view compiler with compiled view: '/Views/Home/Privacy.cshtml'.
2025-12-09 10:35:53.337 +01:00 [DBG] Initializing Razor view compiler with compiled view: '/Views/News/Create.cshtml'.
2025-12-09 10:35:53.339 +01:00 [DBG] Initializing Razor view compiler with compiled view: '/Views/News/Delete.cshtml'.
2025-12-09 10:35:53.340 +01:00 [DBG] Initializing Razor view compiler with compiled view: '/Views/News/Details.cshtml'.
2025-12-09 10:35:53.342 +01:00 [DBG] Initializing Razor view compiler with compiled view: '/Views/News/Edit.cshtml'.
2025-12-09 10:35:53.343 +01:00 [DBG] Initializing Razor view compiler with compiled view: '/Views/News/Index.cshtml'.
2025-12-09 10:35:53.345 +01:00 [DBG] Initializing Razor view compiler with compiled view: '/Views/Shared/Error.cshtml'.
2025-12-09 10:35:53.348 +01:00 [DBG] Initializing Razor view compiler with compiled view: '/Views/Shared/_ValidationScriptsPartial.cshtml'.
2025-12-09 10:35:53.350 +01:00 [DBG] Initializing Razor view compiler with compiled view: '/Views/Users/Index.cshtml'.
2025-12-09 10:35:53.351 +01:00 [DBG] Initializing Razor view compiler with compiled view: '/Views/_ViewImports.cshtml'.
2025-12-09 10:35:53.353 +01:00 [DBG] Initializing Razor view compiler with compiled view: '/Views/_ViewStart.cshtml'.
2025-12-09 10:35:53.357 +01:00 [DBG] Initializing Razor view compiler with compiled view: '/Views/Shared/_Layout.cshtml'.
2025-12-09 10:35:53.371 +01:00 [DBG] Registered model binder providers, in the following order: ["Microsoft.AspNetCore.Mvc.ModelBinding.Binders.BinderTypeModelBinderProvider","Microsoft.AspNetCore.Mvc.ModelBinding.Binders.ServicesModelBinderProvider","Microsoft.AspNetCore.Mvc.ModelBinding.Binders.BodyModelBinderProvider","Microsoft.AspNetCore.Mvc.ModelBinding.Binders.HeaderModelBinderProvider","Microsoft.AspNetCore.Mvc.ModelBinding.Binders.FloatingPointTypeModelBinderProvider","Microsoft.AspNetCore.Mvc.ModelBinding.Binders.EnumTypeModelBinderProvider","Microsoft.AspNetCore.Mvc.ModelBinding.Binders.DateTimeModelBinderProvider","Microsoft.AspNetCore.Mvc.ModelBinding.Binders.SimpleTypeModelBinderProvider","Microsoft.AspNetCore.Mvc.ModelBinding.Binders.TryParseModelBinderProvider","Microsoft.AspNetCore.Mvc.ModelBinding.Binders.CancellationTokenModelBinderProvider","Microsoft.AspNetCore.Mvc.ModelBinding.Binders.ByteArrayModelBinderProvider","Microsoft.AspNetCore.Mvc.ModelBinding.Binders.FormFileModelBinderProvider","Microsoft.AspNetCore.Mvc.ModelBinding.Binders.FormCollectionModelBinderProvider","Microsoft.AspNetCore.Mvc.ModelBinding.Binders.KeyValuePairModelBinderProvider","Microsoft.AspNetCore.Mvc.ModelBinding.Binders.DictionaryModelBinderProvider","Microsoft.AspNetCore.Mvc.ModelBinding.Binders.ArrayModelBinderProvider","Microsoft.AspNetCore.Mvc.ModelBinding.Binders.CollectionModelBinderProvider","Microsoft.AspNetCore.Mvc.ModelBinding.Binders.ComplexObjectModelBinderProvider"]
2025-12-09 10:35:53.455 +01:00 [DBG] Hosting starting
2025-12-09 10:35:53.501 +01:00 [INF] User profile is available. Using 'C:\Users\David\AppData\Local\ASP.NET\DataProtection-Keys' as key repository and Windows DPAPI to encrypt keys at rest.
2025-12-09 10:35:53.530 +01:00 [DBG] Reading data from file 'C:\Users\David\AppData\Local\ASP.NET\DataProtection-Keys\key-f5c154a5-e5b4-4c9b-b7eb-6e5e819bbbdf.xml'.
2025-12-09 10:35:53.543 +01:00 [DBG] Found key {f5c154a5-e5b4-4c9b-b7eb-6e5e819bbbdf}.
2025-12-09 10:35:53.559 +01:00 [DBG] Considering key {f5c154a5-e5b4-4c9b-b7eb-6e5e819bbbdf} with expiration date 2025-12-22 06:21:24Z as default key.
2025-12-09 10:35:53.566 +01:00 [DBG] Forwarded activator type request from Microsoft.AspNetCore.DataProtection.XmlEncryption.DpapiXmlDecryptor, Microsoft.AspNetCore.DataProtection, Version=9.0.0.0, Culture=neutral, PublicKeyToken=adb9793829ddae60 to Microsoft.AspNetCore.DataProtection.XmlEncryption.DpapiXmlDecryptor, Microsoft.AspNetCore.DataProtection, Culture=neutral, PublicKeyToken=adb9793829ddae60
2025-12-09 10:35:53.569 +01:00 [DBG] Decrypting secret element using Windows DPAPI.
2025-12-09 10:35:53.573 +01:00 [DBG] Forwarded activator type request from Microsoft.AspNetCore.DataProtection.AuthenticatedEncryption.ConfigurationModel.AuthenticatedEncryptorDescriptorDeserializer, Microsoft.AspNetCore.DataProtection, Version=9.0.0.0, Culture=neutral, PublicKeyToken=adb9793829ddae60 to Microsoft.AspNetCore.DataProtection.AuthenticatedEncryption.ConfigurationModel.AuthenticatedEncryptorDescriptorDeserializer, Microsoft.AspNetCore.DataProtection, Culture=neutral, PublicKeyToken=adb9793829ddae60
2025-12-09 10:35:53.577 +01:00 [DBG] Opening CNG algorithm 'AES' from provider 'null' with chaining mode CBC.
2025-12-09 10:35:53.580 +01:00 [DBG] Opening CNG algorithm 'SHA256' from provider 'null' with HMAC.
2025-12-09 10:35:53.584 +01:00 [DBG] Using key {f5c154a5-e5b4-4c9b-b7eb-6e5e819bbbdf} as the default key.
2025-12-09 10:35:53.587 +01:00 [DBG] Key ring with default key {f5c154a5-e5b4-4c9b-b7eb-6e5e819bbbdf} was loaded during application startup.
2025-12-09 10:35:53.601 +01:00 [DBG] Middleware loaded
2025-12-09 10:35:53.604 +01:00 [DBG] Middleware loaded. Script /_framework/aspnetcore-browser-refresh.js (16511 B).
2025-12-09 10:35:53.607 +01:00 [DBG] Middleware loaded. Script /_framework/blazor-hotreload.js (799 B).
2025-12-09 10:35:53.671 +01:00 [DBG] Middleware configuration started with options: {AllowedHosts = *, AllowEmptyHosts = True, IncludeFailureMessage = True}
2025-12-09 10:35:53.674 +01:00 [DBG] Wildcard detected, all requests with hosts will be allowed.
2025-12-09 10:35:53.697 +01:00 [DBG] Middleware loaded: DOTNET_MODIFIABLE_ASSEMBLIES=debug, __ASPNETCORE_BROWSER_TOOLS=true
2025-12-09 10:35:53.798 +01:00 [DBG] Connection id "0HNHN0PCI5NIO" received FIN.
2025-12-09 10:35:53.808 +01:00 [DBG] Connection id "0HNHN0PCI5NIO" accepted.
2025-12-09 10:35:53.811 +01:00 [DBG] Connection id "0HNHN0PCI5NIO" started.
2025-12-09 10:35:53.816 +01:00 [INF] Now listening on: https://localhost:7079
2025-12-09 10:35:53.817 +01:00 [INF] Now listening on: http://localhost:5048
2025-12-09 10:35:53.819 +01:00 [DBG] Loaded hosting startup assembly ValcharUtulek
2025-12-09 10:35:53.820 +01:00 [DBG] Loaded hosting startup assembly Microsoft.WebTools.ApiEndpointDiscovery
2025-12-09 10:35:53.822 +01:00 [DBG] Loaded hosting startup assembly Microsoft.AspNetCore.Watch.BrowserRefresh
2025-12-09 10:35:53.823 +01:00 [DBG] Loaded hosting startup assembly Microsoft.WebTools.BrowserLink.Net
2025-12-09 10:35:53.828 +01:00 [DBG] Failed to authenticate HTTPS connection.
System.IO.IOException: Received an unexpected EOF or 0 bytes from the transport stream.
   at System.Net.Security.SslStream.ReceiveHandshakeFrameAsync[TIOAdapter](CancellationToken cancellationToken)
   at System.Net.Security.SslStream.ForceAuthenticationAsync[TIOAdapter](Boolean receiveFirst, Byte[] reAuthenticationData, CancellationToken cancellationToken)
   at System.Net.Security.SslStream.ProcessAuthenticationWithTelemetryAsync(Boolean isAsync, CancellationToken cancellationToken)
   at Microsoft.AspNetCore.Server.Kestrel.Https.Internal.HttpsConnectionMiddleware.OnConnectionAsync(ConnectionContext context)
2025-12-09 10:35:53.850 +01:00 [DBG] Executing API description provider 'EndpointMetadataApiDescriptionProvider' from assembly Microsoft.AspNetCore.Mvc.ApiExplorer v9.0.0.0.
2025-12-09 10:35:53.864 +01:00 [DBG] Executing API description provider 'DefaultApiDescriptionProvider' from assembly Microsoft.AspNetCore.Mvc.ApiExplorer v9.0.0.0.
2025-12-09 10:35:53.869 +01:00 [DBG] Connection id "0HNHN0PCI5NIO" stopped.
2025-12-09 10:35:53.876 +01:00 [DBG] Connection id "0HNHN0PCI5NIO" sending FIN because: "The Socket transport's send loop completed gracefully."
2025-12-09 10:35:53.945 +01:00 [INF] Application started. Press Ctrl+C to shut down.
2025-12-09 10:35:53.946 +01:00 [INF] Hosting environment: Development
2025-12-09 10:35:53.948 +01:00 [INF] Content root path: C:\Users\David\source\repos\ValcharUtulek\ValcharUtulek
2025-12-09 10:35:53.950 +01:00 [DBG] Hosting started
2025-12-09 10:35:54.147 +01:00 [DBG] Connection id "0HNHN0PCI5NIP" accepted.
2025-12-09 10:35:54.149 +01:00 [DBG] Connection id "0HNHN0PCI5NIP" started.
2025-12-09 10:35:54.170 +01:00 [DBG] Connection 0HNHN0PCI5NIP established using the following protocol: "Tls13"
2025-12-09 10:35:54.253 +01:00 [INF] Request starting HTTP/2 GET https://localhost:7079/ - null null
2025-12-09 10:35:54.384 +01:00 [DBG] The request path / does not match a supported file type
2025-12-09 10:35:54.412 +01:00 [DBG] 1 candidate(s) found for the request path '/'
2025-12-09 10:35:54.414 +01:00 [DBG] Endpoint 'ValcharUtulek.Controllers.HomeController.Index (ValcharUtulek)' with route pattern '{controller=Home}/{action=Index}/{id?}' is valid for the request path '/'
2025-12-09 10:35:54.417 +01:00 [DBG] Request matched endpoint 'ValcharUtulek.Controllers.HomeController.Index (ValcharUtulek)'
2025-12-09 10:35:54.456 +01:00 [DBG] AuthenticationScheme: Cookies was successfully authenticated.
2025-12-09 10:35:54.461 +01:00 [INF] Executing endpoint 'ValcharUtulek.Controllers.HomeController.Index (ValcharUtulek)'
2025-12-09 10:35:54.480 +01:00 [INF] Route matched with {action = "Index", controller = "Home"}. Executing controller action with signature Microsoft.AspNetCore.Mvc.IActionResult Index() on controller ValcharUtulek.Controllers.HomeController (ValcharUtulek).
2025-12-09 10:35:54.483 +01:00 [DBG] Execution plan of authorization filters (in the following order): ["None"]
2025-12-09 10:35:54.486 +01:00 [DBG] Execution plan of resource filters (in the following order): ["Microsoft.AspNetCore.Mvc.ViewFeatures.Filters.SaveTempDataFilter"]
2025-12-09 10:35:54.489 +01:00 [DBG] Execution plan of action filters (in the following order): ["Microsoft.AspNetCore.Mvc.Filters.ControllerActionFilter (Order: -2147483648)","Microsoft.AspNetCore.Mvc.ModelBinding.UnsupportedContentTypeFilter (Order: -3000)"]
2025-12-09 10:35:54.491 +01:00 [DBG] Execution plan of exception filters (in the following order): ["None"]
2025-12-09 10:35:54.493 +01:00 [DBG] Execution plan of result filters (in the following order): ["Microsoft.AspNetCore.Mvc.ViewFeatures.Filters.SaveTempDataFilter"]
2025-12-09 10:35:54.497 +01:00 [DBG] Executing controller factory for controller ValcharUtulek.Controllers.HomeController (ValcharUtulek)
2025-12-09 10:35:54.501 +01:00 [DBG] Executed controller factory for controller ValcharUtulek.Controllers.HomeController (ValcharUtulek)
2025-12-09 10:35:54.510 +01:00 [DBG] View lookup cache miss for view 'Index' in controller 'Home'.
2025-12-09 10:35:54.518 +01:00 [INF] Executing ViewResult, running view Index.
2025-12-09 10:35:54.523 +01:00 [DBG] The view path '/Views/Home/Index.cshtml' was found in 11.0118ms.
2025-12-09 10:35:54.552 +01:00 [DBG] View lookup cache miss for view '_Layout' in controller 'Home'.
2025-12-09 10:35:54.612 +01:00 [DBG] Found the endpoints ["Route: {controller=Home}/{action=Index}/{id?}"] for address (action=[Logout],controller=[Account])
2025-12-09 10:35:54.618 +01:00 [DBG] Successfully processed template {controller=Home}/{action=Index}/{id?} for Route: {controller=Home}/{action=Index}/{id?} resulting in /Account/Logout and 
2025-12-09 10:35:54.621 +01:00 [DBG] Link generation succeeded for endpoints ["Route: {controller=Home}/{action=Index}/{id?}"] with result /Account/Logout
2025-12-09 10:35:54.629 +01:00 [DBG] An antiforgery cookie token was reused.
2025-12-09 10:35:54.641 +01:00 [DBG] Response markup is scheduled to include Browser Link script injection.
2025-12-09 10:35:54.647 +01:00 [DBG] Response markup is scheduled to include browser refresh script injection.
2025-12-09 10:35:54.654 +01:00 [INF] Executed ViewResult - view Index executed in 145.4443ms.
2025-12-09 10:35:54.657 +01:00 [INF] Executed action ValcharUtulek.Controllers.HomeController.Index (ValcharUtulek) in 161.7229ms
2025-12-09 10:35:54.659 +01:00 [INF] Executed endpoint 'ValcharUtulek.Controllers.HomeController.Index (ValcharUtulek)'
2025-12-09 10:35:54.660 +01:00 [DBG] Response markup was updated to include Browser Link script injection.
2025-12-09 10:35:54.662 +01:00 [DBG] Response markup was updated to include browser refresh script injection.
2025-12-09 10:35:54.668 +01:00 [INF] Request finished HTTP/2 GET https://localhost:7079/ - 200 null text/html; charset=utf-8 427.3409ms
2025-12-09 10:35:54.711 +01:00 [INF] Request starting HTTP/2 GET https://localhost:7079/_framework/aspnetcore-browser-refresh.js - null null
2025-12-09 10:35:54.711 +01:00 [INF] Request starting HTTP/2 GET https://localhost:7079/css/site.css?v=iabBAHNTKZtOxwGRwVpXWEEYgdUCwG-6BI3d3a4Xz8g - null null
2025-12-09 10:35:54.713 +01:00 [INF] Request starting HTTP/2 GET https://localhost:7079/_vs/browserLink - null null
2025-12-09 10:35:54.728 +01:00 [INF] The file /css/site.css was not modified
2025-12-09 10:35:54.730 +01:00 [DBG] Handled. Status code: 304 File: /css/site.css
2025-12-09 10:35:54.742 +01:00 [DBG] Script injected: /_framework/aspnetcore-browser-refresh.js
2025-12-09 10:35:54.749 +01:00 [INF] Request finished HTTP/2 GET https://localhost:7079/css/site.css?v=iabBAHNTKZtOxwGRwVpXWEEYgdUCwG-6BI3d3a4Xz8g - 304 null text/css 37.5587ms
2025-12-09 10:35:54.749 +01:00 [INF] Request finished HTTP/2 GET https://localhost:7079/_framework/aspnetcore-browser-refresh.js - 200 16511 application/javascript; charset=utf-8 38.2132ms
2025-12-09 10:35:54.777 +01:00 [INF] Request finished HTTP/2 GET https://localhost:7079/_vs/browserLink - 200 null text/javascript; charset=UTF-8 64.2281ms
2025-12-09 10:36:33.940 +01:00 [INF] Request starting HTTP/2 GET https://localhost:7079/_framework/clear-browser-cache - null null
2025-12-09 10:36:33.953 +01:00 [INF] Request finished HTTP/2 GET https://localhost:7079/_framework/clear-browser-cache - 200 0 null 13.1616ms
2025-12-09 10:36:34.525 +01:00 [INF] Request starting HTTP/2 GET https://localhost:7079/css/site.css?nonce=1765272994518 - null null
2025-12-09 10:36:34.527 +01:00 [INF] Request starting HTTP/2 GET https://localhost:7079/ValcharUtulek.styles.css?nonce=1765272994518 - null null
2025-12-09 10:36:34.525 +01:00 [INF] Request starting HTTP/2 GET https://localhost:7079/lib/bootstrap/dist/css/bootstrap.min.css?nonce=1765272994517 - null null
2025-12-09 10:36:34.548 +01:00 [INF] Sending file. Request path: '/ValcharUtulek.styles.css'. Physical path: 'C:\Users\David\source\repos\ValcharUtulek\ValcharUtulek\obj\Debug\net9.0\scopedcss\bundle\ValcharUtulek.styles.css'
2025-12-09 10:36:34.552 +01:00 [INF] Sending file. Request path: '/css/site.css'. Physical path: 'C:\Users\David\source\repos\ValcharUtulek\ValcharUtulek\wwwroot\css\site.css'
2025-12-09 10:36:34.554 +01:00 [INF] Request finished HTTP/2 GET https://localhost:7079/ValcharUtulek.styles.css?nonce=1765272994518 - 200 1131 text/css 28.7438ms
2025-12-09 10:36:34.557 +01:00 [INF] Request finished HTTP/2 GET https://localhost:7079/css/site.css?nonce=1765272994518 - 200 3588 text/css 32.8069ms
2025-12-09 10:36:34.585 +01:00 [INF] Sending file. Request path: '/lib/bootstrap/dist/css/bootstrap.min.css'. Physical path: 'C:\Users\David\source\repos\ValcharUtulek\ValcharUtulek\wwwroot\lib\bootstrap\dist\css\bootstrap.min.css'
2025-12-09 10:36:34.588 +01:00 [INF] Request finished HTTP/2 GET https://localhost:7079/lib/bootstrap/dist/css/bootstrap.min.css?nonce=1765272994517 - 200 232803 text/css 62.8238ms
2025-12-09 10:36:35.135 +01:00 [INF] Request starting HTTP/2 GET https://localhost:7079/_framework/clear-browser-cache - null null
2025-12-09 10:36:35.141 +01:00 [INF] Request finished HTTP/2 GET https://localhost:7079/_framework/clear-browser-cache - 200 0 null 5.4745ms
2025-12-09 10:36:35.673 +01:00 [INF] Request starting HTTP/2 GET https://localhost:7079/lib/bootstrap/dist/css/bootstrap.min.css?nonce=1765272995668 - null null
2025-12-09 10:36:35.673 +01:00 [INF] Request starting HTTP/2 GET https://localhost:7079/css/site.css?nonce=1765272995668 - null null
2025-12-09 10:36:35.673 +01:00 [INF] Request starting HTTP/2 GET https://localhost:7079/ValcharUtulek.styles.css?nonce=1765272995668 - null null
2025-12-09 10:36:35.690 +01:00 [INF] Sending file. Request path: '/ValcharUtulek.styles.css'. Physical path: 'C:\Users\David\source\repos\ValcharUtulek\ValcharUtulek\obj\Debug\net9.0\scopedcss\bundle\ValcharUtulek.styles.css'
2025-12-09 10:36:35.690 +01:00 [INF] Sending file. Request path: '/css/site.css'. Physical path: 'C:\Users\David\source\repos\ValcharUtulek\ValcharUtulek\wwwroot\css\site.css'
2025-12-09 10:36:35.693 +01:00 [INF] Sending file. Request path: '/lib/bootstrap/dist/css/bootstrap.min.css'. Physical path: 'C:\Users\David\source\repos\ValcharUtulek\ValcharUtulek\wwwroot\lib\bootstrap\dist\css\bootstrap.min.css'
2025-12-09 10:36:35.694 +01:00 [INF] Request finished HTTP/2 GET https://localhost:7079/ValcharUtulek.styles.css?nonce=1765272995668 - 200 1131 text/css 20.1688ms
2025-12-09 10:36:35.695 +01:00 [INF] Request finished HTTP/2 GET https://localhost:7079/css/site.css?nonce=1765272995668 - 200 3588 text/css 21.8715ms
2025-12-09 10:36:35.697 +01:00 [INF] Request finished HTTP/2 GET https://localhost:7079/lib/bootstrap/dist/css/bootstrap.min.css?nonce=1765272995668 - 200 232803 text/css 24.1755ms
2025-12-09 10:38:55.640 +01:00 [INF] Starting web application
2025-12-09 10:38:56.934 +01:00 [DBG] An 'IServiceProvider' was created for internal use by Entity Framework.
2025-12-09 10:38:57.491 +01:00 [DBG] Entity Framework Core 9.0.10 initialized 'ShelterDbContext' using provider 'Pomelo.EntityFrameworkCore.MySql:9.0.0' with options: ParameterizedCollectionTranslationMode=Constantize ServerVersion=8.0.44-mysql 
2025-12-09 10:38:57.515 +01:00 [DBG] Creating DbConnection.
2025-12-09 10:38:57.522 +01:00 [DBG] Created DbConnection. (4ms).
2025-12-09 10:38:57.534 +01:00 [DBG] Opening connection to database '' on server '127.0.0.1'.
2025-12-09 10:38:57.574 +01:00 [DBG] Opened connection to database '' on server '127.0.0.1'.
2025-12-09 10:38:57.579 +01:00 [DBG] Creating DbConnection.
2025-12-09 10:38:57.581 +01:00 [DBG] Created DbConnection. (1ms).
2025-12-09 10:38:57.628 +01:00 [DBG] Disposing connection to database '' on server '127.0.0.1'.
2025-12-09 10:38:57.636 +01:00 [DBG] Disposed connection to database '' on server '127.0.0.1' (3ms).
2025-12-09 10:38:57.651 +01:00 [DBG] Creating DbCommand for 'ExecuteScalar'.
2025-12-09 10:38:57.658 +01:00 [DBG] Created DbCommand for 'ExecuteScalar' (6ms).
2025-12-09 10:38:57.661 +01:00 [DBG] Initialized DbCommand for 'ExecuteScalar' (13ms).
2025-12-09 10:38:57.662 +01:00 [DBG] Opening connection to database 'shelter' on server '127.0.0.1'.
2025-12-09 10:38:57.687 +01:00 [DBG] Opened connection to database 'shelter' on server '127.0.0.1'.
2025-12-09 10:38:57.696 +01:00 [DBG] Executing DbCommand [Parameters=[], CommandType='"Text"', CommandTimeout='30']
SELECT CASE WHEN COUNT(*) = 0 THEN FALSE ELSE TRUE END
FROM information_schema.tables
WHERE table_type = 'BASE TABLE' AND table_schema = 'shelter'
2025-12-09 10:38:57.729 +01:00 [INF] Executed DbCommand (24ms) [Parameters=[], CommandType='"Text"', CommandTimeout='30']
SELECT CASE WHEN COUNT(*) = 0 THEN FALSE ELSE TRUE END
FROM information_schema.tables
WHERE table_type = 'BASE TABLE' AND table_schema = 'shelter'
2025-12-09 10:38:57.736 +01:00 [DBG] Closing connection to database 'shelter' on server '127.0.0.1'.
2025-12-09 10:38:57.742 +01:00 [DBG] Closed connection to database 'shelter' on server '127.0.0.1' (4ms).
2025-12-09 10:38:57.787 +01:00 [DBG] Compiling query expression: 
'DbSet<User>()
    .Any(u => u.Name == "admin")'
2025-12-09 10:38:58.076 +01:00 [DBG] Generated query execution expression: 
'queryContext => SingleQueryingEnumerable.Create<bool>(
    relationalQueryContext: (RelationalQueryContext)queryContext, 
    relationalCommandResolver: parameters => [LIFTABLE Constant: RelationalCommandCache.QueryExpression(
        Projection Mapping:
            EmptyProjectionMember -> 0
        SELECT EXISTS (
            SELECT 1
            FROM Users AS u
            WHERE u.Name == 'admin')) | Resolver: c => new RelationalCommandCache(
        c.Dependencies.MemoryCache, 
        c.RelationalDependencies.QuerySqlGeneratorFactory, 
        c.RelationalDependencies.RelationalParameterBasedSqlProcessorFactory, 
        Projection Mapping:
            EmptyProjectionMember -> 0
        SELECT EXISTS (
            SELECT 1
            FROM Users AS u
            WHERE u.Name == 'admin'), 
        False, 
        new HashSet<string>(
            new string[]{ }, 
            StringComparer.Ordinal
        )
    )].GetRelationalCommandTemplate(parameters), 
    readerColumns: null, 
    shaper: (queryContext, dataReader, resultContext, resultCoordinator) => 
    {
        bool? value1;
        value1 = dataReader.IsDBNull(0) ? default(bool?) : (bool?)dataReader.GetBoolean(0);
        return (bool)value1;
    }, 
    contextType: ValcharUtulek.Database.ShelterDbContext, 
    standAloneStateManager: False, 
    detailedErrorsEnabled: False, 
    threadSafetyChecksEnabled: True)
    .Single()'
2025-12-09 10:38:58.109 +01:00 [DBG] Opening connection to database 'shelter' on server '127.0.0.1'.
2025-12-09 10:38:58.116 +01:00 [DBG] Opened connection to database 'shelter' on server '127.0.0.1'.
2025-12-09 10:38:58.118 +01:00 [DBG] Creating DbCommand for 'ExecuteReader'.
2025-12-09 10:38:58.119 +01:00 [DBG] Created DbCommand for 'ExecuteReader' (1ms).
2025-12-09 10:38:58.120 +01:00 [DBG] Initialized DbCommand for 'ExecuteReader' (2ms).
2025-12-09 10:38:58.122 +01:00 [DBG] Executing DbCommand [Parameters=[], CommandType='"Text"', CommandTimeout='30']
SELECT EXISTS (
    SELECT 1
    FROM `Users` AS `u`
    WHERE `u`.`Name` = 'admin')
2025-12-09 10:38:58.127 +01:00 [INF] Executed DbCommand (5ms) [Parameters=[], CommandType='"Text"', CommandTimeout='30']
SELECT EXISTS (
    SELECT 1
    FROM `Users` AS `u`
    WHERE `u`.`Name` = 'admin')
2025-12-09 10:38:58.134 +01:00 [DBG] Closing data reader to 'shelter' on server '127.0.0.1'.
2025-12-09 10:38:58.137 +01:00 [DBG] A data reader for 'shelter' on server '127.0.0.1' is being disposed after spending 5ms reading results.
2025-12-09 10:38:58.139 +01:00 [DBG] Closing connection to database 'shelter' on server '127.0.0.1'.
2025-12-09 10:38:58.141 +01:00 [DBG] Closed connection to database 'shelter' on server '127.0.0.1' (1ms).
2025-12-09 10:38:58.144 +01:00 [DBG] Compiling query expression: 
'DbSet<News>()
    .Any()'
2025-12-09 10:38:58.148 +01:00 [DBG] Generated query execution expression: 
'queryContext => SingleQueryingEnumerable.Create<bool>(
    relationalQueryContext: (RelationalQueryContext)queryContext, 
    relationalCommandResolver: parameters => [LIFTABLE Constant: RelationalCommandCache.QueryExpression(
        Projection Mapping:
            EmptyProjectionMember -> 0
        SELECT EXISTS (
            SELECT 1
            FROM News AS n)) | Resolver: c => new RelationalCommandCache(
        c.Dependencies.MemoryCache, 
        c.RelationalDependencies.QuerySqlGeneratorFactory, 
        c.RelationalDependencies.RelationalParameterBasedSqlProcessorFactory, 
        Projection Mapping:
            EmptyProjectionMember -> 0
        SELECT EXISTS (
            SELECT 1
            FROM News AS n), 
        False, 
        new HashSet<string>(
            new string[]{ }, 
            StringComparer.Ordinal
        )
    )].GetRelationalCommandTemplate(parameters), 
    readerColumns: null, 
    shaper: (queryContext, dataReader, resultContext, resultCoordinator) => 
    {
        bool? value1;
        value1 = dataReader.IsDBNull(0) ? default(bool?) : (bool?)dataReader.GetBoolean(0);
        return (bool)value1;
    }, 
    contextType: ValcharUtulek.Database.ShelterDbContext, 
    standAloneStateManager: False, 
    detailedErrorsEnabled: False, 
    threadSafetyChecksEnabled: True)
    .Single()'
2025-12-09 10:38:58.151 +01:00 [DBG] Opening connection to database 'shelter' on server '127.0.0.1'.
2025-12-09 10:38:58.153 +01:00 [DBG] Opened connection to database 'shelter' on server '127.0.0.1'.
2025-12-09 10:38:58.155 +01:00 [DBG] Creating DbCommand for 'ExecuteReader'.
2025-12-09 10:38:58.156 +01:00 [DBG] Created DbCommand for 'ExecuteReader' (1ms).
2025-12-09 10:38:58.157 +01:00 [DBG] Initialized DbCommand for 'ExecuteReader' (2ms).
2025-12-09 10:38:58.159 +01:00 [DBG] Executing DbCommand [Parameters=[], CommandType='"Text"', CommandTimeout='30']
SELECT EXISTS (
    SELECT 1
    FROM `News` AS `n`)
2025-12-09 10:38:58.162 +01:00 [INF] Executed DbCommand (3ms) [Parameters=[], CommandType='"Text"', CommandTimeout='30']
SELECT EXISTS (
    SELECT 1
    FROM `News` AS `n`)
2025-12-09 10:38:58.165 +01:00 [DBG] Closing data reader to 'shelter' on server '127.0.0.1'.
2025-12-09 10:38:58.166 +01:00 [DBG] A data reader for 'shelter' on server '127.0.0.1' is being disposed after spending 1ms reading results.
2025-12-09 10:38:58.168 +01:00 [DBG] Closing connection to database 'shelter' on server '127.0.0.1'.
2025-12-09 10:38:58.170 +01:00 [DBG] Closed connection to database 'shelter' on server '127.0.0.1' (1ms).
2025-12-09 10:38:58.173 +01:00 [DBG] 'ShelterDbContext' disposed.
2025-12-09 10:38:58.175 +01:00 [DBG] Disposing connection to database 'shelter' on server '127.0.0.1'.
2025-12-09 10:38:58.177 +01:00 [DBG] Disposed connection to database 'shelter' on server '127.0.0.1' (1ms).
2025-12-09 10:38:58.244 +01:00 [DBG] Initializing Razor view compiler with compiled view: '/Views/Account/Login.cshtml'.
2025-12-09 10:38:58.254 +01:00 [DBG] Initializing Razor view compiler with compiled view: '/Views/Account/Register.cshtml'.
2025-12-09 10:38:58.277 +01:00 [DBG] Initializing Razor view compiler with compiled view: '/Views/Adoptions/Create.cshtml'.
2025-12-09 10:38:58.279 +01:00 [DBG] Initializing Razor view compiler with compiled view: '/Views/Adoptions/Delete.cshtml'.
2025-12-09 10:38:58.281 +01:00 [DBG] Initializing Razor view compiler with compiled view: '/Views/Adoptions/Details.cshtml'.
2025-12-09 10:38:58.282 +01:00 [DBG] Initializing Razor view compiler with compiled view: '/Views/Adoptions/Edit.cshtml'.
2025-12-09 10:38:58.284 +01:00 [DBG] Initializing Razor view compiler with compiled view: '/Views/Adoptions/Index.cshtml'.
2025-12-09 10:38:58.286 +01:00 [DBG] Initializing Razor view compiler with compiled view: '/Views/Gifts/Create.cshtml'.
2025-12-09 10:38:58.287 +01:00 [DBG] Initializing Razor view compiler with compiled view: '/Views/Gifts/Delete.cshtml'.
2025-12-09 10:38:58.288 +01:00 [DBG] Initializing Razor view compiler with compiled view: '/Views/Gifts/Details.cshtml'.
2025-12-09 10:38:58.290 +01:00 [DBG] Initializing Razor view compiler with compiled view: '/Views/Gifts/Edit.cshtml'.
2025-12-09 10:38:58.291 +01:00 [DBG] Initializing Razor view compiler with compiled view: '/Views/Gifts/Index.cshtml'.
2025-12-09 10:38:58.293 +01:00 [DBG] Initializing Razor view compiler with compiled view: '/Views/Home/Index.cshtml'.
2025-12-09 10:38:58.294 +01:00 [DBG] Initializing Razor view compiler with compiled view: '/Views/Home/Privacy.cshtml'.
2025-12-09 10:38:58.295 +01:00 [DBG] Initializing Razor view compiler with compiled view: '/Views/News/Create.cshtml'.
2025-12-09 10:38:58.297 +01:00 [DBG] Initializing Razor view compiler with compiled view: '/Views/News/Delete.cshtml'.
2025-12-09 10:38:58.298 +01:00 [DBG] Initializing Razor view compiler with compiled view: '/Views/News/Details.cshtml'.
2025-12-09 10:38:58.300 +01:00 [DBG] Initializing Razor view compiler with compiled view: '/Views/News/Edit.cshtml'.
2025-12-09 10:38:58.302 +01:00 [DBG] Initializing Razor view compiler with compiled view: '/Views/News/Index.cshtml'.
2025-12-09 10:38:58.303 +01:00 [DBG] Initializing Razor view compiler with compiled view: '/Views/Shared/Error.cshtml'.
2025-12-09 10:38:58.305 +01:00 [DBG] Initializing Razor view compiler with compiled view: '/Views/Shared/_ValidationScriptsPartial.cshtml'.
2025-12-09 10:38:58.307 +01:00 [DBG] Initializing Razor view compiler with compiled view: '/Views/Users/Index.cshtml'.
2025-12-09 10:38:58.308 +01:00 [DBG] Initializing Razor view compiler with compiled view: '/Views/_ViewImports.cshtml'.
2025-12-09 10:38:58.309 +01:00 [DBG] Initializing Razor view compiler with compiled view: '/Views/_ViewStart.cshtml'.
2025-12-09 10:38:58.311 +01:00 [DBG] Initializing Razor view compiler with compiled view: '/Views/Shared/_Layout.cshtml'.
2025-12-09 10:38:58.329 +01:00 [DBG] Registered model binder providers, in the following order: ["Microsoft.AspNetCore.Mvc.ModelBinding.Binders.BinderTypeModelBinderProvider","Microsoft.AspNetCore.Mvc.ModelBinding.Binders.ServicesModelBinderProvider","Microsoft.AspNetCore.Mvc.ModelBinding.Binders.BodyModelBinderProvider","Microsoft.AspNetCore.Mvc.ModelBinding.Binders.HeaderModelBinderProvider","Microsoft.AspNetCore.Mvc.ModelBinding.Binders.FloatingPointTypeModelBinderProvider","Microsoft.AspNetCore.Mvc.ModelBinding.Binders.EnumTypeModelBinderProvider","Microsoft.AspNetCore.Mvc.ModelBinding.Binders.DateTimeModelBinderProvider","Microsoft.AspNetCore.Mvc.ModelBinding.Binders.SimpleTypeModelBinderProvider","Microsoft.AspNetCore.Mvc.ModelBinding.Binders.TryParseModelBinderProvider","Microsoft.AspNetCore.Mvc.ModelBinding.Binders.CancellationTokenModelBinderProvider","Microsoft.AspNetCore.Mvc.ModelBinding.Binders.ByteArrayModelBinderProvider","Microsoft.AspNetCore.Mvc.ModelBinding.Binders.FormFileModelBinderProvider","Microsoft.AspNetCore.Mvc.ModelBinding.Binders.FormCollectionModelBinderProvider","Microsoft.AspNetCore.Mvc.ModelBinding.Binders.KeyValuePairModelBinderProvider","Microsoft.AspNetCore.Mvc.ModelBinding.Binders.DictionaryModelBinderProvider","Microsoft.AspNetCore.Mvc.ModelBinding.Binders.ArrayModelBinderProvider","Microsoft.AspNetCore.Mvc.ModelBinding.Binders.CollectionModelBinderProvider","Microsoft.AspNetCore.Mvc.ModelBinding.Binders.ComplexObjectModelBinderProvider"]
2025-12-09 10:38:58.423 +01:00 [DBG] Hosting starting
2025-12-09 10:38:58.466 +01:00 [INF] User profile is available. Using 'C:\Users\David\AppData\Local\ASP.NET\DataProtection-Keys' as key repository and Windows DPAPI to encrypt keys at rest.
2025-12-09 10:38:58.493 +01:00 [DBG] Reading data from file 'C:\Users\David\AppData\Local\ASP.NET\DataProtection-Keys\key-f5c154a5-e5b4-4c9b-b7eb-6e5e819bbbdf.xml'.
2025-12-09 10:38:58.510 +01:00 [DBG] Found key {f5c154a5-e5b4-4c9b-b7eb-6e5e819bbbdf}.
2025-12-09 10:38:58.524 +01:00 [DBG] Considering key {f5c154a5-e5b4-4c9b-b7eb-6e5e819bbbdf} with expiration date 2025-12-22 06:21:24Z as default key.
2025-12-09 10:38:58.531 +01:00 [DBG] Forwarded activator type request from Microsoft.AspNetCore.DataProtection.XmlEncryption.DpapiXmlDecryptor, Microsoft.AspNetCore.DataProtection, Version=9.0.0.0, Culture=neutral, PublicKeyToken=adb9793829ddae60 to Microsoft.AspNetCore.DataProtection.XmlEncryption.DpapiXmlDecryptor, Microsoft.AspNetCore.DataProtection, Culture=neutral, PublicKeyToken=adb9793829ddae60
2025-12-09 10:38:58.533 +01:00 [DBG] Decrypting secret element using Windows DPAPI.
2025-12-09 10:38:58.537 +01:00 [DBG] Forwarded activator type request from Microsoft.AspNetCore.DataProtection.AuthenticatedEncryption.ConfigurationModel.AuthenticatedEncryptorDescriptorDeserializer, Microsoft.AspNetCore.DataProtection, Version=9.0.0.0, Culture=neutral, PublicKeyToken=adb9793829ddae60 to Microsoft.AspNetCore.DataProtection.AuthenticatedEncryption.ConfigurationModel.AuthenticatedEncryptorDescriptorDeserializer, Microsoft.AspNetCore.DataProtection, Culture=neutral, PublicKeyToken=adb9793829ddae60
2025-12-09 10:38:58.542 +01:00 [DBG] Opening CNG algorithm 'AES' from provider 'null' with chaining mode CBC.
2025-12-09 10:38:58.545 +01:00 [DBG] Opening CNG algorithm 'SHA256' from provider 'null' with HMAC.
2025-12-09 10:38:58.549 +01:00 [DBG] Using key {f5c154a5-e5b4-4c9b-b7eb-6e5e819bbbdf} as the default key.
2025-12-09 10:38:58.552 +01:00 [DBG] Key ring with default key {f5c154a5-e5b4-4c9b-b7eb-6e5e819bbbdf} was loaded during application startup.
2025-12-09 10:38:58.565 +01:00 [DBG] Middleware loaded
2025-12-09 10:38:58.569 +01:00 [DBG] Middleware loaded. Script /_framework/aspnetcore-browser-refresh.js (16511 B).
2025-12-09 10:38:58.572 +01:00 [DBG] Middleware loaded. Script /_framework/blazor-hotreload.js (799 B).
2025-12-09 10:38:58.642 +01:00 [DBG] Middleware configuration started with options: {AllowedHosts = *, AllowEmptyHosts = True, IncludeFailureMessage = True}
2025-12-09 10:38:58.645 +01:00 [DBG] Wildcard detected, all requests with hosts will be allowed.
2025-12-09 10:38:58.663 +01:00 [DBG] Middleware loaded: DOTNET_MODIFIABLE_ASSEMBLIES=debug, __ASPNETCORE_BROWSER_TOOLS=true
2025-12-09 10:38:58.797 +01:00 [INF] Now listening on: https://localhost:7079
2025-12-09 10:38:58.799 +01:00 [INF] Now listening on: http://localhost:5048
2025-12-09 10:38:58.801 +01:00 [DBG] Loaded hosting startup assembly ValcharUtulek
2025-12-09 10:38:58.802 +01:00 [DBG] Loaded hosting startup assembly Microsoft.WebTools.ApiEndpointDiscovery
2025-12-09 10:38:58.803 +01:00 [DBG] Loaded hosting startup assembly Microsoft.AspNetCore.Watch.BrowserRefresh
2025-12-09 10:38:58.804 +01:00 [DBG] Loaded hosting startup assembly Microsoft.WebTools.BrowserLink.Net
2025-12-09 10:38:58.816 +01:00 [DBG] Executing API description provider 'EndpointMetadataApiDescriptionProvider' from assembly Microsoft.AspNetCore.Mvc.ApiExplorer v9.0.0.0.
2025-12-09 10:38:58.819 +01:00 [DBG] Executing API description provider 'DefaultApiDescriptionProvider' from assembly Microsoft.AspNetCore.Mvc.ApiExplorer v9.0.0.0.
2025-12-09 10:38:58.909 +01:00 [INF] Application started. Press Ctrl+C to shut down.
2025-12-09 10:38:58.911 +01:00 [INF] Hosting environment: Development
2025-12-09 10:38:58.912 +01:00 [INF] Content root path: C:\Users\David\source\repos\ValcharUtulek\ValcharUtulek
2025-12-09 10:38:58.914 +01:00 [DBG] Hosting started
2025-12-09 10:38:59.037 +01:00 [DBG] Connection id "0HNHN0R3OO6V3" received FIN.
2025-12-09 10:38:59.037 +01:00 [DBG] Connection id "0HNHN0R3OO6V4" received FIN.
2025-12-09 10:38:59.040 +01:00 [DBG] Connection id "0HNHN0R3OO6V4" accepted.
2025-12-09 10:38:59.040 +01:00 [DBG] Connection id "0HNHN0R3OO6V3" accepted.
2025-12-09 10:38:59.057 +01:00 [DBG] Connection id "0HNHN0R3OO6V4" started.
2025-12-09 10:38:59.057 +01:00 [DBG] Connection id "0HNHN0R3OO6V3" started.
2025-12-09 10:38:59.076 +01:00 [DBG] Failed to authenticate HTTPS connection.
System.IO.IOException: Received an unexpected EOF or 0 bytes from the transport stream.
   at System.Net.Security.SslStream.ReceiveHandshakeFrameAsync[TIOAdapter](CancellationToken cancellationToken)
   at System.Net.Security.SslStream.ForceAuthenticationAsync[TIOAdapter](Boolean receiveFirst, Byte[] reAuthenticationData, CancellationToken cancellationToken)
   at System.Net.Security.SslStream.ProcessAuthenticationWithTelemetryAsync(Boolean isAsync, CancellationToken cancellationToken)
   at Microsoft.AspNetCore.Server.Kestrel.Https.Internal.HttpsConnectionMiddleware.OnConnectionAsync(ConnectionContext context)
2025-12-09 10:38:59.076 +01:00 [DBG] Failed to authenticate HTTPS connection.
System.IO.IOException: Received an unexpected EOF or 0 bytes from the transport stream.
   at System.Net.Security.SslStream.ReceiveHandshakeFrameAsync[TIOAdapter](CancellationToken cancellationToken)
   at System.Net.Security.SslStream.ForceAuthenticationAsync[TIOAdapter](Boolean receiveFirst, Byte[] reAuthenticationData, CancellationToken cancellationToken)
   at System.Net.Security.SslStream.ProcessAuthenticationWithTelemetryAsync(Boolean isAsync, CancellationToken cancellationToken)
   at Microsoft.AspNetCore.Server.Kestrel.Https.Internal.HttpsConnectionMiddleware.OnConnectionAsync(ConnectionContext context)
2025-12-09 10:38:59.118 +01:00 [DBG] Connection id "0HNHN0R3OO6V4" stopped.
2025-12-09 10:38:59.119 +01:00 [DBG] Connection id "0HNHN0R3OO6V3" stopped.
2025-12-09 10:38:59.124 +01:00 [DBG] Connection id "0HNHN0R3OO6V3" sending FIN because: "The Socket transport's send loop completed gracefully."
2025-12-09 10:38:59.124 +01:00 [DBG] Connection id "0HNHN0R3OO6V4" sending FIN because: "The Socket transport's send loop completed gracefully."
2025-12-09 10:38:59.296 +01:00 [DBG] Connection id "0HNHN0R3OO6V5" accepted.
2025-12-09 10:38:59.299 +01:00 [DBG] Connection id "0HNHN0R3OO6V5" started.
2025-12-09 10:38:59.318 +01:00 [DBG] Connection 0HNHN0R3OO6V5 established using the following protocol: "Tls13"
2025-12-09 10:38:59.420 +01:00 [INF] Request starting HTTP/2 GET https://localhost:7079/ - null null
2025-12-09 10:38:59.542 +01:00 [DBG] The request path / does not match a supported file type
2025-12-09 10:38:59.575 +01:00 [DBG] 1 candidate(s) found for the request path '/'
2025-12-09 10:38:59.578 +01:00 [DBG] Endpoint 'ValcharUtulek.Controllers.HomeController.Index (ValcharUtulek)' with route pattern '{controller=Home}/{action=Index}/{id?}' is valid for the request path '/'
2025-12-09 10:38:59.583 +01:00 [DBG] Request matched endpoint 'ValcharUtulek.Controllers.HomeController.Index (ValcharUtulek)'
2025-12-09 10:38:59.622 +01:00 [DBG] AuthenticationScheme: Cookies was successfully authenticated.
2025-12-09 10:38:59.626 +01:00 [INF] Executing endpoint 'ValcharUtulek.Controllers.HomeController.Index (ValcharUtulek)'
2025-12-09 10:38:59.643 +01:00 [INF] Route matched with {action = "Index", controller = "Home"}. Executing controller action with signature Microsoft.AspNetCore.Mvc.IActionResult Index() on controller ValcharUtulek.Controllers.HomeController (ValcharUtulek).
2025-12-09 10:38:59.647 +01:00 [DBG] Execution plan of authorization filters (in the following order): ["None"]
2025-12-09 10:38:59.650 +01:00 [DBG] Execution plan of resource filters (in the following order): ["Microsoft.AspNetCore.Mvc.ViewFeatures.Filters.SaveTempDataFilter"]
2025-12-09 10:38:59.653 +01:00 [DBG] Execution plan of action filters (in the following order): ["Microsoft.AspNetCore.Mvc.Filters.ControllerActionFilter (Order: -2147483648)","Microsoft.AspNetCore.Mvc.ModelBinding.UnsupportedContentTypeFilter (Order: -3000)"]
2025-12-09 10:38:59.655 +01:00 [DBG] Execution plan of exception filters (in the following order): ["None"]
2025-12-09 10:38:59.657 +01:00 [DBG] Execution plan of result filters (in the following order): ["Microsoft.AspNetCore.Mvc.ViewFeatures.Filters.SaveTempDataFilter"]
2025-12-09 10:38:59.661 +01:00 [DBG] Executing controller factory for controller ValcharUtulek.Controllers.HomeController (ValcharUtulek)
2025-12-09 10:38:59.664 +01:00 [DBG] Executed controller factory for controller ValcharUtulek.Controllers.HomeController (ValcharUtulek)
2025-12-09 10:38:59.673 +01:00 [DBG] View lookup cache miss for view 'Index' in controller 'Home'.
2025-12-09 10:38:59.681 +01:00 [INF] Executing ViewResult, running view Index.
2025-12-09 10:38:59.686 +01:00 [DBG] The view path '/Views/Home/Index.cshtml' was found in 10.9694ms.
2025-12-09 10:38:59.716 +01:00 [DBG] View lookup cache miss for view '_Layout' in controller 'Home'.
2025-12-09 10:38:59.776 +01:00 [DBG] Found the endpoints ["Route: {controller=Home}/{action=Index}/{id?}"] for address (action=[Logout],controller=[Account])
2025-12-09 10:38:59.781 +01:00 [DBG] Successfully processed template {controller=Home}/{action=Index}/{id?} for Route: {controller=Home}/{action=Index}/{id?} resulting in /Account/Logout and 
2025-12-09 10:38:59.784 +01:00 [DBG] Link generation succeeded for endpoints ["Route: {controller=Home}/{action=Index}/{id?}"] with result /Account/Logout
2025-12-09 10:38:59.794 +01:00 [DBG] An antiforgery cookie token was reused.
2025-12-09 10:38:59.806 +01:00 [DBG] Response markup is scheduled to include Browser Link script injection.
2025-12-09 10:38:59.812 +01:00 [DBG] Response markup is scheduled to include browser refresh script injection.
2025-12-09 10:38:59.819 +01:00 [INF] Executed ViewResult - view Index executed in 146.9095ms.
2025-12-09 10:38:59.822 +01:00 [INF] Executed action ValcharUtulek.Controllers.HomeController.Index (ValcharUtulek) in 162.917ms
2025-12-09 10:38:59.824 +01:00 [INF] Executed endpoint 'ValcharUtulek.Controllers.HomeController.Index (ValcharUtulek)'
2025-12-09 10:38:59.826 +01:00 [DBG] Response markup was updated to include Browser Link script injection.
2025-12-09 10:38:59.828 +01:00 [DBG] Response markup was updated to include browser refresh script injection.
2025-12-09 10:38:59.835 +01:00 [INF] Request finished HTTP/2 GET https://localhost:7079/ - 200 null text/html; charset=utf-8 430.3488ms
2025-12-09 10:38:59.882 +01:00 [INF] Request starting HTTP/2 GET https://localhost:7079/lib/bootstrap/dist/css/bootstrap.min.css - null null
2025-12-09 10:38:59.882 +01:00 [INF] Request starting HTTP/2 GET https://localhost:7079/css/site.css?v=iabBAHNTKZtOxwGRwVpXWEEYgdUCwG-6BI3d3a4Xz8g - null null
2025-12-09 10:38:59.882 +01:00 [INF] Request starting HTTP/2 GET https://localhost:7079/ValcharUtulek.styles.css?v=j5zwibrJczPiRVDQ5VRbX9PLWOuE_L1NX0cek0_whqI - null null
2025-12-09 10:38:59.905 +01:00 [INF] Sending file. Request path: '/ValcharUtulek.styles.css'. Physical path: 'C:\Users\David\source\repos\ValcharUtulek\ValcharUtulek\obj\Debug\net9.0\scopedcss\bundle\ValcharUtulek.styles.css'
2025-12-09 10:38:59.905 +01:00 [INF] Sending file. Request path: '/css/site.css'. Physical path: 'C:\Users\David\source\repos\ValcharUtulek\ValcharUtulek\wwwroot\css\site.css'
2025-12-09 10:38:59.908 +01:00 [INF] Request finished HTTP/2 GET https://localhost:7079/ValcharUtulek.styles.css?v=j5zwibrJczPiRVDQ5VRbX9PLWOuE_L1NX0cek0_whqI - 200 1131 text/css 25.3915ms
2025-12-09 10:38:59.910 +01:00 [INF] Request finished HTTP/2 GET https://localhost:7079/css/site.css?v=iabBAHNTKZtOxwGRwVpXWEEYgdUCwG-6BI3d3a4Xz8g - 200 3588 text/css 27.2742ms
2025-12-09 10:38:59.921 +01:00 [INF] Request starting HTTP/2 GET https://localhost:7079/lib/bootstrap/dist/js/bootstrap.bundle.min.js - null null
2025-12-09 10:38:59.915 +01:00 [INF] Request starting HTTP/2 GET https://localhost:7079/lib/jquery/dist/jquery.min.js - null null
2025-12-09 10:38:59.958 +01:00 [INF] Request starting HTTP/2 GET https://localhost:7079/_framework/aspnetcore-browser-refresh.js - null null
2025-12-09 10:38:59.957 +01:00 [INF] Request starting HTTP/2 GET https://localhost:7079/js/site.js?v=hRQyftXiu1lLX2P9Ly9xa4gHJgLeR1uGN5qegUobtGo - null null
2025-12-09 10:38:59.972 +01:00 [INF] Request starting HTTP/2 GET https://localhost:7079/images/logo.png - null null
2025-12-09 10:39:00.014 +01:00 [INF] Sending file. Request path: '/lib/bootstrap/dist/css/bootstrap.min.css'. Physical path: 'C:\Users\David\source\repos\ValcharUtulek\ValcharUtulek\wwwroot\lib\bootstrap\dist\css\bootstrap.min.css'
2025-12-09 10:39:00.015 +01:00 [INF] Sending file. Request path: '/lib/bootstrap/dist/js/bootstrap.bundle.min.js'. Physical path: 'C:\Users\David\source\repos\ValcharUtulek\ValcharUtulek\wwwroot\lib\bootstrap\dist\js\bootstrap.bundle.min.js'
2025-12-09 10:39:00.020 +01:00 [INF] Sending file. Request path: '/lib/jquery/dist/jquery.min.js'. Physical path: 'C:\Users\David\source\repos\ValcharUtulek\ValcharUtulek\wwwroot\lib\jquery\dist\jquery.min.js'
2025-12-09 10:39:00.035 +01:00 [INF] Request starting HTTP/2 GET https://localhost:7079/_vs/browserLink - null null
2025-12-09 10:39:00.026 +01:00 [DBG] Script injected: /_framework/aspnetcore-browser-refresh.js
2025-12-09 10:39:00.025 +01:00 [INF] Sending file. Request path: '/js/site.js'. Physical path: 'C:\Users\David\source\repos\ValcharUtulek\ValcharUtulek\wwwroot\js\site.js'
2025-12-09 10:39:00.032 +01:00 [INF] Request finished HTTP/2 GET https://localhost:7079/lib/bootstrap/dist/js/bootstrap.bundle.min.js - 200 80721 text/javascript 112.0371ms
2025-12-09 10:39:00.088 +01:00 [INF] Request finished HTTP/2 GET https://localhost:7079/_framework/aspnetcore-browser-refresh.js - 200 16511 application/javascript; charset=utf-8 129.8208ms
2025-12-09 10:39:00.089 +01:00 [INF] Request finished HTTP/2 GET https://localhost:7079/js/site.js?v=hRQyftXiu1lLX2P9Ly9xa4gHJgLeR1uGN5qegUobtGo - 200 231 text/javascript 167.4099ms
2025-12-09 10:39:00.031 +01:00 [INF] Request finished HTTP/2 GET https://localhost:7079/lib/bootstrap/dist/css/bootstrap.min.css - 200 232803 text/css 148.1479ms
2025-12-09 10:39:00.035 +01:00 [INF] Request finished HTTP/2 GET https://localhost:7079/lib/jquery/dist/jquery.min.js - 200 87533 text/javascript 119.8371ms
2025-12-09 10:39:00.047 +01:00 [INF] Request starting HTTP/2 GET https://localhost:7079/images/homebackground.jpg - null null
2025-12-09 10:39:00.130 +01:00 [INF] Sending file. Request path: '/images/homebackground.jpg'. Physical path: 'C:\Users\David\source\repos\ValcharUtulek\ValcharUtulek\wwwroot\images\homebackground.jpg'
2025-12-09 10:39:00.132 +01:00 [INF] Request finished HTTP/2 GET https://localhost:7079/images/homebackground.jpg - 200 456563 image/jpeg 84.8177ms
2025-12-09 10:39:00.132 +01:00 [INF] Sending file. Request path: '/images/logo.png'. Physical path: 'C:\Users\David\source\repos\ValcharUtulek\ValcharUtulek\wwwroot\images\logo.png'
2025-12-09 10:39:00.135 +01:00 [INF] Request finished HTTP/2 GET https://localhost:7079/_vs/browserLink - 200 null text/javascript; charset=UTF-8 100.2499ms
2025-12-09 10:39:00.139 +01:00 [INF] Request finished HTTP/2 GET https://localhost:7079/images/logo.png - 200 4026441 image/png 171.5257ms
2025-12-09 10:39:02.525 +01:00 [INF] Request starting HTTP/2 GET https://localhost:7079/Users - null null
2025-12-09 10:39:02.535 +01:00 [DBG] The request path /Users does not match a supported file type
2025-12-09 10:39:02.539 +01:00 [DBG] 1 candidate(s) found for the request path '/Users'
2025-12-09 10:39:02.540 +01:00 [DBG] Endpoint 'ValcharUtulek.Controllers.UsersController.Index (ValcharUtulek)' with route pattern '{controller=Home}/{action=Index}/{id?}' is valid for the request path '/Users'
2025-12-09 10:39:02.543 +01:00 [DBG] Request matched endpoint 'ValcharUtulek.Controllers.UsersController.Index (ValcharUtulek)'
2025-12-09 10:39:02.545 +01:00 [DBG] AuthenticationScheme: Cookies was successfully authenticated.
2025-12-09 10:39:02.554 +01:00 [DBG] Authorization was successful.
2025-12-09 10:39:02.556 +01:00 [INF] Executing endpoint 'ValcharUtulek.Controllers.UsersController.Index (ValcharUtulek)'
2025-12-09 10:39:02.564 +01:00 [INF] Route matched with {action = "Index", controller = "Users"}. Executing controller action with signature System.Threading.Tasks.Task`1[Microsoft.AspNetCore.Mvc.IActionResult] Index() on controller ValcharUtulek.Controllers.UsersController (ValcharUtulek).
2025-12-09 10:39:02.567 +01:00 [DBG] Execution plan of authorization filters (in the following order): ["None"]
2025-12-09 10:39:02.569 +01:00 [DBG] Execution plan of resource filters (in the following order): ["Microsoft.AspNetCore.Mvc.ViewFeatures.Filters.SaveTempDataFilter"]
2025-12-09 10:39:02.571 +01:00 [DBG] Execution plan of action filters (in the following order): ["Microsoft.AspNetCore.Mvc.Filters.ControllerActionFilter (Order: -2147483648)","Microsoft.AspNetCore.Mvc.ModelBinding.UnsupportedContentTypeFilter (Order: -3000)"]
2025-12-09 10:39:02.573 +01:00 [DBG] Execution plan of exception filters (in the following order): ["None"]
2025-12-09 10:39:02.575 +01:00 [DBG] Execution plan of result filters (in the following order): ["Microsoft.AspNetCore.Mvc.ViewFeatures.Filters.SaveTempDataFilter"]
2025-12-09 10:39:02.578 +01:00 [DBG] Executing controller factory for controller ValcharUtulek.Controllers.UsersController (ValcharUtulek)
2025-12-09 10:39:02.591 +01:00 [DBG] Executed controller factory for controller ValcharUtulek.Controllers.UsersController (ValcharUtulek)
2025-12-09 10:39:02.598 +01:00 [DBG] Entity Framework Core 9.0.10 initialized 'ShelterDbContext' using provider 'Pomelo.EntityFrameworkCore.MySql:9.0.0' with options: ParameterizedCollectionTranslationMode=Constantize ServerVersion=8.0.44-mysql 
2025-12-09 10:39:02.618 +01:00 [DBG] Compiling query expression: 
'DbSet<User>()
    .FirstOrDefault(e => EF.Property<int>(e, "UserId") == __p_0)'
2025-12-09 10:39:02.709 +01:00 [DBG] Generated query execution expression: 
'queryContext => ShapedQueryCompilingExpressionVisitor.SingleOrDefaultAsync<User>(
    asyncEnumerable: SingleQueryingEnumerable.Create<User>(
        relationalQueryContext: (RelationalQueryContext)queryContext, 
        relationalCommandResolver: parameters => [LIFTABLE Constant: RelationalCommandCache.QueryExpression(
            Projection Mapping:
                EmptyProjectionMember -> Dictionary<IProperty, int> { [Property: User.UserId (int) Required PK AfterSave:Throw ValueGenerated.OnAdd, 0], [Property: User.Email (string), 1], [Property: User.Name (string) Required, 2], [Property: User.PasswordHash (string) Required, 3], [Property: User.RegistrationDate (DateOnly) Required, 4], [Property: User.Role (Role) Required, 5] }
            SELECT TOP(1) u.UserId, u.Email, u.Name, u.password_hash, u.RegistrationDate, u.Role
            FROM Users AS u
            WHERE u.UserId == @__p_0) | Resolver: c => new RelationalCommandCache(
            c.Dependencies.MemoryCache, 
            c.RelationalDependencies.QuerySqlGeneratorFactory, 
            c.RelationalDependencies.RelationalParameterBasedSqlProcessorFactory, 
            Projection Mapping:
                EmptyProjectionMember -> Dictionary<IProperty, int> { [Property: User.UserId (int) Required PK AfterSave:Throw ValueGenerated.OnAdd, 0], [Property: User.Email (string), 1], [Property: User.Name (string) Required, 2], [Property: User.PasswordHash (string) Required, 3], [Property: User.RegistrationDate (DateOnly) Required, 4], [Property: User.Role (Role) Required, 5] }
            SELECT TOP(1) u.UserId, u.Email, u.Name, u.password_hash, u.RegistrationDate, u.Role
            FROM Users AS u
            WHERE u.UserId == @__p_0, 
            False, 
            new HashSet<string>(
                new string[]{ }, 
                StringComparer.Ordinal
            )
        )].GetRelationalCommandTemplate(parameters), 
        readerColumns: null, 
        shaper: (queryContext, dataReader, resultContext, resultCoordinator) => 
        {
            User entity;
            entity = 
            {
                MaterializationContext materializationContext1;
                IEntityType entityType1;
                User instance1;
                InternalEntityEntry entry1;
                bool hasNullKey1;
                materializationContext1 = new MaterializationContext(
                    [LIFTABLE Constant: ValueBuffer | Resolver: _ => (object)ValueBuffer.Empty], 
                    queryContext.Context
                );
                instance1 = default(User);
                entry1 = queryContext.TryGetEntry(
                    key: Key: User.UserId PK, 
                    keyValues: new object[]{ (object)dataReader.GetInt32(0) }, 
                    throwOnNullKey: True, 
                    hasNullKey: hasNullKey1);
                !(hasNullKey1) ? entry1 != default(InternalEntityEntry) ? 
                {
                    entityType1 = entry1.EntityType;
                    return instance1 = (User)entry1.Entity;
                } : 
                {
                    ISnapshot shadowSnapshot1;
                    shadowSnapshot1 = Snapshot;
                    entityType1 = EntityType: User;
                    instance1 = switch (entityType1)
                    {
                        case EntityType: User: 
                            {
                                return 
                                {
                                    User instance;
                                    instance = new User();
                                    instance.<UserId>k__BackingField = dataReader.GetInt32(0);
                                    instance.<Email>k__BackingField = dataReader.IsDBNull(1) ? default(string) : dataReader.GetString(1);
                                    instance.<Name>k__BackingField = dataReader.GetString(2);
                                    instance.<PasswordHash>k__BackingField = dataReader.GetString(3);
                                    instance.<RegistrationDate>k__BackingField = dataReader.GetFieldValue<DateOnly>(4);
                                    instance.<Role>k__BackingField = Invoke(((EnumToStringConverter<Role>)((IReadOnlyProperty)[LIFTABLE Constant: Property: User.Role (Role) Required | Resolver: namelessParameter{0} => namelessParameter{0}.Dependencies.Model.FindEntityType("ValcharUtulek.Entities.User").FindProperty("Role")]).GetTypeMapping().Converter).ConvertFromProviderTyped, dataReader.GetString(5));
                                    (instance is IInjectableService) ? ((IInjectableService)instance).Injected(
                                        context: materializationContext1.Context, 
                                        entity: instance, 
                                        queryTrackingBehavior: TrackAll, 
                                        structuralType: EntityType: User) : default(void);
                                    return instance;
                                }}
                        default: 
                            default(User)
                    }
                    ;
                    entry1 = entityType1 == default(IEntityType) ? default(InternalEntityEntry) : queryContext.StartTracking(
                        entityType: entityType1, 
                        entity: instance1, 
                        snapshot: shadowSnapshot1);
                    return instance1;
                } : default(void);
                return instance1;
            };
            return entity;
        }, 
        contextType: ValcharUtulek.Database.ShelterDbContext, 
        standAloneStateManager: False, 
        detailedErrorsEnabled: False, 
        threadSafetyChecksEnabled: True), 
    cancellationToken: queryContext.CancellationToken)'
2025-12-09 10:39:02.729 +01:00 [DBG] Creating DbConnection.
2025-12-09 10:39:02.732 +01:00 [DBG] Created DbConnection. (2ms).
2025-12-09 10:39:02.733 +01:00 [DBG] Opening connection to database 'shelter' on server '127.0.0.1'.
2025-12-09 10:39:02.738 +01:00 [DBG] Opened connection to database 'shelter' on server '127.0.0.1'.
2025-12-09 10:39:02.741 +01:00 [DBG] Creating DbCommand for 'ExecuteReader'.
2025-12-09 10:39:02.743 +01:00 [DBG] Created DbCommand for 'ExecuteReader' (1ms).
2025-12-09 10:39:02.759 +01:00 [DBG] Initialized DbCommand for 'ExecuteReader' (17ms).
2025-12-09 10:39:02.765 +01:00 [DBG] Executing DbCommand [Parameters=[@__p_0='?' (DbType = Int32)], CommandType='"Text"', CommandTimeout='30']
SELECT `u`.`UserId`, `u`.`Email`, `u`.`Name`, `u`.`password_hash`, `u`.`RegistrationDate`, `u`.`Role`
FROM `Users` AS `u`
WHERE `u`.`UserId` = @__p_0
LIMIT 1
2025-12-09 10:39:02.799 +01:00 [INF] Executed DbCommand (36ms) [Parameters=[@__p_0='?' (DbType = Int32)], CommandType='"Text"', CommandTimeout='30']
SELECT `u`.`UserId`, `u`.`Email`, `u`.`Name`, `u`.`password_hash`, `u`.`RegistrationDate`, `u`.`Role`
FROM `Users` AS `u`
WHERE `u`.`UserId` = @__p_0
LIMIT 1
2025-12-09 10:39:02.858 +01:00 [DBG] Context 'ShelterDbContext' started tracking 'User' entity. Consider using 'DbContextOptionsBuilder.EnableSensitiveDataLogging' to see key values.
2025-12-09 10:39:02.901 +01:00 [DBG] Closing data reader to 'shelter' on server '127.0.0.1'.
2025-12-09 10:39:02.903 +01:00 [DBG] A data reader for 'shelter' on server '127.0.0.1' is being disposed after spending 101ms reading results.
2025-12-09 10:39:02.906 +01:00 [DBG] Closing connection to database 'shelter' on server '127.0.0.1'.
2025-12-09 10:39:02.907 +01:00 [DBG] Closed connection to database 'shelter' on server '127.0.0.1' (1ms).
2025-12-09 10:39:02.923 +01:00 [DBG] Compiling query expression: 
'DbSet<Adoption>()
    .Where(a => a.UserId == __userId_0)
    .Join(
        inner: DbSet<Animal>(), 
        outerKeySelector: adoption => adoption.AnimalId, 
        innerKeySelector: animal => animal.AnimalId, 
        resultSelector: (adoption, animal) => new AdoptionDetailViewModel{ 
            AdoptionId = adoption.AdoptionId, 
            AnimalId = animal.AnimalId, 
            AnimalName = animal.Name, 
            AnimalSpecies = animal.Species, 
            AdoptionDate = adoption.AdoptionDate, 
            Amount = adoption.Amount 
        }
    )'
2025-12-09 10:39:02.983 +01:00 [DBG] Generated query execution expression: 
'queryContext => SingleQueryingEnumerable.Create<AdoptionDetailViewModel>(
    relationalQueryContext: (RelationalQueryContext)queryContext, 
    relationalCommandResolver: parameters => [LIFTABLE Constant: RelationalCommandCache.QueryExpression(
        Projection Mapping:
            AdoptionId -> 0
            AnimalId -> 1
            AnimalName -> 2
            AnimalSpecies -> 3
            AdoptionDate -> 4
            Amount -> 5
        SELECT a.AdoptionId, a0.AnimalId, a0.Name AS AnimalName, a0.Species AS AnimalSpecies, a.AdoptionDate, a.Amount
        FROM Adoptions AS a
        INNER JOIN Animals AS a0 ON a.AnimalId == a0.AnimalId
        WHERE a.UserId == @__userId_0) | Resolver: c => new RelationalCommandCache(
        c.Dependencies.MemoryCache, 
        c.RelationalDependencies.QuerySqlGeneratorFactory, 
        c.RelationalDependencies.RelationalParameterBasedSqlProcessorFactory, 
        Projection Mapping:
            AdoptionId -> 0
            AnimalId -> 1
            AnimalName -> 2
            AnimalSpecies -> 3
            AdoptionDate -> 4
            Amount -> 5
        SELECT a.AdoptionId, a0.AnimalId, a0.Name AS AnimalName, a0.Species AS AnimalSpecies, a.AdoptionDate, a.Amount
        FROM Adoptions AS a
        INNER JOIN Animals AS a0 ON a.AnimalId == a0.AnimalId
        WHERE a.UserId == @__userId_0, 
        False, 
        new HashSet<string>(
            new string[]{ }, 
            StringComparer.Ordinal
        )
    )].GetRelationalCommandTemplate(parameters), 
    readerColumns: null, 
    shaper: (queryContext, dataReader, resultContext, resultCoordinator) => 
    {
        int? value1;
        int? value2;
        string value3;
        string value4;
        DateOnly? value5;
        double? value6;
        value1 = (int?)dataReader.GetInt32(0);
        value2 = (int?)dataReader.GetInt32(1);
        value3 = dataReader.GetString(2);
        value4 = dataReader.IsDBNull(3) ? default(string) : dataReader.GetString(3);
        value5 = (DateOnly?)dataReader.GetFieldValue<DateOnly>(4);
        value6 = (double?)dataReader.GetDouble(5);
        return new AdoptionDetailViewModel{ 
            AdoptionId = (int)value1, 
            AnimalId = (int)value2, 
            AnimalName = value3, 
            AnimalSpecies = value4, 
            AdoptionDate = (DateOnly)value5, 
            Amount = (double)value6 
        }
        ;
    }, 
    contextType: ValcharUtulek.Database.ShelterDbContext, 
    standAloneStateManager: False, 
    detailedErrorsEnabled: False, 
    threadSafetyChecksEnabled: True)'
2025-12-09 10:39:02.988 +01:00 [DBG] Opening connection to database 'shelter' on server '127.0.0.1'.
2025-12-09 10:39:02.991 +01:00 [DBG] Opened connection to database 'shelter' on server '127.0.0.1'.
2025-12-09 10:39:02.993 +01:00 [DBG] Creating DbCommand for 'ExecuteReader'.
2025-12-09 10:39:02.994 +01:00 [DBG] Created DbCommand for 'ExecuteReader' (1ms).
2025-12-09 10:39:02.996 +01:00 [DBG] Initialized DbCommand for 'ExecuteReader' (3ms).
2025-12-09 10:39:02.997 +01:00 [DBG] Executing DbCommand [Parameters=[@__userId_0='?' (DbType = Int32)], CommandType='"Text"', CommandTimeout='30']
SELECT `a`.`AdoptionId`, `a0`.`AnimalId`, `a0`.`Name` AS `AnimalName`, `a0`.`Species` AS `AnimalSpecies`, `a`.`AdoptionDate`, `a`.`Amount`
FROM `Adoptions` AS `a`
INNER JOIN `Animals` AS `a0` ON `a`.`AnimalId` = `a0`.`AnimalId`
WHERE `a`.`UserId` = @__userId_0
2025-12-09 10:39:03.002 +01:00 [INF] Executed DbCommand (4ms) [Parameters=[@__userId_0='?' (DbType = Int32)], CommandType='"Text"', CommandTimeout='30']
SELECT `a`.`AdoptionId`, `a0`.`AnimalId`, `a0`.`Name` AS `AnimalName`, `a0`.`Species` AS `AnimalSpecies`, `a`.`AdoptionDate`, `a`.`Amount`
FROM `Adoptions` AS `a`
INNER JOIN `Animals` AS `a0` ON `a`.`AnimalId` = `a0`.`AnimalId`
WHERE `a`.`UserId` = @__userId_0
2025-12-09 10:39:03.006 +01:00 [DBG] Closing data reader to 'shelter' on server '127.0.0.1'.
2025-12-09 10:39:03.008 +01:00 [DBG] A data reader for 'shelter' on server '127.0.0.1' is being disposed after spending 3ms reading results.
2025-12-09 10:39:03.010 +01:00 [DBG] Closing connection to database 'shelter' on server '127.0.0.1'.
2025-12-09 10:39:03.012 +01:00 [DBG] Closed connection to database 'shelter' on server '127.0.0.1' (1ms).
2025-12-09 10:39:03.016 +01:00 [DBG] Compiling query expression: 
'DbSet<Gift>()
    .Where(g => g.UserId == __userId_0)
    .OrderByDescending(g => g.GiftDate)'
2025-12-09 10:39:03.025 +01:00 [DBG] Generated query execution expression: 
'queryContext => SingleQueryingEnumerable.Create<Gift>(
    relationalQueryContext: (RelationalQueryContext)queryContext, 
    relationalCommandResolver: parameters => [LIFTABLE Constant: RelationalCommandCache.QueryExpression(
        Projection Mapping:
            EmptyProjectionMember -> Dictionary<IProperty, int> { [Property: Gift.GiftId (int) Required PK AfterSave:Throw ValueGenerated.OnAdd, 0], [Property: Gift.Amount (double) Required, 1], [Property: Gift.GiftDate (DateOnly) Required, 2], [Property: Gift.UserId (int) Required, 3] }
        SELECT g.GiftId, g.Amount, g.GiftDate, g.UserId
        FROM Gifts AS g
        WHERE g.UserId == @__userId_0
        ORDER BY g.GiftDate DESC) | Resolver: c => new RelationalCommandCache(
        c.Dependencies.MemoryCache, 
        c.RelationalDependencies.QuerySqlGeneratorFactory, 
        c.RelationalDependencies.RelationalParameterBasedSqlProcessorFactory, 
        Projection Mapping:
            EmptyProjectionMember -> Dictionary<IProperty, int> { [Property: Gift.GiftId (int) Required PK AfterSave:Throw ValueGenerated.OnAdd, 0], [Property: Gift.Amount (double) Required, 1], [Property: Gift.GiftDate (DateOnly) Required, 2], [Property: Gift.UserId (int) Required, 3] }
        SELECT g.GiftId, g.Amount, g.GiftDate, g.UserId
        FROM Gifts AS g
        WHERE g.UserId == @__userId_0
        ORDER BY g.GiftDate DESC, 
        False, 
        new HashSet<string>(
            new string[]{ }, 
            StringComparer.Ordinal
        )
    )].GetRelationalCommandTemplate(parameters), 
    readerColumns: null, 
    shaper: (queryContext, dataReader, resultContext, resultCoordinator) => 
    {
        Gift entity;
        entity = 
        {
            MaterializationContext materializationContext1;
            IEntityType entityType1;
            Gift instance1;
            InternalEntityEntry entry1;
            bool hasNullKey1;
            materializationContext1 = new MaterializationContext(
                [LIFTABLE Constant: ValueBuffer | Resolver: _ => (object)ValueBuffer.Empty], 
                queryContext.Context
            );
            instance1 = default(Gift);
            entry1 = queryContext.TryGetEntry(
                key: Key: Gift.GiftId PK, 
                keyValues: new object[]{ (object)dataReader.GetInt32(0) }, 
                throwOnNullKey: True, 
                hasNullKey: hasNullKey1);
            !(hasNullKey1) ? entry1 != default(InternalEntityEntry) ? 
            {
                entityType1 = entry1.EntityType;
                return instance1 = (Gift)entry1.Entity;
            } : 
            {
                ISnapshot shadowSnapshot1;
                shadowSnapshot1 = Snapshot;
                entityType1 = EntityType: Gift;
                instance1 = switch (entityType1)
                {
                    case EntityType: Gift: 
                        {
                            return 
                            {
                                Gift instance;
                                instance = new Gift();
                                instance.<GiftId>k__BackingField = dataReader.GetInt32(0);
                                instance.<Amount>k__BackingField = dataReader.GetDouble(1);
                                instance.<GiftDate>k__BackingField = dataReader.GetFieldValue<DateOnly>(2);
                                instance.<UserId>k__BackingField = dataReader.GetInt32(3);
                                (instance is IInjectableService) ? ((IInjectableService)instance).Injected(
                                    context: materializationContext1.Context, 
                                    entity: instance, 
                                    queryTrackingBehavior: TrackAll, 
                                    structuralType: EntityType: Gift) : default(void);
                                return instance;
                            }}
                    default: 
                        default(Gift)
                }
                ;
                entry1 = entityType1 == default(IEntityType) ? default(InternalEntityEntry) : queryContext.StartTracking(
                    entityType: entityType1, 
                    entity: instance1, 
                    snapshot: shadowSnapshot1);
                return instance1;
            } : default(void);
            return instance1;
        };
        return entity;
    }, 
    contextType: ValcharUtulek.Database.ShelterDbContext, 
    standAloneStateManager: False, 
    detailedErrorsEnabled: False, 
    threadSafetyChecksEnabled: True)'
2025-12-09 10:39:03.030 +01:00 [DBG] Opening connection to database 'shelter' on server '127.0.0.1'.
2025-12-09 10:39:03.033 +01:00 [DBG] Opened connection to database 'shelter' on server '127.0.0.1'.
2025-12-09 10:39:03.035 +01:00 [DBG] Creating DbCommand for 'ExecuteReader'.
2025-12-09 10:39:03.036 +01:00 [DBG] Created DbCommand for 'ExecuteReader' (1ms).
2025-12-09 10:39:03.038 +01:00 [DBG] Initialized DbCommand for 'ExecuteReader' (3ms).
2025-12-09 10:39:03.040 +01:00 [DBG] Executing DbCommand [Parameters=[@__userId_0='?' (DbType = Int32)], CommandType='"Text"', CommandTimeout='30']
SELECT `g`.`GiftId`, `g`.`Amount`, `g`.`GiftDate`, `g`.`UserId`
FROM `Gifts` AS `g`
WHERE `g`.`UserId` = @__userId_0
ORDER BY `g`.`GiftDate` DESC
2025-12-09 10:39:03.044 +01:00 [INF] Executed DbCommand (4ms) [Parameters=[@__userId_0='?' (DbType = Int32)], CommandType='"Text"', CommandTimeout='30']
SELECT `g`.`GiftId`, `g`.`Amount`, `g`.`GiftDate`, `g`.`UserId`
FROM `Gifts` AS `g`
WHERE `g`.`UserId` = @__userId_0
ORDER BY `g`.`GiftDate` DESC
2025-12-09 10:39:03.046 +01:00 [DBG] Closing data reader to 'shelter' on server '127.0.0.1'.
2025-12-09 10:39:03.048 +01:00 [DBG] A data reader for 'shelter' on server '127.0.0.1' is being disposed after spending 1ms reading results.
2025-12-09 10:39:03.051 +01:00 [DBG] Closing connection to database 'shelter' on server '127.0.0.1'.
2025-12-09 10:39:03.052 +01:00 [DBG] Closed connection to database 'shelter' on server '127.0.0.1' (1ms).
2025-12-09 10:39:03.059 +01:00 [DBG] View lookup cache miss for view 'Index' in controller 'Users'.
2025-12-09 10:39:03.062 +01:00 [INF] Executing ViewResult, running view Index.
2025-12-09 10:39:03.063 +01:00 [DBG] The view path '/Views/Users/Index.cshtml' was found in 4.2799ms.
2025-12-09 10:39:03.087 +01:00 [DBG] Found the endpoints ["Route: {controller=Home}/{action=Index}/{id?}"] for address (action=[Index],controller=[Adoptions])
2025-12-09 10:39:03.090 +01:00 [DBG] Successfully processed template {controller=Home}/{action=Index}/{id?} for Route: {controller=Home}/{action=Index}/{id?} resulting in /Adoptions and 
2025-12-09 10:39:03.093 +01:00 [DBG] Link generation succeeded for endpoints ["Route: {controller=Home}/{action=Index}/{id?}"] with result /Adoptions
2025-12-09 10:39:03.098 +01:00 [DBG] Found the endpoints ["Route: {controller=Home}/{action=Index}/{id?}"] for address (action=[Create],controller=[Gifts])
2025-12-09 10:39:03.100 +01:00 [DBG] Successfully processed template {controller=Home}/{action=Index}/{id?} for Route: {controller=Home}/{action=Index}/{id?} resulting in /Gifts/Create and 
2025-12-09 10:39:03.102 +01:00 [DBG] Link generation succeeded for endpoints ["Route: {controller=Home}/{action=Index}/{id?}"] with result /Gifts/Create
2025-12-09 10:39:03.106 +01:00 [DBG] View lookup cache miss for view '_Layout' in controller 'Users'.
2025-12-09 10:39:03.112 +01:00 [DBG] Found the endpoints ["Route: {controller=Home}/{action=Index}/{id?}"] for address (action=[Logout],controller=[Account])
2025-12-09 10:39:03.115 +01:00 [DBG] Successfully processed template {controller=Home}/{action=Index}/{id?} for Route: {controller=Home}/{action=Index}/{id?} resulting in /Account/Logout and 
2025-12-09 10:39:03.116 +01:00 [DBG] Link generation succeeded for endpoints ["Route: {controller=Home}/{action=Index}/{id?}"] with result /Account/Logout
2025-12-09 10:39:03.119 +01:00 [DBG] An antiforgery cookie token was reused.
2025-12-09 10:39:03.122 +01:00 [DBG] Response markup is scheduled to include Browser Link script injection.
2025-12-09 10:39:03.123 +01:00 [DBG] Response markup is scheduled to include browser refresh script injection.
2025-12-09 10:39:03.133 +01:00 [INF] Executed ViewResult - view Index executed in 73.9776ms.
2025-12-09 10:39:03.138 +01:00 [INF] Executed action ValcharUtulek.Controllers.UsersController.Index (ValcharUtulek) in 560.4737ms
2025-12-09 10:39:03.141 +01:00 [INF] Executed endpoint 'ValcharUtulek.Controllers.UsersController.Index (ValcharUtulek)'
2025-12-09 10:39:03.144 +01:00 [DBG] Response markup was updated to include Browser Link script injection.
2025-12-09 10:39:03.146 +01:00 [DBG] Response markup was updated to include browser refresh script injection.
2025-12-09 10:39:03.149 +01:00 [DBG] 'ShelterDbContext' disposed.
2025-12-09 10:39:03.153 +01:00 [DBG] Disposing connection to database 'shelter' on server '127.0.0.1'.
2025-12-09 10:39:03.156 +01:00 [DBG] Disposed connection to database 'shelter' on server '127.0.0.1' (3ms).
2025-12-09 10:39:03.159 +01:00 [INF] Request finished HTTP/2 GET https://localhost:7079/Users - 200 null text/html; charset=utf-8 633.6374ms
2025-12-09 10:39:03.177 +01:00 [INF] Request starting HTTP/2 GET https://localhost:7079/Views/Users/Index.css - null null
2025-12-09 10:39:03.177 +01:00 [INF] Request starting HTTP/2 GET https://localhost:7079/_vs/browserLink - null null
2025-12-09 10:39:03.177 +01:00 [INF] Request starting HTTP/2 GET https://localhost:7079/_framework/aspnetcore-browser-refresh.js - null null
2025-12-09 10:39:03.182 +01:00 [DBG] The request path /Views/Users/Index.css does not match an existing file
2025-12-09 10:39:03.192 +01:00 [DBG] Script injected: /_framework/aspnetcore-browser-refresh.js
2025-12-09 10:39:03.195 +01:00 [DBG] No candidates found for the request path '/Views/Users/Index.css'
2025-12-09 10:39:03.195 +01:00 [INF] Request finished HTTP/2 GET https://localhost:7079/_framework/aspnetcore-browser-refresh.js - 200 16511 application/javascript; charset=utf-8 17.7902ms
2025-12-09 10:39:03.197 +01:00 [DBG] Request did not match any endpoints
2025-12-09 10:39:03.204 +01:00 [INF] Request finished HTTP/2 GET https://localhost:7079/_vs/browserLink - 200 null text/javascript; charset=UTF-8 27.6802ms
2025-12-09 10:39:03.205 +01:00 [DBG] AuthenticationScheme: Cookies was successfully authenticated.
2025-12-09 10:39:03.210 +01:00 [INF] Request finished HTTP/2 GET https://localhost:7079/Views/Users/Index.css - 404 0 null 33.6081ms
2025-12-09 10:39:03.215 +01:00 [INF] Request reached the end of the middleware pipeline without being handled by application code. Request path: GET https://localhost:7079/Views/Users/Index.css, Response status code: 404
2025-12-09 10:39:05.223 +01:00 [INF] Request starting HTTP/2 GET https://localhost:7079/Users - null null
2025-12-09 10:39:05.229 +01:00 [DBG] The request path /Users does not match a supported file type
2025-12-09 10:39:05.230 +01:00 [DBG] 1 candidate(s) found for the request path '/Users'
2025-12-09 10:39:05.232 +01:00 [DBG] Endpoint 'ValcharUtulek.Controllers.UsersController.Index (ValcharUtulek)' with route pattern '{controller=Home}/{action=Index}/{id?}' is valid for the request path '/Users'
2025-12-09 10:39:05.236 +01:00 [DBG] Request matched endpoint 'ValcharUtulek.Controllers.UsersController.Index (ValcharUtulek)'
2025-12-09 10:39:05.238 +01:00 [DBG] AuthenticationScheme: Cookies was successfully authenticated.
2025-12-09 10:39:05.246 +01:00 [DBG] Authorization was successful.
2025-12-09 10:39:05.248 +01:00 [INF] Executing endpoint 'ValcharUtulek.Controllers.UsersController.Index (ValcharUtulek)'
2025-12-09 10:39:05.250 +01:00 [INF] Route matched with {action = "Index", controller = "Users"}. Executing controller action with signature System.Threading.Tasks.Task`1[Microsoft.AspNetCore.Mvc.IActionResult] Index() on controller ValcharUtulek.Controllers.UsersController (ValcharUtulek).
2025-12-09 10:39:05.253 +01:00 [DBG] Execution plan of authorization filters (in the following order): ["None"]
2025-12-09 10:39:05.255 +01:00 [DBG] Execution plan of resource filters (in the following order): ["Microsoft.AspNetCore.Mvc.ViewFeatures.Filters.SaveTempDataFilter"]
2025-12-09 10:39:05.257 +01:00 [DBG] Execution plan of action filters (in the following order): ["Microsoft.AspNetCore.Mvc.Filters.ControllerActionFilter (Order: -2147483648)","Microsoft.AspNetCore.Mvc.ModelBinding.UnsupportedContentTypeFilter (Order: -3000)"]
2025-12-09 10:39:05.259 +01:00 [DBG] Execution plan of exception filters (in the following order): ["None"]
2025-12-09 10:39:05.262 +01:00 [DBG] Execution plan of result filters (in the following order): ["Microsoft.AspNetCore.Mvc.ViewFeatures.Filters.SaveTempDataFilter"]
2025-12-09 10:39:05.264 +01:00 [DBG] Executing controller factory for controller ValcharUtulek.Controllers.UsersController (ValcharUtulek)
2025-12-09 10:39:05.279 +01:00 [DBG] Executed controller factory for controller ValcharUtulek.Controllers.UsersController (ValcharUtulek)
2025-12-09 10:39:05.357 +01:00 [DBG] Entity Framework Core 9.0.10 initialized 'ShelterDbContext' using provider 'Pomelo.EntityFrameworkCore.MySql:9.0.0' with options: ParameterizedCollectionTranslationMode=Constantize ServerVersion=8.0.44-mysql 
2025-12-09 10:39:05.365 +01:00 [DBG] Creating DbConnection.
2025-12-09 10:39:05.367 +01:00 [DBG] Created DbConnection. (2ms).
2025-12-09 10:39:05.369 +01:00 [DBG] Opening connection to database 'shelter' on server '127.0.0.1'.
2025-12-09 10:39:05.371 +01:00 [DBG] Opened connection to database 'shelter' on server '127.0.0.1'.
2025-12-09 10:39:05.373 +01:00 [DBG] Creating DbCommand for 'ExecuteReader'.
2025-12-09 10:39:05.374 +01:00 [DBG] Created DbCommand for 'ExecuteReader' (1ms).
2025-12-09 10:39:05.376 +01:00 [DBG] Initialized DbCommand for 'ExecuteReader' (3ms).
2025-12-09 10:39:05.378 +01:00 [DBG] Executing DbCommand [Parameters=[@__p_0='?' (DbType = Int32)], CommandType='"Text"', CommandTimeout='30']
SELECT `u`.`UserId`, `u`.`Email`, `u`.`Name`, `u`.`password_hash`, `u`.`RegistrationDate`, `u`.`Role`
FROM `Users` AS `u`
WHERE `u`.`UserId` = @__p_0
LIMIT 1
2025-12-09 10:39:05.382 +01:00 [INF] Executed DbCommand (4ms) [Parameters=[@__p_0='?' (DbType = Int32)], CommandType='"Text"', CommandTimeout='30']
SELECT `u`.`UserId`, `u`.`Email`, `u`.`Name`, `u`.`password_hash`, `u`.`RegistrationDate`, `u`.`Role`
FROM `Users` AS `u`
WHERE `u`.`UserId` = @__p_0
LIMIT 1
2025-12-09 10:39:05.385 +01:00 [DBG] Context 'ShelterDbContext' started tracking 'User' entity. Consider using 'DbContextOptionsBuilder.EnableSensitiveDataLogging' to see key values.
2025-12-09 10:39:05.387 +01:00 [DBG] Closing data reader to 'shelter' on server '127.0.0.1'.
2025-12-09 10:39:05.389 +01:00 [DBG] A data reader for 'shelter' on server '127.0.0.1' is being disposed after spending 4ms reading results.
2025-12-09 10:39:05.391 +01:00 [DBG] Closing connection to database 'shelter' on server '127.0.0.1'.
2025-12-09 10:39:05.393 +01:00 [DBG] Closed connection to database 'shelter' on server '127.0.0.1' (1ms).
2025-12-09 10:39:05.398 +01:00 [DBG] Opening connection to database 'shelter' on server '127.0.0.1'.
2025-12-09 10:39:05.402 +01:00 [DBG] Opened connection to database 'shelter' on server '127.0.0.1'.
2025-12-09 10:39:05.404 +01:00 [DBG] Creating DbCommand for 'ExecuteReader'.
2025-12-09 10:39:05.405 +01:00 [DBG] Created DbCommand for 'ExecuteReader' (1ms).
2025-12-09 10:39:05.407 +01:00 [DBG] Initialized DbCommand for 'ExecuteReader' (3ms).
2025-12-09 10:39:05.409 +01:00 [DBG] Executing DbCommand [Parameters=[@__userId_0='?' (DbType = Int32)], CommandType='"Text"', CommandTimeout='30']
SELECT `a`.`AdoptionId`, `a0`.`AnimalId`, `a0`.`Name` AS `AnimalName`, `a0`.`Species` AS `AnimalSpecies`, `a`.`AdoptionDate`, `a`.`Amount`
FROM `Adoptions` AS `a`
INNER JOIN `Animals` AS `a0` ON `a`.`AnimalId` = `a0`.`AnimalId`
WHERE `a`.`UserId` = @__userId_0
2025-12-09 10:39:05.412 +01:00 [INF] Executed DbCommand (4ms) [Parameters=[@__userId_0='?' (DbType = Int32)], CommandType='"Text"', CommandTimeout='30']
SELECT `a`.`AdoptionId`, `a0`.`AnimalId`, `a0`.`Name` AS `AnimalName`, `a0`.`Species` AS `AnimalSpecies`, `a`.`AdoptionDate`, `a`.`Amount`
FROM `Adoptions` AS `a`
INNER JOIN `Animals` AS `a0` ON `a`.`AnimalId` = `a0`.`AnimalId`
WHERE `a`.`UserId` = @__userId_0
2025-12-09 10:39:05.415 +01:00 [DBG] Closing data reader to 'shelter' on server '127.0.0.1'.
2025-12-09 10:39:05.417 +01:00 [DBG] A data reader for 'shelter' on server '127.0.0.1' is being disposed after spending 2ms reading results.
2025-12-09 10:39:05.419 +01:00 [DBG] Closing connection to database 'shelter' on server '127.0.0.1'.
2025-12-09 10:39:05.421 +01:00 [DBG] Closed connection to database 'shelter' on server '127.0.0.1' (1ms).
2025-12-09 10:39:05.424 +01:00 [DBG] Opening connection to database 'shelter' on server '127.0.0.1'.
2025-12-09 10:39:05.426 +01:00 [DBG] Opened connection to database 'shelter' on server '127.0.0.1'.
2025-12-09 10:39:05.428 +01:00 [DBG] Creating DbCommand for 'ExecuteReader'.
2025-12-09 10:39:05.430 +01:00 [DBG] Created DbCommand for 'ExecuteReader' (1ms).
2025-12-09 10:39:05.432 +01:00 [DBG] Initialized DbCommand for 'ExecuteReader' (3ms).
2025-12-09 10:39:05.434 +01:00 [DBG] Executing DbCommand [Parameters=[@__userId_0='?' (DbType = Int32)], CommandType='"Text"', CommandTimeout='30']
SELECT `g`.`GiftId`, `g`.`Amount`, `g`.`GiftDate`, `g`.`UserId`
FROM `Gifts` AS `g`
WHERE `g`.`UserId` = @__userId_0
ORDER BY `g`.`GiftDate` DESC
2025-12-09 10:39:05.438 +01:00 [INF] Executed DbCommand (4ms) [Parameters=[@__userId_0='?' (DbType = Int32)], CommandType='"Text"', CommandTimeout='30']
SELECT `g`.`GiftId`, `g`.`Amount`, `g`.`GiftDate`, `g`.`UserId`
FROM `Gifts` AS `g`
WHERE `g`.`UserId` = @__userId_0
ORDER BY `g`.`GiftDate` DESC
2025-12-09 10:39:05.441 +01:00 [DBG] Closing data reader to 'shelter' on server '127.0.0.1'.
2025-12-09 10:39:05.443 +01:00 [DBG] A data reader for 'shelter' on server '127.0.0.1' is being disposed after spending 1ms reading results.
2025-12-09 10:39:05.445 +01:00 [DBG] Closing connection to database 'shelter' on server '127.0.0.1'.
2025-12-09 10:39:05.447 +01:00 [DBG] Closed connection to database 'shelter' on server '127.0.0.1' (2ms).
2025-12-09 10:39:05.450 +01:00 [DBG] View lookup cache hit for view 'Index' in controller 'Users'.
2025-12-09 10:39:05.452 +01:00 [INF] Executing ViewResult, running view Index.
2025-12-09 10:39:05.454 +01:00 [DBG] The view path '/Views/Users/Index.cshtml' was found in 3.9019ms.
2025-12-09 10:39:05.456 +01:00 [DBG] Found the endpoints ["Route: {controller=Home}/{action=Index}/{id?}"] for address (action=[Index],controller=[Adoptions])
2025-12-09 10:39:05.458 +01:00 [DBG] Successfully processed template {controller=Home}/{action=Index}/{id?} for Route: {controller=Home}/{action=Index}/{id?} resulting in /Adoptions and 
2025-12-09 10:39:05.460 +01:00 [DBG] Link generation succeeded for endpoints ["Route: {controller=Home}/{action=Index}/{id?}"] with result /Adoptions
2025-12-09 10:39:05.463 +01:00 [DBG] Found the endpoints ["Route: {controller=Home}/{action=Index}/{id?}"] for address (action=[Create],controller=[Gifts])
2025-12-09 10:39:05.466 +01:00 [DBG] Successfully processed template {controller=Home}/{action=Index}/{id?} for Route: {controller=Home}/{action=Index}/{id?} resulting in /Gifts/Create and 
2025-12-09 10:39:05.468 +01:00 [DBG] Link generation succeeded for endpoints ["Route: {controller=Home}/{action=Index}/{id?}"] with result /Gifts/Create
2025-12-09 10:39:05.470 +01:00 [DBG] View lookup cache hit for view '_Layout' in controller 'Users'.
2025-12-09 10:39:05.473 +01:00 [DBG] Found the endpoints ["Route: {controller=Home}/{action=Index}/{id?}"] for address (action=[Logout],controller=[Account])
2025-12-09 10:39:05.474 +01:00 [DBG] Successfully processed template {controller=Home}/{action=Index}/{id?} for Route: {controller=Home}/{action=Index}/{id?} resulting in /Account/Logout and 
2025-12-09 10:39:05.477 +01:00 [DBG] Link generation succeeded for endpoints ["Route: {controller=Home}/{action=Index}/{id?}"] with result /Account/Logout
2025-12-09 10:39:05.480 +01:00 [DBG] An antiforgery cookie token was reused.
2025-12-09 10:39:05.481 +01:00 [DBG] Response markup is scheduled to include Browser Link script injection.
2025-12-09 10:39:05.482 +01:00 [DBG] Response markup is scheduled to include browser refresh script injection.
2025-12-09 10:39:05.484 +01:00 [INF] Executed ViewResult - view Index executed in 33.9163ms.
2025-12-09 10:39:05.486 +01:00 [INF] Executed action ValcharUtulek.Controllers.UsersController.Index (ValcharUtulek) in 221.837ms
2025-12-09 10:39:05.488 +01:00 [INF] Executed endpoint 'ValcharUtulek.Controllers.UsersController.Index (ValcharUtulek)'
2025-12-09 10:39:05.489 +01:00 [DBG] Response markup was updated to include Browser Link script injection.
2025-12-09 10:39:05.490 +01:00 [DBG] Response markup was updated to include browser refresh script injection.
2025-12-09 10:39:05.495 +01:00 [DBG] 'ShelterDbContext' disposed.
2025-12-09 10:39:05.496 +01:00 [DBG] Disposing connection to database 'shelter' on server '127.0.0.1'.
2025-12-09 10:39:05.498 +01:00 [DBG] Disposed connection to database 'shelter' on server '127.0.0.1' (1ms).
2025-12-09 10:39:05.502 +01:00 [INF] Request finished HTTP/2 GET https://localhost:7079/Users - 200 null text/html; charset=utf-8 278.8627ms
2025-12-09 10:39:05.539 +01:00 [INF] Request starting HTTP/2 GET https://localhost:7079/Views/Users/Index.css - null null
2025-12-09 10:39:05.539 +01:00 [INF] Request starting HTTP/2 GET https://localhost:7079/_vs/browserLink - null null
2025-12-09 10:39:05.539 +01:00 [INF] Request starting HTTP/2 GET https://localhost:7079/_framework/aspnetcore-browser-refresh.js - null null
2025-12-09 10:39:05.543 +01:00 [DBG] The request path /Views/Users/Index.css does not match an existing file
2025-12-09 10:39:05.556 +01:00 [DBG] Script injected: /_framework/aspnetcore-browser-refresh.js
2025-12-09 10:39:05.557 +01:00 [DBG] No candidates found for the request path '/Views/Users/Index.css'
2025-12-09 10:39:05.558 +01:00 [INF] Request finished HTTP/2 GET https://localhost:7079/_framework/aspnetcore-browser-refresh.js - 200 16511 application/javascript; charset=utf-8 18.6991ms
2025-12-09 10:39:05.560 +01:00 [DBG] Request did not match any endpoints
2025-12-09 10:39:05.560 +01:00 [INF] Request finished HTTP/2 GET https://localhost:7079/_vs/browserLink - 200 null text/javascript; charset=UTF-8 20.992ms
2025-12-09 10:39:05.566 +01:00 [DBG] AuthenticationScheme: Cookies was successfully authenticated.
2025-12-09 10:39:05.572 +01:00 [INF] Request finished HTTP/2 GET https://localhost:7079/Views/Users/Index.css - 404 0 null 32.6651ms
2025-12-09 10:39:05.577 +01:00 [INF] Request reached the end of the middleware pipeline without being handled by application code. Request path: GET https://localhost:7079/Views/Users/Index.css, Response status code: 404
2025-12-09 10:39:05.609 +01:00 [INF] Request starting HTTP/2 GET https://localhost:7079/favicon.ico - null null
2025-12-09 10:39:05.633 +01:00 [INF] Sending file. Request path: '/favicon.ico'. Physical path: 'C:\Users\David\source\repos\ValcharUtulek\ValcharUtulek\wwwroot\favicon.ico'
2025-12-09 10:39:05.635 +01:00 [INF] Request finished HTTP/2 GET https://localhost:7079/favicon.ico - 200 5430 image/x-icon 26.2684ms
2025-12-09 10:40:24.973 +01:00 [INF] Request starting HTTP/2 GET https://localhost:7079/Adoptions - null null
2025-12-09 10:40:24.989 +01:00 [DBG] The request path /Adoptions does not match a supported file type
2025-12-09 10:40:24.991 +01:00 [DBG] 1 candidate(s) found for the request path '/Adoptions'
2025-12-09 10:40:24.992 +01:00 [DBG] Endpoint 'ValcharUtulek.Controllers.AdoptionsController.Index (ValcharUtulek)' with route pattern '{controller=Home}/{action=Index}/{id?}' is valid for the request path '/Adoptions'
2025-12-09 10:40:24.994 +01:00 [DBG] Request matched endpoint 'ValcharUtulek.Controllers.AdoptionsController.Index (ValcharUtulek)'
2025-12-09 10:40:24.996 +01:00 [DBG] AuthenticationScheme: Cookies was successfully authenticated.
2025-12-09 10:40:24.997 +01:00 [INF] Executing endpoint 'ValcharUtulek.Controllers.AdoptionsController.Index (ValcharUtulek)'
2025-12-09 10:40:25.004 +01:00 [INF] Route matched with {action = "Index", controller = "Adoptions"}. Executing controller action with signature System.Threading.Tasks.Task`1[Microsoft.AspNetCore.Mvc.IActionResult] Index() on controller ValcharUtulek.Controllers.AdoptionsController (ValcharUtulek).
2025-12-09 10:40:25.007 +01:00 [DBG] Execution plan of authorization filters (in the following order): ["None"]
2025-12-09 10:40:25.010 +01:00 [DBG] Execution plan of resource filters (in the following order): ["Microsoft.AspNetCore.Mvc.ViewFeatures.Filters.SaveTempDataFilter"]
2025-12-09 10:40:25.012 +01:00 [DBG] Execution plan of action filters (in the following order): ["Microsoft.AspNetCore.Mvc.Filters.ControllerActionFilter (Order: -2147483648)","Microsoft.AspNetCore.Mvc.ModelBinding.UnsupportedContentTypeFilter (Order: -3000)"]
2025-12-09 10:40:25.014 +01:00 [DBG] Execution plan of exception filters (in the following order): ["None"]
2025-12-09 10:40:25.017 +01:00 [DBG] Execution plan of result filters (in the following order): ["Microsoft.AspNetCore.Mvc.ViewFeatures.Filters.SaveTempDataFilter"]
2025-12-09 10:40:25.019 +01:00 [DBG] Executing controller factory for controller ValcharUtulek.Controllers.AdoptionsController (ValcharUtulek)
2025-12-09 10:40:25.030 +01:00 [DBG] Executed controller factory for controller ValcharUtulek.Controllers.AdoptionsController (ValcharUtulek)
2025-12-09 10:40:25.034 +01:00 [DBG] Entity Framework Core 9.0.10 initialized 'ShelterDbContext' using provider 'Pomelo.EntityFrameworkCore.MySql:9.0.0' with options: ParameterizedCollectionTranslationMode=Constantize ServerVersion=8.0.44-mysql 
2025-12-09 10:40:25.037 +01:00 [DBG] Compiling query expression: 
'DbSet<Adoption>()'
2025-12-09 10:40:25.046 +01:00 [DBG] Generated query execution expression: 
'queryContext => SingleQueryingEnumerable.Create<Adoption>(
    relationalQueryContext: (RelationalQueryContext)queryContext, 
    relationalCommandResolver: parameters => [LIFTABLE Constant: RelationalCommandCache.QueryExpression(
        Projection Mapping:
            EmptyProjectionMember -> Dictionary<IProperty, int> { [Property: Adoption.AdoptionId (int) Required PK AfterSave:Throw ValueGenerated.OnAdd, 0], [Property: Adoption.AdoptionDate (DateOnly) Required, 1], [Property: Adoption.Amount (double) Required, 2], [Property: Adoption.AnimalId (int) Required, 3], [Property: Adoption.UserId (int) Required, 4] }
        SELECT a.AdoptionId, a.AdoptionDate, a.Amount, a.AnimalId, a.UserId
        FROM Adoptions AS a) | Resolver: c => new RelationalCommandCache(
        c.Dependencies.MemoryCache, 
        c.RelationalDependencies.QuerySqlGeneratorFactory, 
        c.RelationalDependencies.RelationalParameterBasedSqlProcessorFactory, 
        Projection Mapping:
            EmptyProjectionMember -> Dictionary<IProperty, int> { [Property: Adoption.AdoptionId (int) Required PK AfterSave:Throw ValueGenerated.OnAdd, 0], [Property: Adoption.AdoptionDate (DateOnly) Required, 1], [Property: Adoption.Amount (double) Required, 2], [Property: Adoption.AnimalId (int) Required, 3], [Property: Adoption.UserId (int) Required, 4] }
        SELECT a.AdoptionId, a.AdoptionDate, a.Amount, a.AnimalId, a.UserId
        FROM Adoptions AS a, 
        False, 
        new HashSet<string>(
            new string[]{ }, 
            StringComparer.Ordinal
        )
    )].GetRelationalCommandTemplate(parameters), 
    readerColumns: null, 
    shaper: (queryContext, dataReader, resultContext, resultCoordinator) => 
    {
        Adoption entity;
        entity = 
        {
            MaterializationContext materializationContext1;
            IEntityType entityType1;
            Adoption instance1;
            InternalEntityEntry entry1;
            bool hasNullKey1;
            materializationContext1 = new MaterializationContext(
                [LIFTABLE Constant: ValueBuffer | Resolver: _ => (object)ValueBuffer.Empty], 
                queryContext.Context
            );
            instance1 = default(Adoption);
            entry1 = queryContext.TryGetEntry(
                key: Key: Adoption.AdoptionId PK, 
                keyValues: new object[]{ (object)dataReader.GetInt32(0) }, 
                throwOnNullKey: True, 
                hasNullKey: hasNullKey1);
            !(hasNullKey1) ? entry1 != default(InternalEntityEntry) ? 
            {
                entityType1 = entry1.EntityType;
                return instance1 = (Adoption)entry1.Entity;
            } : 
            {
                ISnapshot shadowSnapshot1;
                shadowSnapshot1 = Snapshot;
                entityType1 = EntityType: Adoption;
                instance1 = switch (entityType1)
                {
                    case EntityType: Adoption: 
                        {
                            return 
                            {
                                Adoption instance;
                                instance = new Adoption();
                                instance.<AdoptionId>k__BackingField = dataReader.GetInt32(0);
                                instance.<AdoptionDate>k__BackingField = dataReader.GetFieldValue<DateOnly>(1);
                                instance.<Amount>k__BackingField = dataReader.GetDouble(2);
                                instance.<AnimalId>k__BackingField = dataReader.GetInt32(3);
                                instance.<UserId>k__BackingField = dataReader.GetInt32(4);
                                (instance is IInjectableService) ? ((IInjectableService)instance).Injected(
                                    context: materializationContext1.Context, 
                                    entity: instance, 
                                    queryTrackingBehavior: TrackAll, 
                                    structuralType: EntityType: Adoption) : default(void);
                                return instance;
                            }}
                    default: 
                        default(Adoption)
                }
                ;
                entry1 = entityType1 == default(IEntityType) ? default(InternalEntityEntry) : queryContext.StartTracking(
                    entityType: entityType1, 
                    entity: instance1, 
                    snapshot: shadowSnapshot1);
                return instance1;
            } : default(void);
            return instance1;
        };
        return entity;
    }, 
    contextType: ValcharUtulek.Database.ShelterDbContext, 
    standAloneStateManager: False, 
    detailedErrorsEnabled: False, 
    threadSafetyChecksEnabled: True)'
2025-12-09 10:40:25.051 +01:00 [DBG] Creating DbConnection.
2025-12-09 10:40:25.052 +01:00 [DBG] Created DbConnection. (1ms).
2025-12-09 10:40:25.054 +01:00 [DBG] Opening connection to database 'shelter' on server '127.0.0.1'.
2025-12-09 10:40:25.056 +01:00 [DBG] Opened connection to database 'shelter' on server '127.0.0.1'.
2025-12-09 10:40:25.058 +01:00 [DBG] Creating DbCommand for 'ExecuteReader'.
2025-12-09 10:40:25.059 +01:00 [DBG] Created DbCommand for 'ExecuteReader' (1ms).
2025-12-09 10:40:25.061 +01:00 [DBG] Initialized DbCommand for 'ExecuteReader' (3ms).
2025-12-09 10:40:25.062 +01:00 [DBG] Executing DbCommand [Parameters=[], CommandType='"Text"', CommandTimeout='30']
SELECT `a`.`AdoptionId`, `a`.`AdoptionDate`, `a`.`Amount`, `a`.`AnimalId`, `a`.`UserId`
FROM `Adoptions` AS `a`
2025-12-09 10:40:25.065 +01:00 [INF] Executed DbCommand (3ms) [Parameters=[], CommandType='"Text"', CommandTimeout='30']
SELECT `a`.`AdoptionId`, `a`.`AdoptionDate`, `a`.`Amount`, `a`.`AnimalId`, `a`.`UserId`
FROM `Adoptions` AS `a`
2025-12-09 10:40:25.071 +01:00 [DBG] Context 'ShelterDbContext' started tracking 'Adoption' entity. Consider using 'DbContextOptionsBuilder.EnableSensitiveDataLogging' to see key values.
2025-12-09 10:40:25.082 +01:00 [DBG] Closing data reader to 'shelter' on server '127.0.0.1'.
2025-12-09 10:40:25.084 +01:00 [DBG] A data reader for 'shelter' on server '127.0.0.1' is being disposed after spending 16ms reading results.
2025-12-09 10:40:25.086 +01:00 [DBG] Closing connection to database 'shelter' on server '127.0.0.1'.
2025-12-09 10:40:25.088 +01:00 [DBG] Closed connection to database 'shelter' on server '127.0.0.1' (1ms).
2025-12-09 10:40:25.091 +01:00 [DBG] View lookup cache miss for view 'Index' in controller 'Adoptions'.
2025-12-09 10:40:25.094 +01:00 [INF] Executing ViewResult, running view Index.
2025-12-09 10:40:25.095 +01:00 [DBG] The view path '/Views/Adoptions/Index.cshtml' was found in 3.7919ms.
2025-12-09 10:40:25.119 +01:00 [DBG] View lookup cache miss for view 'DisplayTemplates/Int32' in controller 'Adoptions'.
2025-12-09 10:40:25.121 +01:00 [DBG] View lookup cache miss for view 'DisplayTemplates/String' in controller 'Adoptions'.
2025-12-09 10:40:25.124 +01:00 [DBG] View lookup cache hit for view 'DisplayTemplates/Int32' in controller 'Adoptions'.
2025-12-09 10:40:25.126 +01:00 [DBG] View lookup cache hit for view 'DisplayTemplates/String' in controller 'Adoptions'.
2025-12-09 10:40:25.129 +01:00 [DBG] View lookup cache miss for view 'DisplayTemplates/DateOnly' in controller 'Adoptions'.
2025-12-09 10:40:25.131 +01:00 [DBG] View lookup cache hit for view 'DisplayTemplates/String' in controller 'Adoptions'.
2025-12-09 10:40:25.135 +01:00 [DBG] View lookup cache miss for view 'DisplayTemplates/Double' in controller 'Adoptions'.
2025-12-09 10:40:25.137 +01:00 [DBG] View lookup cache hit for view 'DisplayTemplates/String' in controller 'Adoptions'.
2025-12-09 10:40:25.140 +01:00 [DBG] Found the endpoints ["Route: {controller=Home}/{action=Index}/{id?}"] for address (id=[1],action=[Edit],controller=[Adoptions])
2025-12-09 10:40:25.142 +01:00 [DBG] Successfully processed template {controller=Home}/{action=Index}/{id?} for Route: {controller=Home}/{action=Index}/{id?} resulting in /Adoptions/Edit/1 and 
2025-12-09 10:40:25.144 +01:00 [DBG] Link generation succeeded for endpoints ["Route: {controller=Home}/{action=Index}/{id?}"] with result /Adoptions/Edit/1
2025-12-09 10:40:25.146 +01:00 [DBG] Found the endpoints ["Route: {controller=Home}/{action=Index}/{id?}"] for address (id=[1],action=[Details],controller=[Adoptions])
2025-12-09 10:40:25.148 +01:00 [DBG] Successfully processed template {controller=Home}/{action=Index}/{id?} for Route: {controller=Home}/{action=Index}/{id?} resulting in /Adoptions/Details/1 and 
2025-12-09 10:40:25.150 +01:00 [DBG] Link generation succeeded for endpoints ["Route: {controller=Home}/{action=Index}/{id?}"] with result /Adoptions/Details/1
2025-12-09 10:40:25.153 +01:00 [DBG] Found the endpoints ["Route: {controller=Home}/{action=Index}/{id?}"] for address (id=[1],action=[Delete],controller=[Adoptions])
2025-12-09 10:40:25.155 +01:00 [DBG] Successfully processed template {controller=Home}/{action=Index}/{id?} for Route: {controller=Home}/{action=Index}/{id?} resulting in /Adoptions/Delete/1 and 
2025-12-09 10:40:25.157 +01:00 [DBG] Link generation succeeded for endpoints ["Route: {controller=Home}/{action=Index}/{id?}"] with result /Adoptions/Delete/1
2025-12-09 10:40:25.159 +01:00 [DBG] View lookup cache miss for view '_Layout' in controller 'Adoptions'.
2025-12-09 10:40:25.162 +01:00 [DBG] Found the endpoints ["Route: {controller=Home}/{action=Index}/{id?}"] for address (action=[Logout],controller=[Account])
2025-12-09 10:40:25.164 +01:00 [DBG] Successfully processed template {controller=Home}/{action=Index}/{id?} for Route: {controller=Home}/{action=Index}/{id?} resulting in /Account/Logout and 
2025-12-09 10:40:25.166 +01:00 [DBG] Link generation succeeded for endpoints ["Route: {controller=Home}/{action=Index}/{id?}"] with result /Account/Logout
2025-12-09 10:40:25.168 +01:00 [DBG] An antiforgery cookie token was reused.
2025-12-09 10:40:25.170 +01:00 [DBG] Response markup is scheduled to include Browser Link script injection.
2025-12-09 10:40:25.171 +01:00 [DBG] Response markup is scheduled to include browser refresh script injection.
2025-12-09 10:40:25.172 +01:00 [INF] Executed ViewResult - view Index executed in 81.0285ms.
2025-12-09 10:40:25.182 +01:00 [INF] Executed action ValcharUtulek.Controllers.AdoptionsController.Index (ValcharUtulek) in 163.6865ms
2025-12-09 10:40:25.184 +01:00 [INF] Executed endpoint 'ValcharUtulek.Controllers.AdoptionsController.Index (ValcharUtulek)'
2025-12-09 10:40:25.185 +01:00 [DBG] Response markup was updated to include Browser Link script injection.
2025-12-09 10:40:25.186 +01:00 [DBG] Response markup was updated to include browser refresh script injection.
2025-12-09 10:40:25.187 +01:00 [DBG] 'ShelterDbContext' disposed.
2025-12-09 10:40:25.189 +01:00 [DBG] Disposing connection to database 'shelter' on server '127.0.0.1'.
2025-12-09 10:40:25.190 +01:00 [DBG] Disposed connection to database 'shelter' on server '127.0.0.1' (1ms).
2025-12-09 10:40:25.192 +01:00 [INF] Request finished HTTP/2 GET https://localhost:7079/Adoptions - 200 null text/html; charset=utf-8 219.0686ms
2025-12-09 10:40:25.218 +01:00 [INF] Request starting HTTP/2 GET https://localhost:7079/css/site.css?v=iabBAHNTKZtOxwGRwVpXWEEYgdUCwG-6BI3d3a4Xz8g - null null
2025-12-09 10:40:25.220 +01:00 [INF] Request starting HTTP/2 GET https://localhost:7079/_vs/browserLink - null null
2025-12-09 10:40:25.219 +01:00 [INF] Request starting HTTP/2 GET https://localhost:7079/images/adolf.png - null null
2025-12-09 10:40:25.219 +01:00 [INF] Request starting HTTP/2 GET https://localhost:7079/_framework/aspnetcore-browser-refresh.js - null null
2025-12-09 10:40:25.230 +01:00 [INF] The file /css/site.css was not modified
2025-12-09 10:40:25.252 +01:00 [INF] Request finished HTTP/2 GET https://localhost:7079/_vs/browserLink - 200 null text/javascript; charset=UTF-8 31.633ms
2025-12-09 10:40:25.253 +01:00 [DBG] Script injected: /_framework/aspnetcore-browser-refresh.js
2025-12-09 10:40:25.254 +01:00 [DBG] Handled. Status code: 304 File: /css/site.css
2025-12-09 10:40:25.260 +01:00 [INF] Request finished HTTP/2 GET https://localhost:7079/_framework/aspnetcore-browser-refresh.js - 200 16511 application/javascript; charset=utf-8 40.858ms
2025-12-09 10:40:25.261 +01:00 [INF] Request finished HTTP/2 GET https://localhost:7079/css/site.css?v=iabBAHNTKZtOxwGRwVpXWEEYgdUCwG-6BI3d3a4Xz8g - 304 null text/css 43.0423ms
2025-12-09 10:40:25.302 +01:00 [INF] Sending file. Request path: '/images/adolf.png'. Physical path: 'C:\Users\David\source\repos\ValcharUtulek\ValcharUtulek\wwwroot\images\adolf.png'
2025-12-09 10:40:25.304 +01:00 [INF] Request finished HTTP/2 GET https://localhost:7079/images/adolf.png - 200 1999749 image/png 85.5413ms
2025-12-09 10:40:28.323 +01:00 [INF] Request starting HTTP/2 GET https://localhost:7079/Users - null null
2025-12-09 10:40:28.332 +01:00 [DBG] The request path /Users does not match a supported file type
2025-12-09 10:40:28.334 +01:00 [DBG] 1 candidate(s) found for the request path '/Users'
2025-12-09 10:40:28.335 +01:00 [DBG] Endpoint 'ValcharUtulek.Controllers.UsersController.Index (ValcharUtulek)' with route pattern '{controller=Home}/{action=Index}/{id?}' is valid for the request path '/Users'
2025-12-09 10:40:28.337 +01:00 [DBG] Request matched endpoint 'ValcharUtulek.Controllers.UsersController.Index (ValcharUtulek)'
2025-12-09 10:40:28.339 +01:00 [DBG] AuthenticationScheme: Cookies was successfully authenticated.
2025-12-09 10:40:28.342 +01:00 [DBG] Authorization was successful.
2025-12-09 10:40:28.343 +01:00 [INF] Executing endpoint 'ValcharUtulek.Controllers.UsersController.Index (ValcharUtulek)'
2025-12-09 10:40:28.345 +01:00 [INF] Route matched with {action = "Index", controller = "Users"}. Executing controller action with signature System.Threading.Tasks.Task`1[Microsoft.AspNetCore.Mvc.IActionResult] Index() on controller ValcharUtulek.Controllers.UsersController (ValcharUtulek).
2025-12-09 10:40:28.348 +01:00 [DBG] Execution plan of authorization filters (in the following order): ["None"]
2025-12-09 10:40:28.350 +01:00 [DBG] Execution plan of resource filters (in the following order): ["Microsoft.AspNetCore.Mvc.ViewFeatures.Filters.SaveTempDataFilter"]
2025-12-09 10:40:28.351 +01:00 [DBG] Execution plan of action filters (in the following order): ["Microsoft.AspNetCore.Mvc.Filters.ControllerActionFilter (Order: -2147483648)","Microsoft.AspNetCore.Mvc.ModelBinding.UnsupportedContentTypeFilter (Order: -3000)"]
2025-12-09 10:40:28.354 +01:00 [DBG] Execution plan of exception filters (in the following order): ["None"]
2025-12-09 10:40:28.355 +01:00 [DBG] Execution plan of result filters (in the following order): ["Microsoft.AspNetCore.Mvc.ViewFeatures.Filters.SaveTempDataFilter"]
2025-12-09 10:40:28.357 +01:00 [DBG] Executing controller factory for controller ValcharUtulek.Controllers.UsersController (ValcharUtulek)
2025-12-09 10:40:28.369 +01:00 [DBG] Executed controller factory for controller ValcharUtulek.Controllers.UsersController (ValcharUtulek)
2025-12-09 10:40:28.372 +01:00 [DBG] Entity Framework Core 9.0.10 initialized 'ShelterDbContext' using provider 'Pomelo.EntityFrameworkCore.MySql:9.0.0' with options: ParameterizedCollectionTranslationMode=Constantize ServerVersion=8.0.44-mysql 
2025-12-09 10:40:28.376 +01:00 [DBG] Creating DbConnection.
2025-12-09 10:40:28.377 +01:00 [DBG] Created DbConnection. (1ms).
2025-12-09 10:40:28.378 +01:00 [DBG] Opening connection to database 'shelter' on server '127.0.0.1'.
2025-12-09 10:40:28.381 +01:00 [DBG] Opened connection to database 'shelter' on server '127.0.0.1'.
2025-12-09 10:40:28.383 +01:00 [DBG] Creating DbCommand for 'ExecuteReader'.
2025-12-09 10:40:28.384 +01:00 [DBG] Created DbCommand for 'ExecuteReader' (1ms).
2025-12-09 10:40:28.386 +01:00 [DBG] Initialized DbCommand for 'ExecuteReader' (3ms).
2025-12-09 10:40:28.388 +01:00 [DBG] Executing DbCommand [Parameters=[@__p_0='?' (DbType = Int32)], CommandType='"Text"', CommandTimeout='30']
SELECT `u`.`UserId`, `u`.`Email`, `u`.`Name`, `u`.`password_hash`, `u`.`RegistrationDate`, `u`.`Role`
FROM `Users` AS `u`
WHERE `u`.`UserId` = @__p_0
LIMIT 1
2025-12-09 10:40:28.392 +01:00 [INF] Executed DbCommand (4ms) [Parameters=[@__p_0='?' (DbType = Int32)], CommandType='"Text"', CommandTimeout='30']
SELECT `u`.`UserId`, `u`.`Email`, `u`.`Name`, `u`.`password_hash`, `u`.`RegistrationDate`, `u`.`Role`
FROM `Users` AS `u`
WHERE `u`.`UserId` = @__p_0
LIMIT 1
2025-12-09 10:40:28.395 +01:00 [DBG] Context 'ShelterDbContext' started tracking 'User' entity. Consider using 'DbContextOptionsBuilder.EnableSensitiveDataLogging' to see key values.
2025-12-09 10:40:28.397 +01:00 [DBG] Closing data reader to 'shelter' on server '127.0.0.1'.
2025-12-09 10:40:28.398 +01:00 [DBG] A data reader for 'shelter' on server '127.0.0.1' is being disposed after spending 3ms reading results.
2025-12-09 10:40:28.400 +01:00 [DBG] Closing connection to database 'shelter' on server '127.0.0.1'.
2025-12-09 10:40:28.402 +01:00 [DBG] Closed connection to database 'shelter' on server '127.0.0.1' (1ms).
2025-12-09 10:40:28.405 +01:00 [DBG] Opening connection to database 'shelter' on server '127.0.0.1'.
2025-12-09 10:40:28.407 +01:00 [DBG] Opened connection to database 'shelter' on server '127.0.0.1'.
2025-12-09 10:40:28.409 +01:00 [DBG] Creating DbCommand for 'ExecuteReader'.
2025-12-09 10:40:28.410 +01:00 [DBG] Created DbCommand for 'ExecuteReader' (1ms).
2025-12-09 10:40:28.412 +01:00 [DBG] Initialized DbCommand for 'ExecuteReader' (2ms).
2025-12-09 10:40:28.414 +01:00 [DBG] Executing DbCommand [Parameters=[@__userId_0='?' (DbType = Int32)], CommandType='"Text"', CommandTimeout='30']
SELECT `a`.`AdoptionId`, `a0`.`AnimalId`, `a0`.`Name` AS `AnimalName`, `a0`.`Species` AS `AnimalSpecies`, `a`.`AdoptionDate`, `a`.`Amount`
FROM `Adoptions` AS `a`
INNER JOIN `Animals` AS `a0` ON `a`.`AnimalId` = `a0`.`AnimalId`
WHERE `a`.`UserId` = @__userId_0
2025-12-09 10:40:28.417 +01:00 [INF] Executed DbCommand (3ms) [Parameters=[@__userId_0='?' (DbType = Int32)], CommandType='"Text"', CommandTimeout='30']
SELECT `a`.`AdoptionId`, `a0`.`AnimalId`, `a0`.`Name` AS `AnimalName`, `a0`.`Species` AS `AnimalSpecies`, `a`.`AdoptionDate`, `a`.`Amount`
FROM `Adoptions` AS `a`
INNER JOIN `Animals` AS `a0` ON `a`.`AnimalId` = `a0`.`AnimalId`
WHERE `a`.`UserId` = @__userId_0
2025-12-09 10:40:28.419 +01:00 [DBG] Closing data reader to 'shelter' on server '127.0.0.1'.
2025-12-09 10:40:28.421 +01:00 [DBG] A data reader for 'shelter' on server '127.0.0.1' is being disposed after spending 2ms reading results.
2025-12-09 10:40:28.423 +01:00 [DBG] Closing connection to database 'shelter' on server '127.0.0.1'.
2025-12-09 10:40:28.425 +01:00 [DBG] Closed connection to database 'shelter' on server '127.0.0.1' (1ms).
2025-12-09 10:40:28.427 +01:00 [DBG] Opening connection to database 'shelter' on server '127.0.0.1'.
2025-12-09 10:40:28.429 +01:00 [DBG] Opened connection to database 'shelter' on server '127.0.0.1'.
2025-12-09 10:40:28.431 +01:00 [DBG] Creating DbCommand for 'ExecuteReader'.
2025-12-09 10:40:28.433 +01:00 [DBG] Created DbCommand for 'ExecuteReader' (1ms).
2025-12-09 10:40:28.434 +01:00 [DBG] Initialized DbCommand for 'ExecuteReader' (2ms).
2025-12-09 10:40:28.436 +01:00 [DBG] Executing DbCommand [Parameters=[@__userId_0='?' (DbType = Int32)], CommandType='"Text"', CommandTimeout='30']
SELECT `g`.`GiftId`, `g`.`Amount`, `g`.`GiftDate`, `g`.`UserId`
FROM `Gifts` AS `g`
WHERE `g`.`UserId` = @__userId_0
ORDER BY `g`.`GiftDate` DESC
2025-12-09 10:40:28.439 +01:00 [INF] Executed DbCommand (3ms) [Parameters=[@__userId_0='?' (DbType = Int32)], CommandType='"Text"', CommandTimeout='30']
SELECT `g`.`GiftId`, `g`.`Amount`, `g`.`GiftDate`, `g`.`UserId`
FROM `Gifts` AS `g`
WHERE `g`.`UserId` = @__userId_0
ORDER BY `g`.`GiftDate` DESC
2025-12-09 10:40:28.441 +01:00 [DBG] Closing data reader to 'shelter' on server '127.0.0.1'.
2025-12-09 10:40:28.442 +01:00 [DBG] A data reader for 'shelter' on server '127.0.0.1' is being disposed after spending 1ms reading results.
2025-12-09 10:40:28.444 +01:00 [DBG] Closing connection to database 'shelter' on server '127.0.0.1'.
2025-12-09 10:40:28.446 +01:00 [DBG] Closed connection to database 'shelter' on server '127.0.0.1' (1ms).
2025-12-09 10:40:28.448 +01:00 [DBG] View lookup cache hit for view 'Index' in controller 'Users'.
2025-12-09 10:40:28.449 +01:00 [INF] Executing ViewResult, running view Index.
2025-12-09 10:40:28.450 +01:00 [DBG] The view path '/Views/Users/Index.cshtml' was found in 2.8136ms.
2025-12-09 10:40:28.453 +01:00 [DBG] Found the endpoints ["Route: {controller=Home}/{action=Index}/{id?}"] for address (action=[Index],controller=[Adoptions])
2025-12-09 10:40:28.455 +01:00 [DBG] Successfully processed template {controller=Home}/{action=Index}/{id?} for Route: {controller=Home}/{action=Index}/{id?} resulting in /Adoptions and 
2025-12-09 10:40:28.457 +01:00 [DBG] Link generation succeeded for endpoints ["Route: {controller=Home}/{action=Index}/{id?}"] with result /Adoptions
2025-12-09 10:40:28.459 +01:00 [DBG] Found the endpoints ["Route: {controller=Home}/{action=Index}/{id?}"] for address (action=[Create],controller=[Gifts])
2025-12-09 10:40:28.461 +01:00 [DBG] Successfully processed template {controller=Home}/{action=Index}/{id?} for Route: {controller=Home}/{action=Index}/{id?} resulting in /Gifts/Create and 
2025-12-09 10:40:28.463 +01:00 [DBG] Link generation succeeded for endpoints ["Route: {controller=Home}/{action=Index}/{id?}"] with result /Gifts/Create
2025-12-09 10:40:28.465 +01:00 [DBG] View lookup cache hit for view '_Layout' in controller 'Users'.
2025-12-09 10:40:28.468 +01:00 [DBG] Found the endpoints ["Route: {controller=Home}/{action=Index}/{id?}"] for address (action=[Logout],controller=[Account])
2025-12-09 10:40:28.469 +01:00 [DBG] Successfully processed template {controller=Home}/{action=Index}/{id?} for Route: {controller=Home}/{action=Index}/{id?} resulting in /Account/Logout and 
2025-12-09 10:40:28.471 +01:00 [DBG] Link generation succeeded for endpoints ["Route: {controller=Home}/{action=Index}/{id?}"] with result /Account/Logout
2025-12-09 10:40:28.473 +01:00 [DBG] An antiforgery cookie token was reused.
2025-12-09 10:40:28.474 +01:00 [DBG] Response markup is scheduled to include Browser Link script injection.
2025-12-09 10:40:28.475 +01:00 [DBG] Response markup is scheduled to include browser refresh script injection.
2025-12-09 10:40:28.477 +01:00 [INF] Executed ViewResult - view Index executed in 29.2992ms.
2025-12-09 10:40:28.479 +01:00 [INF] Executed action ValcharUtulek.Controllers.UsersController.Index (ValcharUtulek) in 121.5559ms
2025-12-09 10:40:28.480 +01:00 [INF] Executed endpoint 'ValcharUtulek.Controllers.UsersController.Index (ValcharUtulek)'
2025-12-09 10:40:28.482 +01:00 [DBG] Response markup was updated to include Browser Link script injection.
2025-12-09 10:40:28.483 +01:00 [DBG] Response markup was updated to include browser refresh script injection.
2025-12-09 10:40:28.485 +01:00 [DBG] 'ShelterDbContext' disposed.
2025-12-09 10:40:28.487 +01:00 [DBG] Disposing connection to database 'shelter' on server '127.0.0.1'.
2025-12-09 10:40:28.490 +01:00 [DBG] Disposed connection to database 'shelter' on server '127.0.0.1' (2ms).
2025-12-09 10:40:28.492 +01:00 [INF] Request finished HTTP/2 GET https://localhost:7079/Users - 200 null text/html; charset=utf-8 169.1978ms
2025-12-09 10:40:28.536 +01:00 [INF] Request starting HTTP/2 GET https://localhost:7079/Views/Users/Index.css - null null
2025-12-09 10:40:28.536 +01:00 [INF] Request starting HTTP/2 GET https://localhost:7079/_vs/browserLink - null null
2025-12-09 10:40:28.536 +01:00 [INF] Request starting HTTP/2 GET https://localhost:7079/_framework/aspnetcore-browser-refresh.js - null null
2025-12-09 10:40:28.540 +01:00 [DBG] The request path /Views/Users/Index.css does not match an existing file
2025-12-09 10:40:28.546 +01:00 [DBG] Script injected: /_framework/aspnetcore-browser-refresh.js
2025-12-09 10:40:28.548 +01:00 [INF] Request finished HTTP/2 GET https://localhost:7079/_vs/browserLink - 200 null text/javascript; charset=UTF-8 11.7067ms
2025-12-09 10:40:28.548 +01:00 [DBG] No candidates found for the request path '/Views/Users/Index.css'
2025-12-09 10:40:28.549 +01:00 [INF] Request finished HTTP/2 GET https://localhost:7079/_framework/aspnetcore-browser-refresh.js - 200 16511 application/javascript; charset=utf-8 13.5681ms
2025-12-09 10:40:28.555 +01:00 [DBG] Request did not match any endpoints
2025-12-09 10:40:28.560 +01:00 [DBG] AuthenticationScheme: Cookies was successfully authenticated.
2025-12-09 10:40:28.561 +01:00 [INF] Request finished HTTP/2 GET https://localhost:7079/Views/Users/Index.css - 404 0 null 25.2864ms
2025-12-09 10:40:28.567 +01:00 [INF] Request reached the end of the middleware pipeline without being handled by application code. Request path: GET https://localhost:7079/Views/Users/Index.css, Response status code: 404
