2025-12-13 20:01:22.659 +01:00 [INF] Starting web application
2025-12-13 20:01:25.046 +01:00 [DBG] An 'IServiceProvider' was created for internal use by Entity Framework.
2025-12-13 20:01:25.738 +01:00 [DBG] Entity Framework Core 9.0.10 initialized 'ShelterDbContext' using provider 'Pomelo.EntityFrameworkCore.MySql:9.0.0' with options: ParameterizedCollectionTranslationMode=Constantize ServerVersion=8.0.44-mysql 
2025-12-13 20:01:25.913 +01:00 [DBG] Creating DbConnection.
2025-12-13 20:01:25.921 +01:00 [DBG] Created DbConnection. (3ms).
2025-12-13 20:01:25.930 +01:00 [DBG] Migrating using database 'shelter' on server '127.0.0.1'.
2025-12-13 20:01:25.944 +01:00 [DBG] Creating DbConnection.
2025-12-13 20:01:25.946 +01:00 [DBG] Created DbConnection. (2ms).
2025-12-13 20:01:25.950 +01:00 [DBG] Opening connection to database '' on server '127.0.0.1'.
2025-12-13 20:01:26.004 +01:00 [DBG] Opened connection to database '' on server '127.0.0.1'.
2025-12-13 20:01:26.074 +01:00 [DBG] Disposing connection to database '' on server '127.0.0.1'.
2025-12-13 20:01:26.082 +01:00 [DBG] Disposed connection to database '' on server '127.0.0.1' (2ms).
2025-12-13 20:01:26.085 +01:00 [DBG] Opening connection to database 'shelter' on server '127.0.0.1'.
2025-12-13 20:01:26.110 +01:00 [DBG] Opened connection to database 'shelter' on server '127.0.0.1'.
2025-12-13 20:01:26.130 +01:00 [DBG] Creating DbCommand for 'ExecuteNonQuery'.
2025-12-13 20:01:26.138 +01:00 [DBG] Created DbCommand for 'ExecuteNonQuery' (8ms).
2025-12-13 20:01:26.141 +01:00 [DBG] Initialized DbCommand for 'ExecuteNonQuery' (16ms).
2025-12-13 20:01:26.151 +01:00 [DBG] Executing DbCommand [Parameters=[], CommandType='"Text"', CommandTimeout='30']
SELECT GET_LOCK('__shelter_EFMigrationsLock', 259200)
2025-12-13 20:01:26.185 +01:00 [INF] Executed DbCommand (22ms) [Parameters=[], CommandType='"Text"', CommandTimeout='30']
SELECT GET_LOCK('__shelter_EFMigrationsLock', 259200)
2025-12-13 20:01:26.287 +01:00 [DBG] Beginning transaction with isolation level 'Unspecified'.
2025-12-13 20:01:26.298 +01:00 [DBG] Began transaction with isolation level 'Unspecified'.
2025-12-13 20:01:26.301 +01:00 [DBG] Creating DbCommand for 'ExecuteNonQuery'.
2025-12-13 20:01:26.303 +01:00 [DBG] Created DbCommand for 'ExecuteNonQuery' (1ms).
2025-12-13 20:01:26.305 +01:00 [DBG] Initialized DbCommand for 'ExecuteNonQuery' (3ms).
2025-12-13 20:01:26.307 +01:00 [DBG] Executing DbCommand [Parameters=[], CommandType='"Text"', CommandTimeout='30']
CREATE TABLE IF NOT EXISTS `__EFMigrationsHistory` (
    `MigrationId` varchar(150) CHARACTER SET utf8mb4 NOT NULL,
    `ProductVersion` varchar(32) CHARACTER SET utf8mb4 NOT NULL,
    CONSTRAINT `PK___EFMigrationsHistory` PRIMARY KEY (`MigrationId`)
) CHARACTER SET=utf8mb4;
2025-12-13 20:01:26.315 +01:00 [INF] Executed DbCommand (7ms) [Parameters=[], CommandType='"Text"', CommandTimeout='30']
CREATE TABLE IF NOT EXISTS `__EFMigrationsHistory` (
    `MigrationId` varchar(150) CHARACTER SET utf8mb4 NOT NULL,
    `ProductVersion` varchar(32) CHARACTER SET utf8mb4 NOT NULL,
    CONSTRAINT `PK___EFMigrationsHistory` PRIMARY KEY (`MigrationId`)
) CHARACTER SET=utf8mb4;
2025-12-13 20:01:26.319 +01:00 [DBG] Committing transaction.
2025-12-13 20:01:26.325 +01:00 [DBG] Committed transaction.
2025-12-13 20:01:26.329 +01:00 [DBG] Disposing transaction.
2025-12-13 20:01:26.339 +01:00 [DBG] Beginning transaction with isolation level 'Unspecified'.
2025-12-13 20:01:26.341 +01:00 [DBG] Began transaction with isolation level 'Unspecified'.
2025-12-13 20:01:26.346 +01:00 [DBG] Creating DbConnection.
2025-12-13 20:01:26.348 +01:00 [DBG] Created DbConnection. (1ms).
2025-12-13 20:01:26.349 +01:00 [DBG] Opening connection to database '' on server '127.0.0.1'.
2025-12-13 20:01:26.359 +01:00 [DBG] Opened connection to database '' on server '127.0.0.1'.
2025-12-13 20:01:26.362 +01:00 [DBG] Disposing connection to database '' on server '127.0.0.1'.
2025-12-13 20:01:26.364 +01:00 [DBG] Disposed connection to database '' on server '127.0.0.1' (1ms).
2025-12-13 20:01:26.369 +01:00 [DBG] Creating DbCommand for 'ExecuteScalar'.
2025-12-13 20:01:26.371 +01:00 [DBG] Created DbCommand for 'ExecuteScalar' (1ms).
2025-12-13 20:01:26.373 +01:00 [DBG] Initialized DbCommand for 'ExecuteScalar' (3ms).
2025-12-13 20:01:26.375 +01:00 [DBG] Executing DbCommand [Parameters=[], CommandType='"Text"', CommandTimeout='30']
SELECT 1 FROM INFORMATION_SCHEMA.TABLES WHERE TABLE_SCHEMA='shelter' AND TABLE_NAME='__EFMigrationsHistory';
2025-12-13 20:01:26.384 +01:00 [INF] Executed DbCommand (9ms) [Parameters=[], CommandType='"Text"', CommandTimeout='30']
SELECT 1 FROM INFORMATION_SCHEMA.TABLES WHERE TABLE_SCHEMA='shelter' AND TABLE_NAME='__EFMigrationsHistory';
2025-12-13 20:01:26.391 +01:00 [DBG] Creating DbCommand for 'ExecuteReader'.
2025-12-13 20:01:26.393 +01:00 [DBG] Created DbCommand for 'ExecuteReader' (1ms).
2025-12-13 20:01:26.394 +01:00 [DBG] Initialized DbCommand for 'ExecuteReader' (3ms).
2025-12-13 20:01:26.396 +01:00 [DBG] Executing DbCommand [Parameters=[], CommandType='"Text"', CommandTimeout='30']
SELECT `MigrationId`, `ProductVersion`
FROM `__EFMigrationsHistory`
ORDER BY `MigrationId`;
2025-12-13 20:01:26.403 +01:00 [INF] Executed DbCommand (7ms) [Parameters=[], CommandType='"Text"', CommandTimeout='30']
SELECT `MigrationId`, `ProductVersion`
FROM `__EFMigrationsHistory`
ORDER BY `MigrationId`;
2025-12-13 20:01:26.410 +01:00 [DBG] Closing data reader to 'shelter' on server '127.0.0.1'.
2025-12-13 20:01:26.413 +01:00 [DBG] A data reader for 'shelter' on server '127.0.0.1' is being disposed after spending 6ms reading results.
2025-12-13 20:01:26.422 +01:00 [INF] Applying migration '20251201175334_InitialMigration'.
2025-12-13 20:01:26.471 +01:00 [DBG] Creating DbCommand for 'ExecuteNonQuery'.
2025-12-13 20:01:26.473 +01:00 [DBG] Created DbCommand for 'ExecuteNonQuery' (1ms).
2025-12-13 20:01:26.475 +01:00 [DBG] Initialized DbCommand for 'ExecuteNonQuery' (3ms).
2025-12-13 20:01:26.477 +01:00 [DBG] Executing DbCommand [Parameters=[], CommandType='"Text"', CommandTimeout='30']
ALTER DATABASE CHARACTER SET utf8mb4;
2025-12-13 20:01:26.488 +01:00 [INF] Executed DbCommand (11ms) [Parameters=[], CommandType='"Text"', CommandTimeout='30']
ALTER DATABASE CHARACTER SET utf8mb4;
2025-12-13 20:01:26.491 +01:00 [DBG] Creating DbCommand for 'ExecuteNonQuery'.
2025-12-13 20:01:26.492 +01:00 [DBG] Created DbCommand for 'ExecuteNonQuery' (1ms).
2025-12-13 20:01:26.493 +01:00 [DBG] Initialized DbCommand for 'ExecuteNonQuery' (2ms).
2025-12-13 20:01:26.494 +01:00 [DBG] Executing DbCommand [Parameters=[], CommandType='"Text"', CommandTimeout='30']
CREATE TABLE `Adoptions` (
    `AdoptionId` int NOT NULL AUTO_INCREMENT,
    `UserId` int NOT NULL,
    `AnimalId` int NOT NULL,
    `AdoptionDate` date NOT NULL,
    `Amount` double NOT NULL,
    CONSTRAINT `PK_Adoptions` PRIMARY KEY (`AdoptionId`)
) CHARACTER SET=utf8mb4;
2025-12-13 20:01:26.509 +01:00 [ERR] Failed executing DbCommand (14ms) [Parameters=[], CommandType='"Text"', CommandTimeout='30']
CREATE TABLE `Adoptions` (
    `AdoptionId` int NOT NULL AUTO_INCREMENT,
    `UserId` int NOT NULL,
    `AnimalId` int NOT NULL,
    `AdoptionDate` date NOT NULL,
    `Amount` double NOT NULL,
    CONSTRAINT `PK_Adoptions` PRIMARY KEY (`AdoptionId`)
) CHARACTER SET=utf8mb4;
2025-12-13 20:01:26.520 +01:00 [DBG] Disposing transaction.
2025-12-13 20:01:26.523 +01:00 [DBG] Creating DbCommand for 'ExecuteScalar'.
2025-12-13 20:01:26.525 +01:00 [DBG] Created DbCommand for 'ExecuteScalar' (1ms).
2025-12-13 20:01:26.527 +01:00 [DBG] Initialized DbCommand for 'ExecuteScalar' (3ms).
2025-12-13 20:01:26.531 +01:00 [DBG] Executing DbCommand [Parameters=[], CommandType='"Text"', CommandTimeout='30']
SELECT RELEASE_LOCK('__shelter_EFMigrationsLock')
2025-12-13 20:01:26.535 +01:00 [INF] Executed DbCommand (4ms) [Parameters=[], CommandType='"Text"', CommandTimeout='30']
SELECT RELEASE_LOCK('__shelter_EFMigrationsLock')
2025-12-13 20:01:26.541 +01:00 [DBG] Closing connection to database 'shelter' on server '127.0.0.1'.
2025-12-13 20:01:26.548 +01:00 [DBG] Closed connection to database 'shelter' on server '127.0.0.1' (7ms).
2025-12-13 20:01:26.872 +01:00 [ERR] An error occurred while seeding the database.
MySqlConnector.MySqlException (0x80004005): Table 'adoptions' already exists
   at MySqlConnector.Core.ServerSession.ReceiveReplyAsync(IOBehavior ioBehavior, CancellationToken cancellationToken) in /_/src/MySqlConnector/Core/ServerSession.cs:line 1081
   at MySqlConnector.Core.ResultSet.ReadResultSetHeaderAsync(IOBehavior ioBehavior) in /_/src/MySqlConnector/Core/ResultSet.cs:line 37
   at MySqlConnector.MySqlDataReader.ActivateResultSet(CancellationToken cancellationToken) in /_/src/MySqlConnector/MySqlDataReader.cs:line 131
   at MySqlConnector.MySqlDataReader.InitAsync(CommandListPosition commandListPosition, ICommandPayloadCreator payloadCreator, IDictionary`2 cachedProcedures, IMySqlCommand command, CommandBehavior behavior, Activity activity, IOBehavior ioBehavior, CancellationToken cancellationToken) in /_/src/MySqlConnector/MySqlDataReader.cs:line 487
   at MySqlConnector.Core.CommandExecutor.ExecuteReaderAsync(CommandListPosition commandListPosition, ICommandPayloadCreator payloadCreator, CommandBehavior behavior, Activity activity, IOBehavior ioBehavior, CancellationToken cancellationToken) in /_/src/MySqlConnector/Core/CommandExecutor.cs:line 56
   at MySqlConnector.MySqlCommand.ExecuteNonQueryAsync(IOBehavior ioBehavior, CancellationToken cancellationToken) in /_/src/MySqlConnector/MySqlCommand.cs:line 309
   at Microsoft.EntityFrameworkCore.Storage.RelationalCommand.ExecuteNonQueryAsync(RelationalCommandParameterObject parameterObject, CancellationToken cancellationToken)
   at Microsoft.EntityFrameworkCore.Storage.RelationalCommand.ExecuteNonQueryAsync(RelationalCommandParameterObject parameterObject, CancellationToken cancellationToken)
   at Microsoft.EntityFrameworkCore.Storage.RelationalCommand.ExecuteNonQueryAsync(RelationalCommandParameterObject parameterObject, CancellationToken cancellationToken)
   at Microsoft.EntityFrameworkCore.Migrations.Internal.MigrationCommandExecutor.ExecuteAsync(IReadOnlyList`1 migrationCommands, IRelationalConnection connection, MigrationExecutionState executionState, Boolean beginTransaction, Boolean commitTransaction, Nullable`1 isolationLevel, CancellationToken cancellationToken)
   at Microsoft.EntityFrameworkCore.Migrations.Internal.MigrationCommandExecutor.ExecuteAsync(IReadOnlyList`1 migrationCommands, IRelationalConnection connection, MigrationExecutionState executionState, Boolean beginTransaction, Boolean commitTransaction, Nullable`1 isolationLevel, CancellationToken cancellationToken)
   at Pomelo.EntityFrameworkCore.MySql.Storage.Internal.MySqlExecutionStrategy.ExecuteAsync[TState,TResult](TState state, Func`4 operation, Func`4 verifySucceeded, CancellationToken cancellationToken)
   at Microsoft.EntityFrameworkCore.Migrations.Internal.MigrationCommandExecutor.ExecuteNonQueryAsync(IReadOnlyList`1 migrationCommands, IRelationalConnection connection, MigrationExecutionState executionState, Boolean commitTransaction, Nullable`1 isolationLevel, CancellationToken cancellationToken)
   at Microsoft.EntityFrameworkCore.Migrations.Internal.Migrator.MigrateImplementationAsync(DbContext context, String targetMigration, MigrationExecutionState state, Boolean useTransaction, CancellationToken cancellationToken)
   at Microsoft.EntityFrameworkCore.Migrations.Internal.Migrator.MigrateImplementationAsync(DbContext context, String targetMigration, MigrationExecutionState state, Boolean useTransaction, CancellationToken cancellationToken)
   at Microsoft.EntityFrameworkCore.Migrations.Internal.Migrator.<>c.<<MigrateAsync>b__22_1>d.MoveNext()
--- End of stack trace from previous location ---
   at Pomelo.EntityFrameworkCore.MySql.Storage.Internal.MySqlExecutionStrategy.ExecuteAsync[TState,TResult](TState state, Func`4 operation, Func`4 verifySucceeded, CancellationToken cancellationToken)
   at Microsoft.EntityFrameworkCore.Migrations.Internal.Migrator.MigrateAsync(String targetMigration, CancellationToken cancellationToken)
   at Microsoft.EntityFrameworkCore.Migrations.Internal.Migrator.MigrateAsync(String targetMigration, CancellationToken cancellationToken)
   at ValcharUtulek.Database.DbInitializer.Initialize(ShelterDbContext context, IPasswordHasher`1 hasher, IConfiguration configuration) in C:\Users\David\source\repos\ValcharUtulek\ValcharUtulek\Database\DbInitializer.cs:line 12
   at ValcharUtulek.Program.Main(String[] args) in C:\Users\David\source\repos\ValcharUtulek\ValcharUtulek\Program.cs:line 73
2025-12-13 20:01:26.967 +01:00 [DBG] 'ShelterDbContext' disposed.
2025-12-13 20:01:26.970 +01:00 [DBG] Disposing connection to database 'shelter' on server '127.0.0.1'.
2025-12-13 20:01:26.972 +01:00 [DBG] Disposed connection to database 'shelter' on server '127.0.0.1' (1ms).
2025-12-13 20:01:27.061 +01:00 [DBG] Initializing Razor view compiler with compiled view: '/Views/Account/Login.cshtml'.
2025-12-13 20:01:27.064 +01:00 [DBG] Initializing Razor view compiler with compiled view: '/Views/Account/Register.cshtml'.
2025-12-13 20:01:27.065 +01:00 [DBG] Initializing Razor view compiler with compiled view: '/Views/Adoptions/Create.cshtml'.
2025-12-13 20:01:27.067 +01:00 [DBG] Initializing Razor view compiler with compiled view: '/Views/Adoptions/Delete.cshtml'.
2025-12-13 20:01:27.069 +01:00 [DBG] Initializing Razor view compiler with compiled view: '/Views/Adoptions/Details.cshtml'.
2025-12-13 20:01:27.070 +01:00 [DBG] Initializing Razor view compiler with compiled view: '/Views/Adoptions/Edit.cshtml'.
2025-12-13 20:01:27.072 +01:00 [DBG] Initializing Razor view compiler with compiled view: '/Views/Adoptions/Index.cshtml'.
2025-12-13 20:01:27.074 +01:00 [DBG] Initializing Razor view compiler with compiled view: '/Views/Gifts/Create.cshtml'.
2025-12-13 20:01:27.076 +01:00 [DBG] Initializing Razor view compiler with compiled view: '/Views/Gifts/Delete.cshtml'.
2025-12-13 20:01:27.077 +01:00 [DBG] Initializing Razor view compiler with compiled view: '/Views/Gifts/Details.cshtml'.
2025-12-13 20:01:27.079 +01:00 [DBG] Initializing Razor view compiler with compiled view: '/Views/Gifts/Edit.cshtml'.
2025-12-13 20:01:27.080 +01:00 [DBG] Initializing Razor view compiler with compiled view: '/Views/Gifts/Index.cshtml'.
2025-12-13 20:01:27.082 +01:00 [DBG] Initializing Razor view compiler with compiled view: '/Views/Home/Index.cshtml'.
2025-12-13 20:01:27.083 +01:00 [DBG] Initializing Razor view compiler with compiled view: '/Views/Home/Privacy.cshtml'.
2025-12-13 20:01:27.084 +01:00 [DBG] Initializing Razor view compiler with compiled view: '/Views/News/Create.cshtml'.
2025-12-13 20:01:27.086 +01:00 [DBG] Initializing Razor view compiler with compiled view: '/Views/News/Delete.cshtml'.
2025-12-13 20:01:27.087 +01:00 [DBG] Initializing Razor view compiler with compiled view: '/Views/News/Details.cshtml'.
2025-12-13 20:01:27.089 +01:00 [DBG] Initializing Razor view compiler with compiled view: '/Views/News/Edit.cshtml'.
2025-12-13 20:01:27.091 +01:00 [DBG] Initializing Razor view compiler with compiled view: '/Views/News/Index.cshtml'.
2025-12-13 20:01:27.093 +01:00 [DBG] Initializing Razor view compiler with compiled view: '/Views/Shared/Error.cshtml'.
2025-12-13 20:01:27.094 +01:00 [DBG] Initializing Razor view compiler with compiled view: '/Views/Shared/_ValidationScriptsPartial.cshtml'.
2025-12-13 20:01:27.096 +01:00 [DBG] Initializing Razor view compiler with compiled view: '/Views/Users/Index.cshtml'.
2025-12-13 20:01:27.097 +01:00 [DBG] Initializing Razor view compiler with compiled view: '/Views/_ViewImports.cshtml'.
2025-12-13 20:01:27.098 +01:00 [DBG] Initializing Razor view compiler with compiled view: '/Views/_ViewStart.cshtml'.
2025-12-13 20:01:27.101 +01:00 [DBG] Initializing Razor view compiler with compiled view: '/Views/Shared/_Layout.cshtml'.
2025-12-13 20:01:27.120 +01:00 [DBG] Registered model binder providers, in the following order: ["Microsoft.AspNetCore.Mvc.ModelBinding.Binders.BinderTypeModelBinderProvider","Microsoft.AspNetCore.Mvc.ModelBinding.Binders.ServicesModelBinderProvider","Microsoft.AspNetCore.Mvc.ModelBinding.Binders.BodyModelBinderProvider","Microsoft.AspNetCore.Mvc.ModelBinding.Binders.HeaderModelBinderProvider","Microsoft.AspNetCore.Mvc.ModelBinding.Binders.FloatingPointTypeModelBinderProvider","Microsoft.AspNetCore.Mvc.ModelBinding.Binders.EnumTypeModelBinderProvider","Microsoft.AspNetCore.Mvc.ModelBinding.Binders.DateTimeModelBinderProvider","Microsoft.AspNetCore.Mvc.ModelBinding.Binders.SimpleTypeModelBinderProvider","Microsoft.AspNetCore.Mvc.ModelBinding.Binders.TryParseModelBinderProvider","Microsoft.AspNetCore.Mvc.ModelBinding.Binders.CancellationTokenModelBinderProvider","Microsoft.AspNetCore.Mvc.ModelBinding.Binders.ByteArrayModelBinderProvider","Microsoft.AspNetCore.Mvc.ModelBinding.Binders.FormFileModelBinderProvider","Microsoft.AspNetCore.Mvc.ModelBinding.Binders.FormCollectionModelBinderProvider","Microsoft.AspNetCore.Mvc.ModelBinding.Binders.KeyValuePairModelBinderProvider","Microsoft.AspNetCore.Mvc.ModelBinding.Binders.DictionaryModelBinderProvider","Microsoft.AspNetCore.Mvc.ModelBinding.Binders.ArrayModelBinderProvider","Microsoft.AspNetCore.Mvc.ModelBinding.Binders.CollectionModelBinderProvider","Microsoft.AspNetCore.Mvc.ModelBinding.Binders.ComplexObjectModelBinderProvider"]
2025-12-13 20:01:27.229 +01:00 [DBG] Hosting starting
2025-12-13 20:01:27.269 +01:00 [INF] User profile is available. Using 'C:\Users\David\AppData\Local\ASP.NET\DataProtection-Keys' as key repository and Windows DPAPI to encrypt keys at rest.
2025-12-13 20:01:27.295 +01:00 [DBG] Reading data from file 'C:\Users\David\AppData\Local\ASP.NET\DataProtection-Keys\key-f5c154a5-e5b4-4c9b-b7eb-6e5e819bbbdf.xml'.
2025-12-13 20:01:27.340 +01:00 [DBG] Found key {f5c154a5-e5b4-4c9b-b7eb-6e5e819bbbdf}.
2025-12-13 20:01:27.362 +01:00 [DBG] Considering key {f5c154a5-e5b4-4c9b-b7eb-6e5e819bbbdf} with expiration date 2025-12-22 06:21:24Z as default key.
2025-12-13 20:01:27.370 +01:00 [DBG] Forwarded activator type request from Microsoft.AspNetCore.DataProtection.XmlEncryption.DpapiXmlDecryptor, Microsoft.AspNetCore.DataProtection, Version=9.0.0.0, Culture=neutral, PublicKeyToken=adb9793829ddae60 to Microsoft.AspNetCore.DataProtection.XmlEncryption.DpapiXmlDecryptor, Microsoft.AspNetCore.DataProtection, Culture=neutral, PublicKeyToken=adb9793829ddae60
2025-12-13 20:01:27.373 +01:00 [DBG] Decrypting secret element using Windows DPAPI.
2025-12-13 20:01:27.377 +01:00 [DBG] Forwarded activator type request from Microsoft.AspNetCore.DataProtection.AuthenticatedEncryption.ConfigurationModel.AuthenticatedEncryptorDescriptorDeserializer, Microsoft.AspNetCore.DataProtection, Version=9.0.0.0, Culture=neutral, PublicKeyToken=adb9793829ddae60 to Microsoft.AspNetCore.DataProtection.AuthenticatedEncryption.ConfigurationModel.AuthenticatedEncryptorDescriptorDeserializer, Microsoft.AspNetCore.DataProtection, Culture=neutral, PublicKeyToken=adb9793829ddae60
2025-12-13 20:01:27.382 +01:00 [DBG] Opening CNG algorithm 'AES' from provider 'null' with chaining mode CBC.
2025-12-13 20:01:27.387 +01:00 [DBG] Opening CNG algorithm 'SHA256' from provider 'null' with HMAC.
2025-12-13 20:01:27.391 +01:00 [DBG] Using key {f5c154a5-e5b4-4c9b-b7eb-6e5e819bbbdf} as the default key.
2025-12-13 20:01:27.394 +01:00 [DBG] Key ring with default key {f5c154a5-e5b4-4c9b-b7eb-6e5e819bbbdf} was loaded during application startup.
2025-12-13 20:01:27.410 +01:00 [DBG] Middleware loaded
2025-12-13 20:01:27.416 +01:00 [DBG] Middleware loaded. Script /_framework/aspnetcore-browser-refresh.js (16511 B).
2025-12-13 20:01:27.419 +01:00 [DBG] Middleware loaded. Script /_framework/blazor-hotreload.js (799 B).
2025-12-13 20:01:27.474 +01:00 [DBG] Middleware configuration started with options: {AllowedHosts = *, AllowEmptyHosts = True, IncludeFailureMessage = True}
2025-12-13 20:01:27.478 +01:00 [DBG] Wildcard detected, all requests with hosts will be allowed.
2025-12-13 20:01:27.496 +01:00 [DBG] Middleware loaded: DOTNET_MODIFIABLE_ASSEMBLIES=debug, __ASPNETCORE_BROWSER_TOOLS=true
2025-12-13 20:01:27.646 +01:00 [INF] Now listening on: https://localhost:7079
2025-12-13 20:01:27.648 +01:00 [INF] Now listening on: http://localhost:5048
2025-12-13 20:01:27.649 +01:00 [DBG] Loaded hosting startup assembly ValcharUtulek
2025-12-13 20:01:27.651 +01:00 [DBG] Loaded hosting startup assembly Microsoft.WebTools.ApiEndpointDiscovery
2025-12-13 20:01:27.651 +01:00 [DBG] Loaded hosting startup assembly Microsoft.AspNetCore.Watch.BrowserRefresh
2025-12-13 20:01:27.652 +01:00 [DBG] Loaded hosting startup assembly Microsoft.WebTools.BrowserLink.Net
2025-12-13 20:01:27.665 +01:00 [DBG] Executing API description provider 'EndpointMetadataApiDescriptionProvider' from assembly Microsoft.AspNetCore.Mvc.ApiExplorer v9.0.0.0.
2025-12-13 20:01:27.668 +01:00 [DBG] Executing API description provider 'DefaultApiDescriptionProvider' from assembly Microsoft.AspNetCore.Mvc.ApiExplorer v9.0.0.0.
2025-12-13 20:01:27.747 +01:00 [INF] Application started. Press Ctrl+C to shut down.
2025-12-13 20:01:27.749 +01:00 [INF] Hosting environment: Development
2025-12-13 20:01:27.750 +01:00 [INF] Content root path: C:\Users\David\source\repos\ValcharUtulek\ValcharUtulek
2025-12-13 20:01:27.751 +01:00 [DBG] Hosting started
2025-12-13 20:01:27.923 +01:00 [DBG] Connection id "0HNHQF82HKQKP" received FIN.
2025-12-13 20:01:27.936 +01:00 [DBG] Connection id "0HNHQF82HKQKP" accepted.
2025-12-13 20:01:27.939 +01:00 [DBG] Connection id "0HNHQF82HKQKP" started.
2025-12-13 20:01:27.954 +01:00 [DBG] Failed to authenticate HTTPS connection.
System.IO.IOException: Received an unexpected EOF or 0 bytes from the transport stream.
   at System.Net.Security.SslStream.ReceiveHandshakeFrameAsync[TIOAdapter](CancellationToken cancellationToken)
   at System.Net.Security.SslStream.ForceAuthenticationAsync[TIOAdapter](Boolean receiveFirst, Byte[] reAuthenticationData, CancellationToken cancellationToken)
   at System.Net.Security.SslStream.ProcessAuthenticationWithTelemetryAsync(Boolean isAsync, CancellationToken cancellationToken)
   at Microsoft.AspNetCore.Server.Kestrel.Https.Internal.HttpsConnectionMiddleware.OnConnectionAsync(ConnectionContext context)
2025-12-13 20:01:27.966 +01:00 [DBG] Connection id "0HNHQF82HKQKP" stopped.
2025-12-13 20:01:27.971 +01:00 [DBG] Connection id "0HNHQF82HKQKP" sending FIN because: "The Socket transport's send loop completed gracefully."
2025-12-13 20:01:28.344 +01:00 [DBG] Connection id "0HNHQF82HKQKQ" accepted.
2025-12-13 20:01:28.346 +01:00 [DBG] Connection id "0HNHQF82HKQKQ" started.
2025-12-13 20:01:28.376 +01:00 [DBG] Connection 0HNHQF82HKQKQ established using the following protocol: "Tls13"
2025-12-13 20:01:28.470 +01:00 [INF] Request starting HTTP/2 GET https://localhost:7079/ - null null
2025-12-13 20:01:28.655 +01:00 [DBG] The request path / does not match a supported file type
2025-12-13 20:01:28.685 +01:00 [DBG] 1 candidate(s) found for the request path '/'
2025-12-13 20:01:28.688 +01:00 [DBG] Endpoint 'ValcharUtulek.Controllers.HomeController.Index (ValcharUtulek)' with route pattern '{controller=Home}/{action=Index}/{id?}' is valid for the request path '/'
2025-12-13 20:01:28.692 +01:00 [DBG] Request matched endpoint 'ValcharUtulek.Controllers.HomeController.Index (ValcharUtulek)'
2025-12-13 20:01:28.712 +01:00 [DBG] AuthenticationScheme: Cookies was not authenticated.
2025-12-13 20:01:28.717 +01:00 [INF] Executing endpoint 'ValcharUtulek.Controllers.HomeController.Index (ValcharUtulek)'
2025-12-13 20:01:28.769 +01:00 [INF] Route matched with {action = "Index", controller = "Home"}. Executing controller action with signature Microsoft.AspNetCore.Mvc.IActionResult Index() on controller ValcharUtulek.Controllers.HomeController (ValcharUtulek).
2025-12-13 20:01:28.774 +01:00 [DBG] Execution plan of authorization filters (in the following order): ["None"]
2025-12-13 20:01:28.776 +01:00 [DBG] Execution plan of resource filters (in the following order): ["Microsoft.AspNetCore.Mvc.ViewFeatures.Filters.SaveTempDataFilter"]
2025-12-13 20:01:28.779 +01:00 [DBG] Execution plan of action filters (in the following order): ["Microsoft.AspNetCore.Mvc.Filters.ControllerActionFilter (Order: -2147483648)","Microsoft.AspNetCore.Mvc.ModelBinding.UnsupportedContentTypeFilter (Order: -3000)"]
2025-12-13 20:01:28.782 +01:00 [DBG] Execution plan of exception filters (in the following order): ["None"]
2025-12-13 20:01:28.785 +01:00 [DBG] Execution plan of result filters (in the following order): ["Microsoft.AspNetCore.Mvc.ViewFeatures.Filters.SaveTempDataFilter"]
2025-12-13 20:01:28.792 +01:00 [DBG] Executing controller factory for controller ValcharUtulek.Controllers.HomeController (ValcharUtulek)
2025-12-13 20:01:28.796 +01:00 [DBG] Executed controller factory for controller ValcharUtulek.Controllers.HomeController (ValcharUtulek)
2025-12-13 20:01:28.805 +01:00 [DBG] View lookup cache miss for view 'Index' in controller 'Home'.
2025-12-13 20:01:28.814 +01:00 [INF] Executing ViewResult, running view Index.
2025-12-13 20:01:28.821 +01:00 [DBG] The view path '/Views/Home/Index.cshtml' was found in 12.441ms.
2025-12-13 20:01:28.870 +01:00 [DBG] View lookup cache miss for view '_Layout' in controller 'Home'.
2025-12-13 20:01:29.030 +01:00 [DBG] Response markup is scheduled to include Browser Link script injection.
2025-12-13 20:01:29.039 +01:00 [DBG] Response markup is scheduled to include browser refresh script injection.
2025-12-13 20:01:29.049 +01:00 [INF] Executed ViewResult - view Index executed in 245.0602ms.
2025-12-13 20:01:29.052 +01:00 [INF] Executed action ValcharUtulek.Controllers.HomeController.Index (ValcharUtulek) in 264.5422ms
2025-12-13 20:01:29.054 +01:00 [INF] Executed endpoint 'ValcharUtulek.Controllers.HomeController.Index (ValcharUtulek)'
2025-12-13 20:01:29.056 +01:00 [DBG] Response markup was updated to include Browser Link script injection.
2025-12-13 20:01:29.058 +01:00 [DBG] Response markup was updated to include browser refresh script injection.
2025-12-13 20:01:29.067 +01:00 [INF] Request finished HTTP/2 GET https://localhost:7079/ - 200 null text/html; charset=utf-8 609.9573ms
2025-12-13 20:01:29.106 +01:00 [INF] Request starting HTTP/2 GET https://localhost:7079/images/logo.png - null null
2025-12-13 20:01:29.106 +01:00 [INF] Request starting HTTP/2 GET https://localhost:7079/css/site.css?v=hQKvWIwpnGkx6gMCtlRUK8EUfP5einId_rg9Q-r_-ik - null null
2025-12-13 20:01:29.142 +01:00 [INF] Request starting HTTP/2 GET https://localhost:7079/_vs/browserLink - null null
2025-12-13 20:01:29.106 +01:00 [INF] Request starting HTTP/2 GET https://localhost:7079/_framework/aspnetcore-browser-refresh.js - null null
2025-12-13 20:01:29.155 +01:00 [INF] The file /css/site.css was not modified
2025-12-13 20:01:29.155 +01:00 [INF] The file /images/logo.png was not modified
2025-12-13 20:01:29.164 +01:00 [DBG] Handled. Status code: 304 File: /css/site.css
2025-12-13 20:01:29.165 +01:00 [DBG] Handled. Status code: 304 File: /images/logo.png
2025-12-13 20:01:29.169 +01:00 [INF] Request finished HTTP/2 GET https://localhost:7079/images/logo.png - 304 null image/png 63.5884ms
2025-12-13 20:01:29.169 +01:00 [INF] Request finished HTTP/2 GET https://localhost:7079/css/site.css?v=hQKvWIwpnGkx6gMCtlRUK8EUfP5einId_rg9Q-r_-ik - 304 null text/css 63.5458ms
2025-12-13 20:01:29.220 +01:00 [INF] Request starting HTTP/2 GET https://localhost:7079/images/homebackground.jpg - null null
2025-12-13 20:01:29.235 +01:00 [DBG] Script injected: /_framework/aspnetcore-browser-refresh.js
2025-12-13 20:01:29.241 +01:00 [INF] The file /images/homebackground.jpg was not modified
2025-12-13 20:01:29.242 +01:00 [INF] Request finished HTTP/2 GET https://localhost:7079/_framework/aspnetcore-browser-refresh.js - 200 16511 application/javascript; charset=utf-8 136.9239ms
2025-12-13 20:01:29.243 +01:00 [DBG] Handled. Status code: 304 File: /images/homebackground.jpg
2025-12-13 20:01:29.250 +01:00 [INF] Request finished HTTP/2 GET https://localhost:7079/images/homebackground.jpg - 304 null image/jpeg 62.6457ms
2025-12-13 20:01:29.310 +01:00 [INF] Request finished HTTP/2 GET https://localhost:7079/_vs/browserLink - 200 null text/javascript; charset=UTF-8 203.6499ms
2025-12-13 20:01:41.583 +01:00 [INF] Request starting HTTP/2 GET https://localhost:7079/Adoptions - null null
2025-12-13 20:01:41.591 +01:00 [DBG] The request path /Adoptions does not match a supported file type
2025-12-13 20:01:41.595 +01:00 [DBG] 1 candidate(s) found for the request path '/Adoptions'
2025-12-13 20:01:41.597 +01:00 [DBG] Endpoint 'ValcharUtulek.Controllers.AdoptionsController.Index (ValcharUtulek)' with route pattern '{controller=Home}/{action=Index}/{id?}' is valid for the request path '/Adoptions'
2025-12-13 20:01:41.600 +01:00 [DBG] Request matched endpoint 'ValcharUtulek.Controllers.AdoptionsController.Index (ValcharUtulek)'
2025-12-13 20:01:41.602 +01:00 [DBG] AuthenticationScheme: Cookies was not authenticated.
2025-12-13 20:01:41.604 +01:00 [INF] Executing endpoint 'ValcharUtulek.Controllers.AdoptionsController.Index (ValcharUtulek)'
2025-12-13 20:01:41.614 +01:00 [INF] Route matched with {action = "Index", controller = "Adoptions"}. Executing controller action with signature System.Threading.Tasks.Task`1[Microsoft.AspNetCore.Mvc.IActionResult] Index() on controller ValcharUtulek.Controllers.AdoptionsController (ValcharUtulek).
2025-12-13 20:01:41.618 +01:00 [DBG] Execution plan of authorization filters (in the following order): ["None"]
2025-12-13 20:01:41.620 +01:00 [DBG] Execution plan of resource filters (in the following order): ["Microsoft.AspNetCore.Mvc.ViewFeatures.Filters.SaveTempDataFilter"]
2025-12-13 20:01:41.622 +01:00 [DBG] Execution plan of action filters (in the following order): ["Microsoft.AspNetCore.Mvc.Filters.ControllerActionFilter (Order: -2147483648)","Microsoft.AspNetCore.Mvc.ModelBinding.UnsupportedContentTypeFilter (Order: -3000)"]
2025-12-13 20:01:41.625 +01:00 [DBG] Execution plan of exception filters (in the following order): ["None"]
2025-12-13 20:01:41.627 +01:00 [DBG] Execution plan of result filters (in the following order): ["Microsoft.AspNetCore.Mvc.ViewFeatures.Filters.SaveTempDataFilter"]
2025-12-13 20:01:41.630 +01:00 [DBG] Executing controller factory for controller ValcharUtulek.Controllers.AdoptionsController (ValcharUtulek)
2025-12-13 20:01:41.641 +01:00 [DBG] Executed controller factory for controller ValcharUtulek.Controllers.AdoptionsController (ValcharUtulek)
2025-12-13 20:01:41.659 +01:00 [DBG] Entity Framework Core 9.0.10 initialized 'ShelterDbContext' using provider 'Pomelo.EntityFrameworkCore.MySql:9.0.0' with options: ParameterizedCollectionTranslationMode=Constantize ServerVersion=8.0.44-mysql 
2025-12-13 20:01:41.721 +01:00 [DBG] Compiling query expression: 
'DbSet<Animal>()
    .Where(a => a.IsAvailable)'
2025-12-13 20:01:42.054 +01:00 [DBG] Generated query execution expression: 
'queryContext => SingleQueryingEnumerable.Create<Animal>(
    relationalQueryContext: (RelationalQueryContext)queryContext, 
    relationalCommandResolver: parameters => [LIFTABLE Constant: RelationalCommandCache.QueryExpression(
        Projection Mapping:
            EmptyProjectionMember -> Dictionary<IProperty, int> { [Property: Animal.AnimalId (int) Required PK AfterSave:Throw ValueGenerated.OnAdd, 0], [Property: Animal.Age (int) Required, 1], [Property: Animal.Description (string), 2], [Property: Animal.IsAvailable (bool) Required, 3], [Property: Animal.Name (string) Required, 4], [Property: Animal.Photo (string), 5], [Property: Animal.Species (string), 6] }
        SELECT a.AnimalId, a.Age, a.Description, a.IsAvailable, a.Name, a.Photo, a.Species
        FROM Animals AS a
        WHERE a.IsAvailable) | Resolver: c => new RelationalCommandCache(
        c.Dependencies.MemoryCache, 
        c.RelationalDependencies.QuerySqlGeneratorFactory, 
        c.RelationalDependencies.RelationalParameterBasedSqlProcessorFactory, 
        Projection Mapping:
            EmptyProjectionMember -> Dictionary<IProperty, int> { [Property: Animal.AnimalId (int) Required PK AfterSave:Throw ValueGenerated.OnAdd, 0], [Property: Animal.Age (int) Required, 1], [Property: Animal.Description (string), 2], [Property: Animal.IsAvailable (bool) Required, 3], [Property: Animal.Name (string) Required, 4], [Property: Animal.Photo (string), 5], [Property: Animal.Species (string), 6] }
        SELECT a.AnimalId, a.Age, a.Description, a.IsAvailable, a.Name, a.Photo, a.Species
        FROM Animals AS a
        WHERE a.IsAvailable, 
        False, 
        new HashSet<string>(
            new string[]{ }, 
            StringComparer.Ordinal
        )
    )].GetRelationalCommandTemplate(parameters), 
    readerColumns: null, 
    shaper: (queryContext, dataReader, resultContext, resultCoordinator) => 
    {
        Animal entity;
        entity = 
        {
            MaterializationContext materializationContext1;
            IEntityType entityType1;
            Animal instance1;
            InternalEntityEntry entry1;
            bool hasNullKey1;
            materializationContext1 = new MaterializationContext(
                [LIFTABLE Constant: ValueBuffer | Resolver: _ => (object)ValueBuffer.Empty], 
                queryContext.Context
            );
            instance1 = default(Animal);
            entry1 = queryContext.TryGetEntry(
                key: Key: Animal.AnimalId PK, 
                keyValues: new object[]{ (object)dataReader.GetInt32(0) }, 
                throwOnNullKey: True, 
                hasNullKey: hasNullKey1);
            !(hasNullKey1) ? entry1 != default(InternalEntityEntry) ? 
            {
                entityType1 = entry1.EntityType;
                return instance1 = (Animal)entry1.Entity;
            } : 
            {
                ISnapshot shadowSnapshot1;
                shadowSnapshot1 = Snapshot;
                entityType1 = EntityType: Animal;
                instance1 = switch (entityType1)
                {
                    case EntityType: Animal: 
                        {
                            return 
                            {
                                Animal instance;
                                instance = new Animal();
                                instance.<AnimalId>k__BackingField = dataReader.GetInt32(0);
                                instance.<Age>k__BackingField = dataReader.GetInt32(1);
                                instance.<Description>k__BackingField = dataReader.IsDBNull(2) ? default(string) : dataReader.GetString(2);
                                instance.<IsAvailable>k__BackingField = dataReader.GetBoolean(3);
                                instance.<Name>k__BackingField = dataReader.GetString(4);
                                instance.<Photo>k__BackingField = dataReader.IsDBNull(5) ? default(string) : dataReader.GetString(5);
                                instance.<Species>k__BackingField = dataReader.IsDBNull(6) ? default(string) : dataReader.GetString(6);
                                (instance is IInjectableService) ? ((IInjectableService)instance).Injected(
                                    context: materializationContext1.Context, 
                                    entity: instance, 
                                    queryTrackingBehavior: TrackAll, 
                                    structuralType: EntityType: Animal) : default(void);
                                return instance;
                            }}
                    default: 
                        default(Animal)
                }
                ;
                entry1 = entityType1 == default(IEntityType) ? default(InternalEntityEntry) : queryContext.StartTracking(
                    entityType: entityType1, 
                    entity: instance1, 
                    snapshot: shadowSnapshot1);
                return instance1;
            } : default(void);
            return instance1;
        };
        return entity;
    }, 
    contextType: ValcharUtulek.Database.ShelterDbContext, 
    standAloneStateManager: False, 
    detailedErrorsEnabled: False, 
    threadSafetyChecksEnabled: True)'
2025-12-13 20:01:42.087 +01:00 [DBG] Creating DbConnection.
2025-12-13 20:01:42.089 +01:00 [DBG] Created DbConnection. (1ms).
2025-12-13 20:01:42.091 +01:00 [DBG] Opening connection to database 'shelter' on server '127.0.0.1'.
2025-12-13 20:01:42.100 +01:00 [DBG] Opened connection to database 'shelter' on server '127.0.0.1'.
2025-12-13 20:01:42.102 +01:00 [DBG] Creating DbCommand for 'ExecuteReader'.
2025-12-13 20:01:42.103 +01:00 [DBG] Created DbCommand for 'ExecuteReader' (1ms).
2025-12-13 20:01:42.105 +01:00 [DBG] Initialized DbCommand for 'ExecuteReader' (3ms).
2025-12-13 20:01:42.108 +01:00 [DBG] Executing DbCommand [Parameters=[], CommandType='"Text"', CommandTimeout='30']
SELECT `a`.`AnimalId`, `a`.`Age`, `a`.`Description`, `a`.`IsAvailable`, `a`.`Name`, `a`.`Photo`, `a`.`Species`
FROM `Animals` AS `a`
WHERE `a`.`IsAvailable`
2025-12-13 20:01:42.112 +01:00 [INF] Executed DbCommand (4ms) [Parameters=[], CommandType='"Text"', CommandTimeout='30']
SELECT `a`.`AnimalId`, `a`.`Age`, `a`.`Description`, `a`.`IsAvailable`, `a`.`Name`, `a`.`Photo`, `a`.`Species`
FROM `Animals` AS `a`
WHERE `a`.`IsAvailable`
2025-12-13 20:01:42.119 +01:00 [DBG] Closing data reader to 'shelter' on server '127.0.0.1'.
2025-12-13 20:01:42.121 +01:00 [DBG] A data reader for 'shelter' on server '127.0.0.1' is being disposed after spending 6ms reading results.
2025-12-13 20:01:42.123 +01:00 [DBG] Closing connection to database 'shelter' on server '127.0.0.1'.
2025-12-13 20:01:42.125 +01:00 [DBG] Closed connection to database 'shelter' on server '127.0.0.1' (1ms).
2025-12-13 20:01:42.131 +01:00 [DBG] View lookup cache miss for view 'Index' in controller 'Adoptions'.
2025-12-13 20:01:42.134 +01:00 [INF] Executing ViewResult, running view Index.
2025-12-13 20:01:42.136 +01:00 [DBG] The view path '/Views/Adoptions/Index.cshtml' was found in 4.5989ms.
2025-12-13 20:01:42.145 +01:00 [DBG] View lookup cache miss for view '_Layout' in controller 'Adoptions'.
2025-12-13 20:01:42.171 +01:00 [DBG] Response markup is scheduled to include Browser Link script injection.
2025-12-13 20:01:42.172 +01:00 [DBG] Response markup is scheduled to include browser refresh script injection.
2025-12-13 20:01:42.174 +01:00 [INF] Executed ViewResult - view Index executed in 42.2579ms.
2025-12-13 20:01:42.176 +01:00 [INF] Executed action ValcharUtulek.Controllers.AdoptionsController.Index (ValcharUtulek) in 546.9236ms
2025-12-13 20:01:42.179 +01:00 [INF] Executed endpoint 'ValcharUtulek.Controllers.AdoptionsController.Index (ValcharUtulek)'
2025-12-13 20:01:42.182 +01:00 [DBG] Response markup was updated to include Browser Link script injection.
2025-12-13 20:01:42.184 +01:00 [DBG] Response markup was updated to include browser refresh script injection.
2025-12-13 20:01:42.188 +01:00 [DBG] 'ShelterDbContext' disposed.
2025-12-13 20:01:42.195 +01:00 [DBG] Disposing connection to database 'shelter' on server '127.0.0.1'.
2025-12-13 20:01:42.200 +01:00 [DBG] Disposed connection to database 'shelter' on server '127.0.0.1' (5ms).
2025-12-13 20:01:42.204 +01:00 [INF] Request finished HTTP/2 GET https://localhost:7079/Adoptions - 200 null text/html; charset=utf-8 620.4806ms
2025-12-13 20:01:42.234 +01:00 [INF] Request starting HTTP/2 GET https://localhost:7079/css/adoptions/index.css?v=M0p2PrmPTf2XQ89sdpSgHBC3YC0k0763qBxmHTB_sT8 - null null
2025-12-13 20:01:42.234 +01:00 [INF] Request starting HTTP/2 GET https://localhost:7079/_framework/aspnetcore-browser-refresh.js - null null
2025-12-13 20:01:42.234 +01:00 [INF] Request starting HTTP/2 GET https://localhost:7079/_vs/browserLink - null null
2025-12-13 20:01:42.238 +01:00 [INF] The file /css/adoptions/index.css was not modified
2025-12-13 20:01:42.242 +01:00 [DBG] Script injected: /_framework/aspnetcore-browser-refresh.js
2025-12-13 20:01:42.246 +01:00 [DBG] Handled. Status code: 304 File: /css/adoptions/index.css
2025-12-13 20:01:42.252 +01:00 [INF] Request finished HTTP/2 GET https://localhost:7079/_framework/aspnetcore-browser-refresh.js - 200 16511 application/javascript; charset=utf-8 17.1045ms
2025-12-13 20:01:42.254 +01:00 [INF] Request finished HTTP/2 GET https://localhost:7079/css/adoptions/index.css?v=M0p2PrmPTf2XQ89sdpSgHBC3YC0k0763qBxmHTB_sT8 - 304 null text/css 19.9301ms
2025-12-13 20:01:42.257 +01:00 [INF] Request finished HTTP/2 GET https://localhost:7079/_vs/browserLink - 200 null text/javascript; charset=UTF-8 22.4115ms
2025-12-13 20:01:44.793 +01:00 [INF] Request starting HTTP/2 GET https://localhost:7079/Gifts - null null
2025-12-13 20:01:44.800 +01:00 [DBG] The request path /Gifts does not match a supported file type
2025-12-13 20:01:44.804 +01:00 [DBG] 1 candidate(s) found for the request path '/Gifts'
2025-12-13 20:01:44.805 +01:00 [DBG] Endpoint 'ValcharUtulek.Controllers.GiftsController.Index (ValcharUtulek)' with route pattern '{controller=Home}/{action=Index}/{id?}' is valid for the request path '/Gifts'
2025-12-13 20:01:44.807 +01:00 [DBG] Request matched endpoint 'ValcharUtulek.Controllers.GiftsController.Index (ValcharUtulek)'
2025-12-13 20:01:44.812 +01:00 [DBG] AuthenticationScheme: Cookies was not authenticated.
2025-12-13 20:01:44.814 +01:00 [INF] Executing endpoint 'ValcharUtulek.Controllers.GiftsController.Index (ValcharUtulek)'
2025-12-13 20:01:44.821 +01:00 [INF] Route matched with {action = "Index", controller = "Gifts"}. Executing controller action with signature System.Threading.Tasks.Task`1[Microsoft.AspNetCore.Mvc.IActionResult] Index() on controller ValcharUtulek.Controllers.GiftsController (ValcharUtulek).
2025-12-13 20:01:44.823 +01:00 [DBG] Execution plan of authorization filters (in the following order): ["None"]
2025-12-13 20:01:44.825 +01:00 [DBG] Execution plan of resource filters (in the following order): ["Microsoft.AspNetCore.Mvc.ViewFeatures.Filters.SaveTempDataFilter"]
2025-12-13 20:01:44.826 +01:00 [DBG] Execution plan of action filters (in the following order): ["Microsoft.AspNetCore.Mvc.Filters.ControllerActionFilter (Order: -2147483648)","Microsoft.AspNetCore.Mvc.ModelBinding.UnsupportedContentTypeFilter (Order: -3000)"]
2025-12-13 20:01:44.829 +01:00 [DBG] Execution plan of exception filters (in the following order): ["None"]
2025-12-13 20:01:44.830 +01:00 [DBG] Execution plan of result filters (in the following order): ["Microsoft.AspNetCore.Mvc.ViewFeatures.Filters.SaveTempDataFilter"]
2025-12-13 20:01:44.833 +01:00 [DBG] Executing controller factory for controller ValcharUtulek.Controllers.GiftsController (ValcharUtulek)
2025-12-13 20:01:44.846 +01:00 [DBG] Executed controller factory for controller ValcharUtulek.Controllers.GiftsController (ValcharUtulek)
2025-12-13 20:01:44.903 +01:00 [DBG] Entity Framework Core 9.0.10 initialized 'ShelterDbContext' using provider 'Pomelo.EntityFrameworkCore.MySql:9.0.0' with options: ParameterizedCollectionTranslationMode=Constantize ServerVersion=8.0.44-mysql 
2025-12-13 20:01:44.908 +01:00 [DBG] Compiling query expression: 
'DbSet<Gift>()'
2025-12-13 20:01:44.915 +01:00 [DBG] Generated query execution expression: 
'queryContext => SingleQueryingEnumerable.Create<Gift>(
    relationalQueryContext: (RelationalQueryContext)queryContext, 
    relationalCommandResolver: parameters => [LIFTABLE Constant: RelationalCommandCache.QueryExpression(
        Projection Mapping:
            EmptyProjectionMember -> Dictionary<IProperty, int> { [Property: Gift.GiftId (int) Required PK AfterSave:Throw ValueGenerated.OnAdd, 0], [Property: Gift.Amount (double) Required, 1], [Property: Gift.GiftDate (DateOnly) Required, 2], [Property: Gift.UserId (int) Required, 3] }
        SELECT g.GiftId, g.Amount, g.GiftDate, g.UserId
        FROM Gifts AS g) | Resolver: c => new RelationalCommandCache(
        c.Dependencies.MemoryCache, 
        c.RelationalDependencies.QuerySqlGeneratorFactory, 
        c.RelationalDependencies.RelationalParameterBasedSqlProcessorFactory, 
        Projection Mapping:
            EmptyProjectionMember -> Dictionary<IProperty, int> { [Property: Gift.GiftId (int) Required PK AfterSave:Throw ValueGenerated.OnAdd, 0], [Property: Gift.Amount (double) Required, 1], [Property: Gift.GiftDate (DateOnly) Required, 2], [Property: Gift.UserId (int) Required, 3] }
        SELECT g.GiftId, g.Amount, g.GiftDate, g.UserId
        FROM Gifts AS g, 
        False, 
        new HashSet<string>(
            new string[]{ }, 
            StringComparer.Ordinal
        )
    )].GetRelationalCommandTemplate(parameters), 
    readerColumns: null, 
    shaper: (queryContext, dataReader, resultContext, resultCoordinator) => 
    {
        Gift entity;
        entity = 
        {
            MaterializationContext materializationContext1;
            IEntityType entityType1;
            Gift instance1;
            InternalEntityEntry entry1;
            bool hasNullKey1;
            materializationContext1 = new MaterializationContext(
                [LIFTABLE Constant: ValueBuffer | Resolver: _ => (object)ValueBuffer.Empty], 
                queryContext.Context
            );
            instance1 = default(Gift);
            entry1 = queryContext.TryGetEntry(
                key: Key: Gift.GiftId PK, 
                keyValues: new object[]{ (object)dataReader.GetInt32(0) }, 
                throwOnNullKey: True, 
                hasNullKey: hasNullKey1);
            !(hasNullKey1) ? entry1 != default(InternalEntityEntry) ? 
            {
                entityType1 = entry1.EntityType;
                return instance1 = (Gift)entry1.Entity;
            } : 
            {
                ISnapshot shadowSnapshot1;
                shadowSnapshot1 = Snapshot;
                entityType1 = EntityType: Gift;
                instance1 = switch (entityType1)
                {
                    case EntityType: Gift: 
                        {
                            return 
                            {
                                Gift instance;
                                instance = new Gift();
                                instance.<GiftId>k__BackingField = dataReader.GetInt32(0);
                                instance.<Amount>k__BackingField = dataReader.GetDouble(1);
                                instance.<GiftDate>k__BackingField = dataReader.GetFieldValue<DateOnly>(2);
                                instance.<UserId>k__BackingField = dataReader.GetInt32(3);
                                (instance is IInjectableService) ? ((IInjectableService)instance).Injected(
                                    context: materializationContext1.Context, 
                                    entity: instance, 
                                    queryTrackingBehavior: TrackAll, 
                                    structuralType: EntityType: Gift) : default(void);
                                return instance;
                            }}
                    default: 
                        default(Gift)
                }
                ;
                entry1 = entityType1 == default(IEntityType) ? default(InternalEntityEntry) : queryContext.StartTracking(
                    entityType: entityType1, 
                    entity: instance1, 
                    snapshot: shadowSnapshot1);
                return instance1;
            } : default(void);
            return instance1;
        };
        return entity;
    }, 
    contextType: ValcharUtulek.Database.ShelterDbContext, 
    standAloneStateManager: False, 
    detailedErrorsEnabled: False, 
    threadSafetyChecksEnabled: True)'
2025-12-13 20:01:44.920 +01:00 [DBG] Creating DbConnection.
2025-12-13 20:01:44.921 +01:00 [DBG] Created DbConnection. (1ms).
2025-12-13 20:01:44.922 +01:00 [DBG] Opening connection to database 'shelter' on server '127.0.0.1'.
2025-12-13 20:01:44.924 +01:00 [DBG] Opened connection to database 'shelter' on server '127.0.0.1'.
2025-12-13 20:01:44.926 +01:00 [DBG] Creating DbCommand for 'ExecuteReader'.
2025-12-13 20:01:44.927 +01:00 [DBG] Created DbCommand for 'ExecuteReader' (1ms).
2025-12-13 20:01:44.929 +01:00 [DBG] Initialized DbCommand for 'ExecuteReader' (2ms).
2025-12-13 20:01:44.930 +01:00 [DBG] Executing DbCommand [Parameters=[], CommandType='"Text"', CommandTimeout='30']
SELECT `g`.`GiftId`, `g`.`Amount`, `g`.`GiftDate`, `g`.`UserId`
FROM `Gifts` AS `g`
2025-12-13 20:01:44.934 +01:00 [INF] Executed DbCommand (4ms) [Parameters=[], CommandType='"Text"', CommandTimeout='30']
SELECT `g`.`GiftId`, `g`.`Amount`, `g`.`GiftDate`, `g`.`UserId`
FROM `Gifts` AS `g`
2025-12-13 20:01:44.937 +01:00 [DBG] Closing data reader to 'shelter' on server '127.0.0.1'.
2025-12-13 20:01:44.938 +01:00 [DBG] A data reader for 'shelter' on server '127.0.0.1' is being disposed after spending 1ms reading results.
2025-12-13 20:01:44.940 +01:00 [DBG] Closing connection to database 'shelter' on server '127.0.0.1'.
2025-12-13 20:01:44.942 +01:00 [DBG] Closed connection to database 'shelter' on server '127.0.0.1' (1ms).
2025-12-13 20:01:44.944 +01:00 [DBG] View lookup cache miss for view 'Index' in controller 'Gifts'.
2025-12-13 20:01:44.947 +01:00 [INF] Executing ViewResult, running view Index.
2025-12-13 20:01:44.948 +01:00 [DBG] The view path '/Views/Gifts/Index.cshtml' was found in 4.0045ms.
2025-12-13 20:01:44.968 +01:00 [DBG] Found the endpoints ["Route: {controller=Home}/{action=Index}/{id?}"] for address (action=[Create],controller=[Gifts])
2025-12-13 20:01:44.975 +01:00 [DBG] Successfully processed template {controller=Home}/{action=Index}/{id?} for Route: {controller=Home}/{action=Index}/{id?} resulting in /Gifts/Create and 
2025-12-13 20:01:44.979 +01:00 [DBG] Link generation succeeded for endpoints ["Route: {controller=Home}/{action=Index}/{id?}"] with result /Gifts/Create
2025-12-13 20:01:44.989 +01:00 [DBG] View lookup cache miss for view '_Layout' in controller 'Gifts'.
2025-12-13 20:01:44.991 +01:00 [DBG] Response markup is scheduled to include Browser Link script injection.
2025-12-13 20:01:44.992 +01:00 [DBG] Response markup is scheduled to include browser refresh script injection.
2025-12-13 20:01:44.993 +01:00 [INF] Executed ViewResult - view Index executed in 48.7839ms.
2025-12-13 20:01:44.995 +01:00 [INF] Executed action ValcharUtulek.Controllers.GiftsController.Index (ValcharUtulek) in 162.3407ms
2025-12-13 20:01:44.997 +01:00 [INF] Executed endpoint 'ValcharUtulek.Controllers.GiftsController.Index (ValcharUtulek)'
2025-12-13 20:01:44.998 +01:00 [DBG] Response markup was updated to include Browser Link script injection.
2025-12-13 20:01:44.999 +01:00 [DBG] Response markup was updated to include browser refresh script injection.
2025-12-13 20:01:45.000 +01:00 [DBG] 'ShelterDbContext' disposed.
2025-12-13 20:01:45.005 +01:00 [DBG] Disposing connection to database 'shelter' on server '127.0.0.1'.
2025-12-13 20:01:45.007 +01:00 [DBG] Disposed connection to database 'shelter' on server '127.0.0.1' (2ms).
2025-12-13 20:01:45.009 +01:00 [INF] Request finished HTTP/2 GET https://localhost:7079/Gifts - 200 null text/html; charset=utf-8 216.8583ms
2025-12-13 20:01:45.049 +01:00 [INF] Request starting HTTP/2 GET https://localhost:7079/_vs/browserLink - null null
2025-12-13 20:01:45.050 +01:00 [INF] Request starting HTTP/2 GET https://localhost:7079/_framework/aspnetcore-browser-refresh.js - null null
2025-12-13 20:01:45.061 +01:00 [DBG] Script injected: /_framework/aspnetcore-browser-refresh.js
2025-12-13 20:01:45.063 +01:00 [INF] Request finished HTTP/2 GET https://localhost:7079/_framework/aspnetcore-browser-refresh.js - 200 16511 application/javascript; charset=utf-8 13.1902ms
2025-12-13 20:01:45.064 +01:00 [INF] Request finished HTTP/2 GET https://localhost:7079/_vs/browserLink - 200 null text/javascript; charset=UTF-8 14.5394ms
2025-12-13 20:01:45.612 +01:00 [INF] Request starting HTTP/2 GET https://localhost:7079/News - null null
2025-12-13 20:01:45.619 +01:00 [DBG] The request path /News does not match a supported file type
2025-12-13 20:01:45.622 +01:00 [DBG] 1 candidate(s) found for the request path '/News'
2025-12-13 20:01:45.623 +01:00 [DBG] Endpoint 'ValcharUtulek.Controllers.NewsController.Index (ValcharUtulek)' with route pattern '{controller=Home}/{action=Index}/{id?}' is valid for the request path '/News'
2025-12-13 20:01:45.625 +01:00 [DBG] Request matched endpoint 'ValcharUtulek.Controllers.NewsController.Index (ValcharUtulek)'
2025-12-13 20:01:45.627 +01:00 [DBG] AuthenticationScheme: Cookies was not authenticated.
2025-12-13 20:01:45.628 +01:00 [INF] Executing endpoint 'ValcharUtulek.Controllers.NewsController.Index (ValcharUtulek)'
2025-12-13 20:01:45.633 +01:00 [INF] Route matched with {action = "Index", controller = "News"}. Executing controller action with signature System.Threading.Tasks.Task`1[Microsoft.AspNetCore.Mvc.IActionResult] Index() on controller ValcharUtulek.Controllers.NewsController (ValcharUtulek).
2025-12-13 20:01:45.636 +01:00 [DBG] Execution plan of authorization filters (in the following order): ["None"]
2025-12-13 20:01:45.638 +01:00 [DBG] Execution plan of resource filters (in the following order): ["Microsoft.AspNetCore.Mvc.ViewFeatures.Filters.SaveTempDataFilter"]
2025-12-13 20:01:45.639 +01:00 [DBG] Execution plan of action filters (in the following order): ["Microsoft.AspNetCore.Mvc.Filters.ControllerActionFilter (Order: -2147483648)","Microsoft.AspNetCore.Mvc.ModelBinding.UnsupportedContentTypeFilter (Order: -3000)"]
2025-12-13 20:01:45.642 +01:00 [DBG] Execution plan of exception filters (in the following order): ["None"]
2025-12-13 20:01:45.644 +01:00 [DBG] Execution plan of result filters (in the following order): ["Microsoft.AspNetCore.Mvc.ViewFeatures.Filters.SaveTempDataFilter"]
2025-12-13 20:01:45.646 +01:00 [DBG] Executing controller factory for controller ValcharUtulek.Controllers.NewsController (ValcharUtulek)
2025-12-13 20:01:45.656 +01:00 [DBG] Executed controller factory for controller ValcharUtulek.Controllers.NewsController (ValcharUtulek)
2025-12-13 20:01:45.659 +01:00 [DBG] Entity Framework Core 9.0.10 initialized 'ShelterDbContext' using provider 'Pomelo.EntityFrameworkCore.MySql:9.0.0' with options: ParameterizedCollectionTranslationMode=Constantize ServerVersion=8.0.44-mysql 
2025-12-13 20:01:45.663 +01:00 [DBG] Compiling query expression: 
'DbSet<News>()'
2025-12-13 20:01:45.670 +01:00 [DBG] Generated query execution expression: 
'queryContext => SingleQueryingEnumerable.Create<News>(
    relationalQueryContext: (RelationalQueryContext)queryContext, 
    relationalCommandResolver: parameters => [LIFTABLE Constant: RelationalCommandCache.QueryExpression(
        Projection Mapping:
            EmptyProjectionMember -> Dictionary<IProperty, int> { [Property: News.NewsId (int) Required PK AfterSave:Throw ValueGenerated.OnAdd, 0], [Property: News.AuthorId (int) Required, 1], [Property: News.Content (string), 2], [Property: News.DateAdded (DateOnly) Required, 3], [Property: News.Photo (string), 4], [Property: News.Title (string), 5] }
        SELECT n.NewsId, n.AuthorId, n.Content, n.DateAdded, n.Photo, n.Title
        FROM News AS n) | Resolver: c => new RelationalCommandCache(
        c.Dependencies.MemoryCache, 
        c.RelationalDependencies.QuerySqlGeneratorFactory, 
        c.RelationalDependencies.RelationalParameterBasedSqlProcessorFactory, 
        Projection Mapping:
            EmptyProjectionMember -> Dictionary<IProperty, int> { [Property: News.NewsId (int) Required PK AfterSave:Throw ValueGenerated.OnAdd, 0], [Property: News.AuthorId (int) Required, 1], [Property: News.Content (string), 2], [Property: News.DateAdded (DateOnly) Required, 3], [Property: News.Photo (string), 4], [Property: News.Title (string), 5] }
        SELECT n.NewsId, n.AuthorId, n.Content, n.DateAdded, n.Photo, n.Title
        FROM News AS n, 
        False, 
        new HashSet<string>(
            new string[]{ }, 
            StringComparer.Ordinal
        )
    )].GetRelationalCommandTemplate(parameters), 
    readerColumns: null, 
    shaper: (queryContext, dataReader, resultContext, resultCoordinator) => 
    {
        News entity;
        entity = 
        {
            MaterializationContext materializationContext1;
            IEntityType entityType1;
            News instance1;
            InternalEntityEntry entry1;
            bool hasNullKey1;
            materializationContext1 = new MaterializationContext(
                [LIFTABLE Constant: ValueBuffer | Resolver: _ => (object)ValueBuffer.Empty], 
                queryContext.Context
            );
            instance1 = default(News);
            entry1 = queryContext.TryGetEntry(
                key: Key: News.NewsId PK, 
                keyValues: new object[]{ (object)dataReader.GetInt32(0) }, 
                throwOnNullKey: True, 
                hasNullKey: hasNullKey1);
            !(hasNullKey1) ? entry1 != default(InternalEntityEntry) ? 
            {
                entityType1 = entry1.EntityType;
                return instance1 = (News)entry1.Entity;
            } : 
            {
                ISnapshot shadowSnapshot1;
                shadowSnapshot1 = Snapshot;
                entityType1 = EntityType: News;
                instance1 = switch (entityType1)
                {
                    case EntityType: News: 
                        {
                            return 
                            {
                                News instance;
                                instance = new News();
                                instance.<NewsId>k__BackingField = dataReader.GetInt32(0);
                                instance.<AuthorId>k__BackingField = dataReader.GetInt32(1);
                                instance.<Content>k__BackingField = dataReader.IsDBNull(2) ? default(string) : dataReader.GetString(2);
                                instance.<DateAdded>k__BackingField = dataReader.GetFieldValue<DateOnly>(3);
                                instance.<Photo>k__BackingField = dataReader.IsDBNull(4) ? default(string) : dataReader.GetString(4);
                                instance.<Title>k__BackingField = dataReader.IsDBNull(5) ? default(string) : dataReader.GetString(5);
                                (instance is IInjectableService) ? ((IInjectableService)instance).Injected(
                                    context: materializationContext1.Context, 
                                    entity: instance, 
                                    queryTrackingBehavior: TrackAll, 
                                    structuralType: EntityType: News) : default(void);
                                return instance;
                            }}
                    default: 
                        default(News)
                }
                ;
                entry1 = entityType1 == default(IEntityType) ? default(InternalEntityEntry) : queryContext.StartTracking(
                    entityType: entityType1, 
                    entity: instance1, 
                    snapshot: shadowSnapshot1);
                return instance1;
            } : default(void);
            return instance1;
        };
        return entity;
    }, 
    contextType: ValcharUtulek.Database.ShelterDbContext, 
    standAloneStateManager: False, 
    detailedErrorsEnabled: False, 
    threadSafetyChecksEnabled: True)'
2025-12-13 20:01:45.675 +01:00 [DBG] Creating DbConnection.
2025-12-13 20:01:45.678 +01:00 [DBG] Created DbConnection. (2ms).
2025-12-13 20:01:45.679 +01:00 [DBG] Opening connection to database 'shelter' on server '127.0.0.1'.
2025-12-13 20:01:45.682 +01:00 [DBG] Opened connection to database 'shelter' on server '127.0.0.1'.
2025-12-13 20:01:45.685 +01:00 [DBG] Creating DbCommand for 'ExecuteReader'.
2025-12-13 20:01:45.688 +01:00 [DBG] Created DbCommand for 'ExecuteReader' (2ms).
2025-12-13 20:01:45.689 +01:00 [DBG] Initialized DbCommand for 'ExecuteReader' (4ms).
2025-12-13 20:01:45.691 +01:00 [DBG] Executing DbCommand [Parameters=[], CommandType='"Text"', CommandTimeout='30']
SELECT `n`.`NewsId`, `n`.`AuthorId`, `n`.`Content`, `n`.`DateAdded`, `n`.`Photo`, `n`.`Title`
FROM `News` AS `n`
2025-12-13 20:01:45.694 +01:00 [INF] Executed DbCommand (3ms) [Parameters=[], CommandType='"Text"', CommandTimeout='30']
SELECT `n`.`NewsId`, `n`.`AuthorId`, `n`.`Content`, `n`.`DateAdded`, `n`.`Photo`, `n`.`Title`
FROM `News` AS `n`
2025-12-13 20:01:45.732 +01:00 [DBG] Context 'ShelterDbContext' started tracking 'News' entity. Consider using 'DbContextOptionsBuilder.EnableSensitiveDataLogging' to see key values.
2025-12-13 20:01:45.756 +01:00 [DBG] Closing data reader to 'shelter' on server '127.0.0.1'.
2025-12-13 20:01:45.758 +01:00 [DBG] A data reader for 'shelter' on server '127.0.0.1' is being disposed after spending 60ms reading results.
2025-12-13 20:01:45.760 +01:00 [DBG] Closing connection to database 'shelter' on server '127.0.0.1'.
2025-12-13 20:01:45.761 +01:00 [DBG] Closed connection to database 'shelter' on server '127.0.0.1' (1ms).
2025-12-13 20:01:45.763 +01:00 [DBG] View lookup cache miss for view 'Index' in controller 'News'.
2025-12-13 20:01:45.766 +01:00 [INF] Executing ViewResult, running view Index.
2025-12-13 20:01:45.767 +01:00 [DBG] The view path '/Views/News/Index.cshtml' was found in 3.6669ms.
2025-12-13 20:01:45.775 +01:00 [DBG] Found the endpoints ["Route: {controller=Home}/{action=Index}/{id?}"] for address (action=[Create],controller=[News])
2025-12-13 20:01:45.778 +01:00 [DBG] Successfully processed template {controller=Home}/{action=Index}/{id?} for Route: {controller=Home}/{action=Index}/{id?} resulting in /News/Create and 
2025-12-13 20:01:45.780 +01:00 [DBG] Link generation succeeded for endpoints ["Route: {controller=Home}/{action=Index}/{id?}"] with result /News/Create
2025-12-13 20:01:45.788 +01:00 [DBG] View lookup cache miss for view 'DisplayTemplates/String' in controller 'News'.
2025-12-13 20:01:45.791 +01:00 [DBG] View lookup cache hit for view 'DisplayTemplates/String' in controller 'News'.
2025-12-13 20:01:45.796 +01:00 [DBG] View lookup cache miss for view 'DisplayTemplates/DateOnly' in controller 'News'.
2025-12-13 20:01:45.797 +01:00 [DBG] View lookup cache hit for view 'DisplayTemplates/String' in controller 'News'.
2025-12-13 20:01:45.806 +01:00 [DBG] View lookup cache hit for view 'DisplayTemplates/String' in controller 'News'.
2025-12-13 20:01:45.809 +01:00 [DBG] View lookup cache miss for view 'DisplayTemplates/Int32' in controller 'News'.
2025-12-13 20:01:45.812 +01:00 [DBG] View lookup cache hit for view 'DisplayTemplates/String' in controller 'News'.
2025-12-13 20:01:45.814 +01:00 [DBG] Found the endpoints ["Route: {controller=Home}/{action=Index}/{id?}"] for address (id=[1],action=[Edit],controller=[News])
2025-12-13 20:01:45.815 +01:00 [DBG] Successfully processed template {controller=Home}/{action=Index}/{id?} for Route: {controller=Home}/{action=Index}/{id?} resulting in /News/Edit/1 and 
2025-12-13 20:01:45.818 +01:00 [DBG] Link generation succeeded for endpoints ["Route: {controller=Home}/{action=Index}/{id?}"] with result /News/Edit/1
2025-12-13 20:01:45.820 +01:00 [DBG] Found the endpoints ["Route: {controller=Home}/{action=Index}/{id?}"] for address (id=[1],action=[Details],controller=[News])
2025-12-13 20:01:45.822 +01:00 [DBG] Successfully processed template {controller=Home}/{action=Index}/{id?} for Route: {controller=Home}/{action=Index}/{id?} resulting in /News/Details/1 and 
2025-12-13 20:01:45.824 +01:00 [DBG] Link generation succeeded for endpoints ["Route: {controller=Home}/{action=Index}/{id?}"] with result /News/Details/1
2025-12-13 20:01:45.826 +01:00 [DBG] Found the endpoints ["Route: {controller=Home}/{action=Index}/{id?}"] for address (id=[1],action=[Delete],controller=[News])
2025-12-13 20:01:45.828 +01:00 [DBG] Successfully processed template {controller=Home}/{action=Index}/{id?} for Route: {controller=Home}/{action=Index}/{id?} resulting in /News/Delete/1 and 
2025-12-13 20:01:45.830 +01:00 [DBG] Link generation succeeded for endpoints ["Route: {controller=Home}/{action=Index}/{id?}"] with result /News/Delete/1
2025-12-13 20:01:45.833 +01:00 [DBG] View lookup cache miss for view '_Layout' in controller 'News'.
2025-12-13 20:01:45.838 +01:00 [DBG] Response markup is scheduled to include Browser Link script injection.
2025-12-13 20:01:45.839 +01:00 [DBG] Response markup is scheduled to include browser refresh script injection.
2025-12-13 20:01:45.849 +01:00 [INF] Executed ViewResult - view Index executed in 85.5223ms.
2025-12-13 20:01:45.855 +01:00 [INF] Executed action ValcharUtulek.Controllers.NewsController.Index (ValcharUtulek) in 209.7008ms
2025-12-13 20:01:45.860 +01:00 [INF] Executed endpoint 'ValcharUtulek.Controllers.NewsController.Index (ValcharUtulek)'
2025-12-13 20:01:45.862 +01:00 [DBG] Response markup was updated to include Browser Link script injection.
2025-12-13 20:01:45.863 +01:00 [DBG] Response markup was updated to include browser refresh script injection.
2025-12-13 20:01:45.864 +01:00 [DBG] 'ShelterDbContext' disposed.
2025-12-13 20:01:45.866 +01:00 [DBG] Disposing connection to database 'shelter' on server '127.0.0.1'.
2025-12-13 20:01:45.867 +01:00 [DBG] Disposed connection to database 'shelter' on server '127.0.0.1' (1ms).
2025-12-13 20:01:45.869 +01:00 [INF] Request finished HTTP/2 GET https://localhost:7079/News - 200 null text/html; charset=utf-8 257.4641ms
2025-12-13 20:01:45.908 +01:00 [INF] Request starting HTTP/2 GET https://localhost:7079/_vs/browserLink - null null
2025-12-13 20:01:45.908 +01:00 [INF] Request starting HTTP/2 GET https://localhost:7079/_framework/aspnetcore-browser-refresh.js - null null
2025-12-13 20:01:45.922 +01:00 [DBG] Script injected: /_framework/aspnetcore-browser-refresh.js
2025-12-13 20:01:45.923 +01:00 [INF] Request finished HTTP/2 GET https://localhost:7079/_framework/aspnetcore-browser-refresh.js - 200 16511 application/javascript; charset=utf-8 15.2965ms
2025-12-13 20:01:45.925 +01:00 [INF] Request finished HTTP/2 GET https://localhost:7079/_vs/browserLink - 200 null text/javascript; charset=UTF-8 17.3288ms
2025-12-13 20:01:46.381 +01:00 [INF] Request starting HTTP/2 GET https://localhost:7079/Home - null null
2025-12-13 20:01:46.387 +01:00 [DBG] The request path /Home does not match a supported file type
2025-12-13 20:01:46.389 +01:00 [DBG] 1 candidate(s) found for the request path '/Home'
2025-12-13 20:01:46.390 +01:00 [DBG] Endpoint 'ValcharUtulek.Controllers.HomeController.Index (ValcharUtulek)' with route pattern '{controller=Home}/{action=Index}/{id?}' is valid for the request path '/Home'
2025-12-13 20:01:46.392 +01:00 [DBG] Request matched endpoint 'ValcharUtulek.Controllers.HomeController.Index (ValcharUtulek)'
2025-12-13 20:01:46.394 +01:00 [DBG] AuthenticationScheme: Cookies was not authenticated.
2025-12-13 20:01:46.396 +01:00 [INF] Executing endpoint 'ValcharUtulek.Controllers.HomeController.Index (ValcharUtulek)'
2025-12-13 20:01:46.397 +01:00 [INF] Route matched with {action = "Index", controller = "Home"}. Executing controller action with signature Microsoft.AspNetCore.Mvc.IActionResult Index() on controller ValcharUtulek.Controllers.HomeController (ValcharUtulek).
2025-12-13 20:01:46.400 +01:00 [DBG] Execution plan of authorization filters (in the following order): ["None"]
2025-12-13 20:01:46.402 +01:00 [DBG] Execution plan of resource filters (in the following order): ["Microsoft.AspNetCore.Mvc.ViewFeatures.Filters.SaveTempDataFilter"]
2025-12-13 20:01:46.403 +01:00 [DBG] Execution plan of action filters (in the following order): ["Microsoft.AspNetCore.Mvc.Filters.ControllerActionFilter (Order: -2147483648)","Microsoft.AspNetCore.Mvc.ModelBinding.UnsupportedContentTypeFilter (Order: -3000)"]
2025-12-13 20:01:46.406 +01:00 [DBG] Execution plan of exception filters (in the following order): ["None"]
2025-12-13 20:01:46.407 +01:00 [DBG] Execution plan of result filters (in the following order): ["Microsoft.AspNetCore.Mvc.ViewFeatures.Filters.SaveTempDataFilter"]
2025-12-13 20:01:46.409 +01:00 [DBG] Executing controller factory for controller ValcharUtulek.Controllers.HomeController (ValcharUtulek)
2025-12-13 20:01:46.411 +01:00 [DBG] Executed controller factory for controller ValcharUtulek.Controllers.HomeController (ValcharUtulek)
2025-12-13 20:01:46.413 +01:00 [DBG] View lookup cache hit for view 'Index' in controller 'Home'.
2025-12-13 20:01:46.414 +01:00 [INF] Executing ViewResult, running view Index.
2025-12-13 20:01:46.415 +01:00 [DBG] The view path '/Views/Home/Index.cshtml' was found in 2.662ms.
2025-12-13 20:01:46.417 +01:00 [DBG] View lookup cache hit for view '_Layout' in controller 'Home'.
2025-12-13 20:01:46.419 +01:00 [DBG] Response markup is scheduled to include Browser Link script injection.
2025-12-13 20:01:46.421 +01:00 [DBG] Response markup is scheduled to include browser refresh script injection.
2025-12-13 20:01:46.422 +01:00 [INF] Executed ViewResult - view Index executed in 8.8927ms.
2025-12-13 20:01:46.423 +01:00 [INF] Executed action ValcharUtulek.Controllers.HomeController.Index (ValcharUtulek) in 14.0732ms
2025-12-13 20:01:46.425 +01:00 [INF] Executed endpoint 'ValcharUtulek.Controllers.HomeController.Index (ValcharUtulek)'
2025-12-13 20:01:46.426 +01:00 [DBG] Response markup was updated to include Browser Link script injection.
2025-12-13 20:01:46.428 +01:00 [DBG] Response markup was updated to include browser refresh script injection.
2025-12-13 20:01:46.429 +01:00 [INF] Request finished HTTP/2 GET https://localhost:7079/Home - 200 null text/html; charset=utf-8 47.636ms
2025-12-13 20:01:46.474 +01:00 [INF] Request starting HTTP/2 GET https://localhost:7079/_vs/browserLink - null null
2025-12-13 20:01:46.475 +01:00 [INF] Request starting HTTP/2 GET https://localhost:7079/_framework/aspnetcore-browser-refresh.js - null null
2025-12-13 20:01:46.487 +01:00 [DBG] Script injected: /_framework/aspnetcore-browser-refresh.js
2025-12-13 20:01:46.489 +01:00 [INF] Request finished HTTP/2 GET https://localhost:7079/_vs/browserLink - 200 null text/javascript; charset=UTF-8 15.3265ms
2025-12-13 20:01:46.490 +01:00 [INF] Request finished HTTP/2 GET https://localhost:7079/_framework/aspnetcore-browser-refresh.js - 200 16511 application/javascript; charset=utf-8 15.0103ms
2025-12-13 20:01:48.069 +01:00 [INF] Request starting HTTP/2 GET https://localhost:7079/Adoptions - null null
2025-12-13 20:01:48.077 +01:00 [DBG] The request path /Adoptions does not match a supported file type
2025-12-13 20:01:48.081 +01:00 [DBG] 1 candidate(s) found for the request path '/Adoptions'
2025-12-13 20:01:48.083 +01:00 [DBG] Endpoint 'ValcharUtulek.Controllers.AdoptionsController.Index (ValcharUtulek)' with route pattern '{controller=Home}/{action=Index}/{id?}' is valid for the request path '/Adoptions'
2025-12-13 20:01:48.085 +01:00 [DBG] Request matched endpoint 'ValcharUtulek.Controllers.AdoptionsController.Index (ValcharUtulek)'
2025-12-13 20:01:48.087 +01:00 [DBG] AuthenticationScheme: Cookies was not authenticated.
2025-12-13 20:01:48.089 +01:00 [INF] Executing endpoint 'ValcharUtulek.Controllers.AdoptionsController.Index (ValcharUtulek)'
2025-12-13 20:01:48.091 +01:00 [INF] Route matched with {action = "Index", controller = "Adoptions"}. Executing controller action with signature System.Threading.Tasks.Task`1[Microsoft.AspNetCore.Mvc.IActionResult] Index() on controller ValcharUtulek.Controllers.AdoptionsController (ValcharUtulek).
2025-12-13 20:01:48.093 +01:00 [DBG] Execution plan of authorization filters (in the following order): ["None"]
2025-12-13 20:01:48.095 +01:00 [DBG] Execution plan of resource filters (in the following order): ["Microsoft.AspNetCore.Mvc.ViewFeatures.Filters.SaveTempDataFilter"]
2025-12-13 20:01:48.097 +01:00 [DBG] Execution plan of action filters (in the following order): ["Microsoft.AspNetCore.Mvc.Filters.ControllerActionFilter (Order: -2147483648)","Microsoft.AspNetCore.Mvc.ModelBinding.UnsupportedContentTypeFilter (Order: -3000)"]
2025-12-13 20:01:48.099 +01:00 [DBG] Execution plan of exception filters (in the following order): ["None"]
2025-12-13 20:01:48.101 +01:00 [DBG] Execution plan of result filters (in the following order): ["Microsoft.AspNetCore.Mvc.ViewFeatures.Filters.SaveTempDataFilter"]
2025-12-13 20:01:48.103 +01:00 [DBG] Executing controller factory for controller ValcharUtulek.Controllers.AdoptionsController (ValcharUtulek)
2025-12-13 20:01:48.114 +01:00 [DBG] Executed controller factory for controller ValcharUtulek.Controllers.AdoptionsController (ValcharUtulek)
2025-12-13 20:01:48.116 +01:00 [DBG] Entity Framework Core 9.0.10 initialized 'ShelterDbContext' using provider 'Pomelo.EntityFrameworkCore.MySql:9.0.0' with options: ParameterizedCollectionTranslationMode=Constantize ServerVersion=8.0.44-mysql 
2025-12-13 20:01:48.123 +01:00 [DBG] Creating DbConnection.
2025-12-13 20:01:48.124 +01:00 [DBG] Created DbConnection. (1ms).
2025-12-13 20:01:48.125 +01:00 [DBG] Opening connection to database 'shelter' on server '127.0.0.1'.
2025-12-13 20:01:48.128 +01:00 [DBG] Opened connection to database 'shelter' on server '127.0.0.1'.
2025-12-13 20:01:48.129 +01:00 [DBG] Creating DbCommand for 'ExecuteReader'.
2025-12-13 20:01:48.131 +01:00 [DBG] Created DbCommand for 'ExecuteReader' (1ms).
2025-12-13 20:01:48.132 +01:00 [DBG] Initialized DbCommand for 'ExecuteReader' (2ms).
2025-12-13 20:01:48.134 +01:00 [DBG] Executing DbCommand [Parameters=[], CommandType='"Text"', CommandTimeout='30']
SELECT `a`.`AnimalId`, `a`.`Age`, `a`.`Description`, `a`.`IsAvailable`, `a`.`Name`, `a`.`Photo`, `a`.`Species`
FROM `Animals` AS `a`
WHERE `a`.`IsAvailable`
2025-12-13 20:01:48.137 +01:00 [INF] Executed DbCommand (3ms) [Parameters=[], CommandType='"Text"', CommandTimeout='30']
SELECT `a`.`AnimalId`, `a`.`Age`, `a`.`Description`, `a`.`IsAvailable`, `a`.`Name`, `a`.`Photo`, `a`.`Species`
FROM `Animals` AS `a`
WHERE `a`.`IsAvailable`
2025-12-13 20:01:48.140 +01:00 [DBG] Closing data reader to 'shelter' on server '127.0.0.1'.
2025-12-13 20:01:48.142 +01:00 [DBG] A data reader for 'shelter' on server '127.0.0.1' is being disposed after spending 2ms reading results.
2025-12-13 20:01:48.144 +01:00 [DBG] Closing connection to database 'shelter' on server '127.0.0.1'.
2025-12-13 20:01:48.145 +01:00 [DBG] Closed connection to database 'shelter' on server '127.0.0.1' (1ms).
2025-12-13 20:01:48.147 +01:00 [DBG] View lookup cache hit for view 'Index' in controller 'Adoptions'.
2025-12-13 20:01:48.149 +01:00 [INF] Executing ViewResult, running view Index.
2025-12-13 20:01:48.151 +01:00 [DBG] The view path '/Views/Adoptions/Index.cshtml' was found in 3.2914ms.
2025-12-13 20:01:48.153 +01:00 [DBG] View lookup cache hit for view '_Layout' in controller 'Adoptions'.
2025-12-13 20:01:48.155 +01:00 [DBG] Response markup is scheduled to include Browser Link script injection.
2025-12-13 20:01:48.156 +01:00 [DBG] Response markup is scheduled to include browser refresh script injection.
2025-12-13 20:01:48.157 +01:00 [INF] Executed ViewResult - view Index executed in 9.9711ms.
2025-12-13 20:01:48.159 +01:00 [INF] Executed action ValcharUtulek.Controllers.AdoptionsController.Index (ValcharUtulek) in 56.4485ms
2025-12-13 20:01:48.161 +01:00 [INF] Executed endpoint 'ValcharUtulek.Controllers.AdoptionsController.Index (ValcharUtulek)'
2025-12-13 20:01:48.162 +01:00 [DBG] Response markup was updated to include Browser Link script injection.
2025-12-13 20:01:48.163 +01:00 [DBG] Response markup was updated to include browser refresh script injection.
2025-12-13 20:01:48.164 +01:00 [DBG] 'ShelterDbContext' disposed.
2025-12-13 20:01:48.165 +01:00 [DBG] Disposing connection to database 'shelter' on server '127.0.0.1'.
2025-12-13 20:01:48.167 +01:00 [DBG] Disposed connection to database 'shelter' on server '127.0.0.1' (1ms).
2025-12-13 20:01:48.169 +01:00 [INF] Request finished HTTP/2 GET https://localhost:7079/Adoptions - 200 null text/html; charset=utf-8 99.8616ms
2025-12-13 20:01:48.210 +01:00 [INF] Request starting HTTP/2 GET https://localhost:7079/_vs/browserLink - null null
2025-12-13 20:01:48.211 +01:00 [INF] Request starting HTTP/2 GET https://localhost:7079/_framework/aspnetcore-browser-refresh.js - null null
2025-12-13 20:01:48.218 +01:00 [DBG] Script injected: /_framework/aspnetcore-browser-refresh.js
2025-12-13 20:01:48.220 +01:00 [INF] Request finished HTTP/2 GET https://localhost:7079/_vs/browserLink - 200 null text/javascript; charset=UTF-8 10.0484ms
2025-12-13 20:01:48.220 +01:00 [INF] Request finished HTTP/2 GET https://localhost:7079/_framework/aspnetcore-browser-refresh.js - 200 16511 application/javascript; charset=utf-8 9.9309ms
2025-12-13 20:01:54.223 +01:00 [INF] Request starting HTTP/2 GET https://localhost:7079/Account/Login - null null
2025-12-13 20:01:54.232 +01:00 [DBG] The request path /Account/Login does not match a supported file type
2025-12-13 20:01:54.233 +01:00 [DBG] 1 candidate(s) found for the request path '/Account/Login'
2025-12-13 20:01:54.235 +01:00 [DBG] Endpoint 'ValcharUtulek.Controllers.AccountController.Login (ValcharUtulek)' with route pattern '{controller=Home}/{action=Index}/{id?}' is valid for the request path '/Account/Login'
2025-12-13 20:01:54.237 +01:00 [DBG] Request matched endpoint 'ValcharUtulek.Controllers.AccountController.Login (ValcharUtulek)'
2025-12-13 20:01:54.238 +01:00 [DBG] AuthenticationScheme: Cookies was not authenticated.
2025-12-13 20:01:54.240 +01:00 [INF] Executing endpoint 'ValcharUtulek.Controllers.AccountController.Login (ValcharUtulek)'
2025-12-13 20:01:54.250 +01:00 [INF] Route matched with {action = "Login", controller = "Account"}. Executing controller action with signature Microsoft.AspNetCore.Mvc.IActionResult Login(System.String) on controller ValcharUtulek.Controllers.AccountController (ValcharUtulek).
2025-12-13 20:01:54.253 +01:00 [DBG] Execution plan of authorization filters (in the following order): ["None"]
2025-12-13 20:01:54.255 +01:00 [DBG] Execution plan of resource filters (in the following order): ["Microsoft.AspNetCore.Mvc.ViewFeatures.Filters.SaveTempDataFilter"]
2025-12-13 20:01:54.257 +01:00 [DBG] Execution plan of action filters (in the following order): ["Microsoft.AspNetCore.Mvc.Filters.ControllerActionFilter (Order: -2147483648)","Microsoft.AspNetCore.Mvc.ModelBinding.UnsupportedContentTypeFilter (Order: -3000)"]
2025-12-13 20:01:54.259 +01:00 [DBG] Execution plan of exception filters (in the following order): ["None"]
2025-12-13 20:01:54.261 +01:00 [DBG] Execution plan of result filters (in the following order): ["Microsoft.AspNetCore.Mvc.ViewFeatures.Filters.SaveTempDataFilter"]
2025-12-13 20:01:54.263 +01:00 [DBG] Executing controller factory for controller ValcharUtulek.Controllers.AccountController (ValcharUtulek)
2025-12-13 20:01:54.274 +01:00 [DBG] Executed controller factory for controller ValcharUtulek.Controllers.AccountController (ValcharUtulek)
2025-12-13 20:01:54.282 +01:00 [DBG] Attempting to bind parameter 'returnUrl' of type 'System.String' ...
2025-12-13 20:01:54.287 +01:00 [DBG] Attempting to bind parameter 'returnUrl' of type 'System.String' using the name '' in request data ...
2025-12-13 20:01:54.290 +01:00 [DBG] Could not find a value in the request with name '' for binding parameter 'returnUrl' of type 'System.String'.
2025-12-13 20:01:54.292 +01:00 [DBG] Done attempting to bind parameter 'returnUrl' of type 'System.String'.
2025-12-13 20:01:54.294 +01:00 [DBG] Done attempting to bind parameter 'returnUrl' of type 'System.String'.
2025-12-13 20:01:54.296 +01:00 [DBG] Attempting to validate the bound parameter 'returnUrl' of type 'System.String' ...
2025-12-13 20:01:54.299 +01:00 [DBG] Done attempting to validate the bound parameter 'returnUrl' of type 'System.String'.
2025-12-13 20:01:54.303 +01:00 [DBG] View lookup cache miss for view 'Login' in controller 'Account'.
2025-12-13 20:01:54.305 +01:00 [INF] Executing ViewResult, running view Login.
2025-12-13 20:01:54.307 +01:00 [DBG] The view path '/Views/Account/Login.cshtml' was found in 3.6841ms.
2025-12-13 20:01:54.317 +01:00 [DBG] Found the endpoints ["Route: {controller=Home}/{action=Index}/{id?}"] for address (returnurl=[],action=[Login],controller=[Account])
2025-12-13 20:01:54.319 +01:00 [DBG] Successfully processed template {controller=Home}/{action=Index}/{id?} for Route: {controller=Home}/{action=Index}/{id?} resulting in /Account/Login and 
2025-12-13 20:01:54.321 +01:00 [DBG] Link generation succeeded for endpoints ["Route: {controller=Home}/{action=Index}/{id?}"] with result /Account/Login
2025-12-13 20:01:54.331 +01:00 [DBG] A new antiforgery cookie token was created.
2025-12-13 20:01:54.363 +01:00 [DBG] Found the endpoints ["Route: {controller=Home}/{action=Index}/{id?}"] for address (action=[Register],controller=[Account])
2025-12-13 20:01:54.366 +01:00 [DBG] Successfully processed template {controller=Home}/{action=Index}/{id?} for Route: {controller=Home}/{action=Index}/{id?} resulting in /Account/Register and 
2025-12-13 20:01:54.368 +01:00 [DBG] Link generation succeeded for endpoints ["Route: {controller=Home}/{action=Index}/{id?}"] with result /Account/Register
2025-12-13 20:01:54.370 +01:00 [DBG] View lookup cache miss for view '_Layout' in controller 'Account'.
2025-12-13 20:01:54.374 +01:00 [DBG] View lookup cache miss for view '_ValidationScriptsPartial' in controller 'Account'.
2025-12-13 20:01:54.383 +01:00 [DBG] Response markup is scheduled to include Browser Link script injection.
2025-12-13 20:01:54.384 +01:00 [DBG] Response markup is scheduled to include browser refresh script injection.
2025-12-13 20:01:54.386 +01:00 [INF] Executed ViewResult - view Login executed in 82.7283ms.
2025-12-13 20:01:54.387 +01:00 [INF] Executed action ValcharUtulek.Controllers.AccountController.Login (ValcharUtulek) in 124.3398ms
2025-12-13 20:01:54.389 +01:00 [INF] Executed endpoint 'ValcharUtulek.Controllers.AccountController.Login (ValcharUtulek)'
2025-12-13 20:01:54.390 +01:00 [DBG] Response markup was updated to include Browser Link script injection.
2025-12-13 20:01:54.391 +01:00 [DBG] Response markup was updated to include browser refresh script injection.
2025-12-13 20:01:54.392 +01:00 [INF] Request finished HTTP/2 GET https://localhost:7079/Account/Login - 200 null text/html; charset=utf-8 169.4559ms
2025-12-13 20:01:54.449 +01:00 [INF] Request starting HTTP/2 GET https://localhost:7079/lib/jquery-validation/dist/jquery.validate.min.js - null null
2025-12-13 20:01:54.449 +01:00 [INF] Request starting HTTP/2 GET https://localhost:7079/lib/jquery-validation-unobtrusive/dist/jquery.validate.unobtrusive.min.js - null null
2025-12-13 20:01:54.449 +01:00 [INF] Request starting HTTP/2 GET https://localhost:7079/_framework/aspnetcore-browser-refresh.js - null null
2025-12-13 20:01:54.450 +01:00 [INF] Request starting HTTP/2 GET https://localhost:7079/_vs/browserLink - null null
2025-12-13 20:01:54.460 +01:00 [DBG] Script injected: /_framework/aspnetcore-browser-refresh.js
2025-12-13 20:01:54.464 +01:00 [INF] Request finished HTTP/2 GET https://localhost:7079/_framework/aspnetcore-browser-refresh.js - 200 16511 application/javascript; charset=utf-8 14.8948ms
2025-12-13 20:01:54.474 +01:00 [INF] Request finished HTTP/2 GET https://localhost:7079/_vs/browserLink - 200 null text/javascript; charset=UTF-8 23.6762ms
2025-12-13 20:01:54.534 +01:00 [INF] Sending file. Request path: '/lib/jquery-validation/dist/jquery.validate.min.js'. Physical path: 'C:\Users\David\source\repos\ValcharUtulek\ValcharUtulek\wwwroot\lib\jquery-validation\dist\jquery.validate.min.js'
2025-12-13 20:01:54.534 +01:00 [INF] Sending file. Request path: '/lib/jquery-validation-unobtrusive/dist/jquery.validate.unobtrusive.min.js'. Physical path: 'C:\Users\David\source\repos\ValcharUtulek\ValcharUtulek\wwwroot\lib\jquery-validation-unobtrusive\dist\jquery.validate.unobtrusive.min.js'
2025-12-13 20:01:54.536 +01:00 [INF] Request finished HTTP/2 GET https://localhost:7079/lib/jquery-validation/dist/jquery.validate.min.js - 200 25308 text/javascript 87.6249ms
2025-12-13 20:01:54.538 +01:00 [INF] Request finished HTTP/2 GET https://localhost:7079/lib/jquery-validation-unobtrusive/dist/jquery.validate.unobtrusive.min.js - 200 5824 text/javascript 89.4367ms
2025-12-13 20:01:58.770 +01:00 [INF] Request starting HTTP/2 POST https://localhost:7079/Account/Login - application/x-www-form-urlencoded 209
2025-12-13 20:01:58.785 +01:00 [DBG] POST requests are not supported
2025-12-13 20:01:58.787 +01:00 [DBG] 1 candidate(s) found for the request path '/Account/Login'
2025-12-13 20:01:58.789 +01:00 [DBG] Endpoint 'ValcharUtulek.Controllers.AccountController.Login (ValcharUtulek)' with route pattern '{controller=Home}/{action=Index}/{id?}' is valid for the request path '/Account/Login'
2025-12-13 20:01:58.791 +01:00 [DBG] Request matched endpoint 'ValcharUtulek.Controllers.AccountController.Login (ValcharUtulek)'
2025-12-13 20:01:58.793 +01:00 [DBG] AuthenticationScheme: Cookies was not authenticated.
2025-12-13 20:01:58.795 +01:00 [INF] Executing endpoint 'ValcharUtulek.Controllers.AccountController.Login (ValcharUtulek)'
2025-12-13 20:01:58.802 +01:00 [INF] Route matched with {action = "Login", controller = "Account"}. Executing controller action with signature System.Threading.Tasks.Task`1[Microsoft.AspNetCore.Mvc.IActionResult] Login(ValcharUtulek.Models.LoginViewModel, System.String) on controller ValcharUtulek.Controllers.AccountController (ValcharUtulek).
2025-12-13 20:01:58.804 +01:00 [DBG] Execution plan of authorization filters (in the following order): ["Microsoft.AspNetCore.Mvc.ViewFeatures.Filters.ValidateAntiforgeryTokenAuthorizationFilter"]
2025-12-13 20:01:58.806 +01:00 [DBG] Execution plan of resource filters (in the following order): ["Microsoft.AspNetCore.Mvc.ViewFeatures.Filters.SaveTempDataFilter"]
2025-12-13 20:01:58.808 +01:00 [DBG] Execution plan of action filters (in the following order): ["Microsoft.AspNetCore.Mvc.Filters.ControllerActionFilter (Order: -2147483648)","Microsoft.AspNetCore.Mvc.ModelBinding.UnsupportedContentTypeFilter (Order: -3000)"]
2025-12-13 20:01:58.811 +01:00 [DBG] Execution plan of exception filters (in the following order): ["None"]
2025-12-13 20:01:58.812 +01:00 [DBG] Execution plan of result filters (in the following order): ["Microsoft.AspNetCore.Mvc.ViewFeatures.Filters.SaveTempDataFilter"]
2025-12-13 20:01:58.823 +01:00 [DBG] Connection id "0HNHQF82HKQKQ", Request id "0HNHQF82HKQKQ:00000037": started reading request body.
2025-12-13 20:01:58.825 +01:00 [DBG] Connection id "0HNHQF82HKQKQ", Request id "0HNHQF82HKQKQ:00000037": done reading request body.
2025-12-13 20:01:58.833 +01:00 [DBG] Antiforgery successfully validated a request.
2025-12-13 20:01:58.834 +01:00 [DBG] Executing controller factory for controller ValcharUtulek.Controllers.AccountController (ValcharUtulek)
2025-12-13 20:01:58.849 +01:00 [DBG] Executed controller factory for controller ValcharUtulek.Controllers.AccountController (ValcharUtulek)
2025-12-13 20:01:58.853 +01:00 [DBG] Attempting to bind parameter 'model' of type 'ValcharUtulek.Models.LoginViewModel' ...
2025-12-13 20:01:58.856 +01:00 [DBG] Attempting to bind parameter 'model' of type 'ValcharUtulek.Models.LoginViewModel' using the name '' in request data ...
2025-12-13 20:01:58.861 +01:00 [DBG] Attempting to bind property 'ValcharUtulek.Models.LoginViewModel.Name' of type 'System.String' using the name 'Name' in request data ...
2025-12-13 20:01:58.864 +01:00 [DBG] Done attempting to bind property 'ValcharUtulek.Models.LoginViewModel.Name' of type 'System.String'.
2025-12-13 20:01:58.867 +01:00 [DBG] Attempting to bind property 'ValcharUtulek.Models.LoginViewModel.Password' of type 'System.String' using the name 'Password' in request data ...
2025-12-13 20:01:58.869 +01:00 [DBG] Done attempting to bind property 'ValcharUtulek.Models.LoginViewModel.Password' of type 'System.String'.
2025-12-13 20:01:58.872 +01:00 [DBG] Done attempting to bind parameter 'model' of type 'ValcharUtulek.Models.LoginViewModel'.
2025-12-13 20:01:58.873 +01:00 [DBG] Done attempting to bind parameter 'model' of type 'ValcharUtulek.Models.LoginViewModel'.
2025-12-13 20:01:58.874 +01:00 [DBG] Attempting to validate the bound parameter 'model' of type 'ValcharUtulek.Models.LoginViewModel' ...
2025-12-13 20:01:58.885 +01:00 [DBG] Done attempting to validate the bound parameter 'model' of type 'ValcharUtulek.Models.LoginViewModel'.
2025-12-13 20:01:58.887 +01:00 [DBG] Attempting to bind parameter 'returnUrl' of type 'System.String' ...
2025-12-13 20:01:58.888 +01:00 [DBG] Attempting to bind parameter 'returnUrl' of type 'System.String' using the name '' in request data ...
2025-12-13 20:01:58.891 +01:00 [DBG] Could not find a value in the request with name '' for binding parameter 'returnUrl' of type 'System.String'.
2025-12-13 20:01:58.893 +01:00 [DBG] Done attempting to bind parameter 'returnUrl' of type 'System.String'.
2025-12-13 20:01:58.894 +01:00 [DBG] Done attempting to bind parameter 'returnUrl' of type 'System.String'.
2025-12-13 20:01:58.896 +01:00 [DBG] Attempting to validate the bound parameter 'returnUrl' of type 'System.String' ...
2025-12-13 20:01:58.897 +01:00 [DBG] Done attempting to validate the bound parameter 'returnUrl' of type 'System.String'.
2025-12-13 20:01:58.901 +01:00 [DBG] Entity Framework Core 9.0.10 initialized 'ShelterDbContext' using provider 'Pomelo.EntityFrameworkCore.MySql:9.0.0' with options: ParameterizedCollectionTranslationMode=Constantize ServerVersion=8.0.44-mysql 
2025-12-13 20:01:58.910 +01:00 [DBG] Compiling query expression: 
'DbSet<User>()
    .FirstOrDefault(u => u.Name == __model_Name_0)'
2025-12-13 20:01:58.935 +01:00 [DBG] Generated query execution expression: 
'queryContext => SingleQueryingEnumerable.Create<User>(
    relationalQueryContext: (RelationalQueryContext)queryContext, 
    relationalCommandResolver: parameters => [LIFTABLE Constant: RelationalCommandCache.QueryExpression(
        Projection Mapping:
            EmptyProjectionMember -> Dictionary<IProperty, int> { [Property: User.UserId (int) Required PK AfterSave:Throw ValueGenerated.OnAdd, 0], [Property: User.Email (string), 1], [Property: User.Name (string) Required, 2], [Property: User.PasswordHash (string) Required, 3], [Property: User.RegistrationDate (DateOnly) Required, 4], [Property: User.Role (Role) Required, 5] }
        SELECT TOP(1) u.UserId, u.Email, u.Name, u.password_hash, u.RegistrationDate, u.Role
        FROM Users AS u
        WHERE u.Name == @__model_Name_0) | Resolver: c => new RelationalCommandCache(
        c.Dependencies.MemoryCache, 
        c.RelationalDependencies.QuerySqlGeneratorFactory, 
        c.RelationalDependencies.RelationalParameterBasedSqlProcessorFactory, 
        Projection Mapping:
            EmptyProjectionMember -> Dictionary<IProperty, int> { [Property: User.UserId (int) Required PK AfterSave:Throw ValueGenerated.OnAdd, 0], [Property: User.Email (string), 1], [Property: User.Name (string) Required, 2], [Property: User.PasswordHash (string) Required, 3], [Property: User.RegistrationDate (DateOnly) Required, 4], [Property: User.Role (Role) Required, 5] }
        SELECT TOP(1) u.UserId, u.Email, u.Name, u.password_hash, u.RegistrationDate, u.Role
        FROM Users AS u
        WHERE u.Name == @__model_Name_0, 
        False, 
        new HashSet<string>(
            new string[]{ }, 
            StringComparer.Ordinal
        )
    )].GetRelationalCommandTemplate(parameters), 
    readerColumns: null, 
    shaper: (queryContext, dataReader, resultContext, resultCoordinator) => 
    {
        User entity;
        entity = 
        {
            MaterializationContext materializationContext1;
            IEntityType entityType1;
            User instance1;
            InternalEntityEntry entry1;
            bool hasNullKey1;
            materializationContext1 = new MaterializationContext(
                [LIFTABLE Constant: ValueBuffer | Resolver: _ => (object)ValueBuffer.Empty], 
                queryContext.Context
            );
            instance1 = default(User);
            entry1 = queryContext.TryGetEntry(
                key: Key: User.UserId PK, 
                keyValues: new object[]{ (object)dataReader.GetInt32(0) }, 
                throwOnNullKey: True, 
                hasNullKey: hasNullKey1);
            !(hasNullKey1) ? entry1 != default(InternalEntityEntry) ? 
            {
                entityType1 = entry1.EntityType;
                return instance1 = (User)entry1.Entity;
            } : 
            {
                ISnapshot shadowSnapshot1;
                shadowSnapshot1 = Snapshot;
                entityType1 = EntityType: User;
                instance1 = switch (entityType1)
                {
                    case EntityType: User: 
                        {
                            return 
                            {
                                User instance;
                                instance = new User();
                                instance.<UserId>k__BackingField = dataReader.GetInt32(0);
                                instance.<Email>k__BackingField = dataReader.IsDBNull(1) ? default(string) : dataReader.GetString(1);
                                instance.<Name>k__BackingField = dataReader.GetString(2);
                                instance.<PasswordHash>k__BackingField = dataReader.GetString(3);
                                instance.<RegistrationDate>k__BackingField = dataReader.GetFieldValue<DateOnly>(4);
                                instance.<Role>k__BackingField = Invoke(((EnumToStringConverter<Role>)((IReadOnlyProperty)[LIFTABLE Constant: Property: User.Role (Role) Required | Resolver: namelessParameter{0} => namelessParameter{0}.Dependencies.Model.FindEntityType("ValcharUtulek.Entities.User").FindProperty("Role")]).GetTypeMapping().Converter).ConvertFromProviderTyped, dataReader.GetString(5));
                                (instance is IInjectableService) ? ((IInjectableService)instance).Injected(
                                    context: materializationContext1.Context, 
                                    entity: instance, 
                                    queryTrackingBehavior: TrackAll, 
                                    structuralType: EntityType: User) : default(void);
                                return instance;
                            }}
                    default: 
                        default(User)
                }
                ;
                entry1 = entityType1 == default(IEntityType) ? default(InternalEntityEntry) : queryContext.StartTracking(
                    entityType: entityType1, 
                    entity: instance1, 
                    snapshot: shadowSnapshot1);
                return instance1;
            } : default(void);
            return instance1;
        };
        return entity;
    }, 
    contextType: ValcharUtulek.Database.ShelterDbContext, 
    standAloneStateManager: False, 
    detailedErrorsEnabled: False, 
    threadSafetyChecksEnabled: True)
    .SingleOrDefault()'
2025-12-13 20:01:58.954 +01:00 [DBG] Creating DbConnection.
2025-12-13 20:01:58.956 +01:00 [DBG] Created DbConnection. (1ms).
2025-12-13 20:01:58.958 +01:00 [DBG] Opening connection to database 'shelter' on server '127.0.0.1'.
2025-12-13 20:01:58.960 +01:00 [DBG] Opened connection to database 'shelter' on server '127.0.0.1'.
2025-12-13 20:01:58.962 +01:00 [DBG] Creating DbCommand for 'ExecuteReader'.
2025-12-13 20:01:58.963 +01:00 [DBG] Created DbCommand for 'ExecuteReader' (1ms).
2025-12-13 20:01:58.982 +01:00 [DBG] Initialized DbCommand for 'ExecuteReader' (20ms).
2025-12-13 20:01:58.988 +01:00 [DBG] Executing DbCommand [Parameters=[@__model_Name_0='?' (Size = 4000)], CommandType='"Text"', CommandTimeout='30']
SELECT `u`.`UserId`, `u`.`Email`, `u`.`Name`, `u`.`password_hash`, `u`.`RegistrationDate`, `u`.`Role`
FROM `Users` AS `u`
WHERE `u`.`Name` = @__model_Name_0
LIMIT 1
2025-12-13 20:01:59.017 +01:00 [INF] Executed DbCommand (32ms) [Parameters=[@__model_Name_0='?' (Size = 4000)], CommandType='"Text"', CommandTimeout='30']
SELECT `u`.`UserId`, `u`.`Email`, `u`.`Name`, `u`.`password_hash`, `u`.`RegistrationDate`, `u`.`Role`
FROM `Users` AS `u`
WHERE `u`.`Name` = @__model_Name_0
LIMIT 1
2025-12-13 20:01:59.026 +01:00 [DBG] Context 'ShelterDbContext' started tracking 'User' entity. Consider using 'DbContextOptionsBuilder.EnableSensitiveDataLogging' to see key values.
2025-12-13 20:01:59.040 +01:00 [DBG] Closing data reader to 'shelter' on server '127.0.0.1'.
2025-12-13 20:01:59.042 +01:00 [DBG] A data reader for 'shelter' on server '127.0.0.1' is being disposed after spending 22ms reading results.
2025-12-13 20:01:59.045 +01:00 [DBG] Closing connection to database 'shelter' on server '127.0.0.1'.
2025-12-13 20:01:59.047 +01:00 [DBG] Closed connection to database 'shelter' on server '127.0.0.1' (1ms).
2025-12-13 20:01:59.069 +01:00 [DBG] View lookup cache hit for view 'Login' in controller 'Account'.
2025-12-13 20:01:59.071 +01:00 [INF] Executing ViewResult, running view Login.
2025-12-13 20:01:59.073 +01:00 [DBG] The view path '/Views/Account/Login.cshtml' was found in 3.1453ms.
2025-12-13 20:01:59.075 +01:00 [DBG] Found the endpoints ["Route: {controller=Home}/{action=Index}/{id?}"] for address (returnurl=[],action=[Login],controller=[Account])
2025-12-13 20:01:59.078 +01:00 [DBG] Successfully processed template {controller=Home}/{action=Index}/{id?} for Route: {controller=Home}/{action=Index}/{id?} resulting in /Account/Login and 
2025-12-13 20:01:59.079 +01:00 [DBG] Link generation succeeded for endpoints ["Route: {controller=Home}/{action=Index}/{id?}"] with result /Account/Login
2025-12-13 20:01:59.082 +01:00 [DBG] An antiforgery cookie token was reused.
2025-12-13 20:01:59.086 +01:00 [DBG] Found the endpoints ["Route: {controller=Home}/{action=Index}/{id?}"] for address (action=[Register],controller=[Account])
2025-12-13 20:01:59.087 +01:00 [DBG] Successfully processed template {controller=Home}/{action=Index}/{id?} for Route: {controller=Home}/{action=Index}/{id?} resulting in /Account/Register and 
2025-12-13 20:01:59.089 +01:00 [DBG] Link generation succeeded for endpoints ["Route: {controller=Home}/{action=Index}/{id?}"] with result /Account/Register
2025-12-13 20:01:59.091 +01:00 [DBG] View lookup cache hit for view '_Layout' in controller 'Account'.
2025-12-13 20:01:59.093 +01:00 [DBG] View lookup cache hit for view '_ValidationScriptsPartial' in controller 'Account'.
2025-12-13 20:01:59.095 +01:00 [DBG] Response markup is scheduled to include Browser Link script injection.
2025-12-13 20:01:59.096 +01:00 [DBG] Response markup is scheduled to include browser refresh script injection.
2025-12-13 20:01:59.097 +01:00 [INF] Executed ViewResult - view Login executed in 27.4947ms.
2025-12-13 20:01:59.099 +01:00 [INF] Executed action ValcharUtulek.Controllers.AccountController.Login (ValcharUtulek) in 284.8659ms
2025-12-13 20:01:59.101 +01:00 [INF] Executed endpoint 'ValcharUtulek.Controllers.AccountController.Login (ValcharUtulek)'
2025-12-13 20:01:59.102 +01:00 [DBG] Response markup was updated to include Browser Link script injection.
2025-12-13 20:01:59.103 +01:00 [DBG] Response markup was updated to include browser refresh script injection.
2025-12-13 20:01:59.104 +01:00 [DBG] 'ShelterDbContext' disposed.
2025-12-13 20:01:59.106 +01:00 [DBG] Disposing connection to database 'shelter' on server '127.0.0.1'.
2025-12-13 20:01:59.109 +01:00 [DBG] Disposed connection to database 'shelter' on server '127.0.0.1' (2ms).
2025-12-13 20:01:59.111 +01:00 [INF] Request finished HTTP/2 POST https://localhost:7079/Account/Login - 200 null text/html; charset=utf-8 340.7165ms
2025-12-13 20:01:59.151 +01:00 [INF] Request starting HTTP/2 GET https://localhost:7079/_vs/browserLink - null null
2025-12-13 20:01:59.152 +01:00 [INF] Request starting HTTP/2 GET https://localhost:7079/_framework/aspnetcore-browser-refresh.js - null null
2025-12-13 20:01:59.158 +01:00 [DBG] Script injected: /_framework/aspnetcore-browser-refresh.js
2025-12-13 20:01:59.160 +01:00 [INF] Request finished HTTP/2 GET https://localhost:7079/_vs/browserLink - 200 null text/javascript; charset=UTF-8 8.6948ms
2025-12-13 20:01:59.160 +01:00 [INF] Request finished HTTP/2 GET https://localhost:7079/_framework/aspnetcore-browser-refresh.js - 200 16511 application/javascript; charset=utf-8 8.4899ms
2025-12-13 20:02:03.428 +01:00 [INF] Request starting HTTP/2 POST https://localhost:7079/Account/Login - application/x-www-form-urlencoded 209
2025-12-13 20:02:03.433 +01:00 [DBG] POST requests are not supported
2025-12-13 20:02:03.434 +01:00 [DBG] 1 candidate(s) found for the request path '/Account/Login'
2025-12-13 20:02:03.436 +01:00 [DBG] Endpoint 'ValcharUtulek.Controllers.AccountController.Login (ValcharUtulek)' with route pattern '{controller=Home}/{action=Index}/{id?}' is valid for the request path '/Account/Login'
2025-12-13 20:02:03.438 +01:00 [DBG] Request matched endpoint 'ValcharUtulek.Controllers.AccountController.Login (ValcharUtulek)'
2025-12-13 20:02:03.439 +01:00 [DBG] AuthenticationScheme: Cookies was not authenticated.
2025-12-13 20:02:03.441 +01:00 [INF] Executing endpoint 'ValcharUtulek.Controllers.AccountController.Login (ValcharUtulek)'
2025-12-13 20:02:03.442 +01:00 [INF] Route matched with {action = "Login", controller = "Account"}. Executing controller action with signature System.Threading.Tasks.Task`1[Microsoft.AspNetCore.Mvc.IActionResult] Login(ValcharUtulek.Models.LoginViewModel, System.String) on controller ValcharUtulek.Controllers.AccountController (ValcharUtulek).
2025-12-13 20:02:03.444 +01:00 [DBG] Execution plan of authorization filters (in the following order): ["Microsoft.AspNetCore.Mvc.ViewFeatures.Filters.ValidateAntiforgeryTokenAuthorizationFilter"]
2025-12-13 20:02:03.446 +01:00 [DBG] Execution plan of resource filters (in the following order): ["Microsoft.AspNetCore.Mvc.ViewFeatures.Filters.SaveTempDataFilter"]
2025-12-13 20:02:03.448 +01:00 [DBG] Execution plan of action filters (in the following order): ["Microsoft.AspNetCore.Mvc.Filters.ControllerActionFilter (Order: -2147483648)","Microsoft.AspNetCore.Mvc.ModelBinding.UnsupportedContentTypeFilter (Order: -3000)"]
2025-12-13 20:02:03.450 +01:00 [DBG] Execution plan of exception filters (in the following order): ["None"]
2025-12-13 20:02:03.452 +01:00 [DBG] Execution plan of result filters (in the following order): ["Microsoft.AspNetCore.Mvc.ViewFeatures.Filters.SaveTempDataFilter"]
2025-12-13 20:02:03.455 +01:00 [DBG] Connection id "0HNHQF82HKQKQ", Request id "0HNHQF82HKQKQ:0000003D": started reading request body.
2025-12-13 20:02:03.456 +01:00 [DBG] Connection id "0HNHQF82HKQKQ", Request id "0HNHQF82HKQKQ:0000003D": done reading request body.
2025-12-13 20:02:03.458 +01:00 [DBG] Antiforgery successfully validated a request.
2025-12-13 20:02:03.459 +01:00 [DBG] Executing controller factory for controller ValcharUtulek.Controllers.AccountController (ValcharUtulek)
2025-12-13 20:02:03.469 +01:00 [DBG] Executed controller factory for controller ValcharUtulek.Controllers.AccountController (ValcharUtulek)
2025-12-13 20:02:03.471 +01:00 [DBG] Attempting to bind parameter 'model' of type 'ValcharUtulek.Models.LoginViewModel' ...
2025-12-13 20:02:03.473 +01:00 [DBG] Attempting to bind parameter 'model' of type 'ValcharUtulek.Models.LoginViewModel' using the name '' in request data ...
2025-12-13 20:02:03.475 +01:00 [DBG] Attempting to bind property 'ValcharUtulek.Models.LoginViewModel.Name' of type 'System.String' using the name 'Name' in request data ...
2025-12-13 20:02:03.477 +01:00 [DBG] Done attempting to bind property 'ValcharUtulek.Models.LoginViewModel.Name' of type 'System.String'.
2025-12-13 20:02:03.479 +01:00 [DBG] Attempting to bind property 'ValcharUtulek.Models.LoginViewModel.Password' of type 'System.String' using the name 'Password' in request data ...
2025-12-13 20:02:03.481 +01:00 [DBG] Done attempting to bind property 'ValcharUtulek.Models.LoginViewModel.Password' of type 'System.String'.
2025-12-13 20:02:03.483 +01:00 [DBG] Done attempting to bind parameter 'model' of type 'ValcharUtulek.Models.LoginViewModel'.
2025-12-13 20:02:03.485 +01:00 [DBG] Done attempting to bind parameter 'model' of type 'ValcharUtulek.Models.LoginViewModel'.
2025-12-13 20:02:03.487 +01:00 [DBG] Attempting to validate the bound parameter 'model' of type 'ValcharUtulek.Models.LoginViewModel' ...
2025-12-13 20:02:03.489 +01:00 [DBG] Done attempting to validate the bound parameter 'model' of type 'ValcharUtulek.Models.LoginViewModel'.
2025-12-13 20:02:03.490 +01:00 [DBG] Attempting to bind parameter 'returnUrl' of type 'System.String' ...
2025-12-13 20:02:03.492 +01:00 [DBG] Attempting to bind parameter 'returnUrl' of type 'System.String' using the name '' in request data ...
2025-12-13 20:02:03.494 +01:00 [DBG] Could not find a value in the request with name '' for binding parameter 'returnUrl' of type 'System.String'.
2025-12-13 20:02:03.496 +01:00 [DBG] Done attempting to bind parameter 'returnUrl' of type 'System.String'.
2025-12-13 20:02:03.497 +01:00 [DBG] Done attempting to bind parameter 'returnUrl' of type 'System.String'.
2025-12-13 20:02:03.499 +01:00 [DBG] Attempting to validate the bound parameter 'returnUrl' of type 'System.String' ...
2025-12-13 20:02:03.500 +01:00 [DBG] Done attempting to validate the bound parameter 'returnUrl' of type 'System.String'.
2025-12-13 20:02:03.503 +01:00 [DBG] Entity Framework Core 9.0.10 initialized 'ShelterDbContext' using provider 'Pomelo.EntityFrameworkCore.MySql:9.0.0' with options: ParameterizedCollectionTranslationMode=Constantize ServerVersion=8.0.44-mysql 
2025-12-13 20:02:03.506 +01:00 [DBG] Creating DbConnection.
2025-12-13 20:02:03.507 +01:00 [DBG] Created DbConnection. (1ms).
2025-12-13 20:02:03.509 +01:00 [DBG] Opening connection to database 'shelter' on server '127.0.0.1'.
2025-12-13 20:02:03.511 +01:00 [DBG] Opened connection to database 'shelter' on server '127.0.0.1'.
2025-12-13 20:02:03.513 +01:00 [DBG] Creating DbCommand for 'ExecuteReader'.
2025-12-13 20:02:03.514 +01:00 [DBG] Created DbCommand for 'ExecuteReader' (1ms).
2025-12-13 20:02:03.516 +01:00 [DBG] Initialized DbCommand for 'ExecuteReader' (2ms).
2025-12-13 20:02:03.518 +01:00 [DBG] Executing DbCommand [Parameters=[@__model_Name_0='?' (Size = 4000)], CommandType='"Text"', CommandTimeout='30']
SELECT `u`.`UserId`, `u`.`Email`, `u`.`Name`, `u`.`password_hash`, `u`.`RegistrationDate`, `u`.`Role`
FROM `Users` AS `u`
WHERE `u`.`Name` = @__model_Name_0
LIMIT 1
2025-12-13 20:02:03.521 +01:00 [INF] Executed DbCommand (3ms) [Parameters=[@__model_Name_0='?' (Size = 4000)], CommandType='"Text"', CommandTimeout='30']
SELECT `u`.`UserId`, `u`.`Email`, `u`.`Name`, `u`.`password_hash`, `u`.`RegistrationDate`, `u`.`Role`
FROM `Users` AS `u`
WHERE `u`.`Name` = @__model_Name_0
LIMIT 1
2025-12-13 20:02:03.524 +01:00 [DBG] Context 'ShelterDbContext' started tracking 'User' entity. Consider using 'DbContextOptionsBuilder.EnableSensitiveDataLogging' to see key values.
2025-12-13 20:02:03.526 +01:00 [DBG] Closing data reader to 'shelter' on server '127.0.0.1'.
2025-12-13 20:02:03.527 +01:00 [DBG] A data reader for 'shelter' on server '127.0.0.1' is being disposed after spending 3ms reading results.
2025-12-13 20:02:03.529 +01:00 [DBG] Closing connection to database 'shelter' on server '127.0.0.1'.
2025-12-13 20:02:03.531 +01:00 [DBG] Closed connection to database 'shelter' on server '127.0.0.1' (1ms).
2025-12-13 20:02:03.551 +01:00 [INF] AuthenticationScheme: Cookies signed in.
2025-12-13 20:02:03.553 +01:00 [INF] Uživatel admin se úspěšně přihlásil.
2025-12-13 20:02:03.556 +01:00 [DBG] Found the endpoints ["Route: {controller=Home}/{action=Index}/{id?}"] for address (action=[Index],controller=[Home])
2025-12-13 20:02:03.558 +01:00 [DBG] Successfully processed template {controller=Home}/{action=Index}/{id?} for Route: {controller=Home}/{action=Index}/{id?} resulting in  and 
2025-12-13 20:02:03.561 +01:00 [DBG] Link generation succeeded for endpoints ["Route: {controller=Home}/{action=Index}/{id?}"] with result /
2025-12-13 20:02:03.564 +01:00 [INF] Executing RedirectResult, redirecting to /.
2025-12-13 20:02:03.567 +01:00 [INF] Executed action ValcharUtulek.Controllers.AccountController.Login (ValcharUtulek) in 112.4055ms
2025-12-13 20:02:03.569 +01:00 [INF] Executed endpoint 'ValcharUtulek.Controllers.AccountController.Login (ValcharUtulek)'
2025-12-13 20:02:03.570 +01:00 [DBG] 'ShelterDbContext' disposed.
2025-12-13 20:02:03.571 +01:00 [DBG] Disposing connection to database 'shelter' on server '127.0.0.1'.
2025-12-13 20:02:03.573 +01:00 [DBG] Disposed connection to database 'shelter' on server '127.0.0.1' (1ms).
2025-12-13 20:02:03.575 +01:00 [INF] Request finished HTTP/2 POST https://localhost:7079/Account/Login - 302 0 null 146.6632ms
2025-12-13 20:02:03.577 +01:00 [INF] Request starting HTTP/2 GET https://localhost:7079/ - null null
2025-12-13 20:02:03.583 +01:00 [DBG] The request path / does not match a supported file type
2025-12-13 20:02:03.584 +01:00 [DBG] 1 candidate(s) found for the request path '/'
2025-12-13 20:02:03.585 +01:00 [DBG] Endpoint 'ValcharUtulek.Controllers.HomeController.Index (ValcharUtulek)' with route pattern '{controller=Home}/{action=Index}/{id?}' is valid for the request path '/'
2025-12-13 20:02:03.587 +01:00 [DBG] Request matched endpoint 'ValcharUtulek.Controllers.HomeController.Index (ValcharUtulek)'
2025-12-13 20:02:03.590 +01:00 [DBG] AuthenticationScheme: Cookies was successfully authenticated.
2025-12-13 20:02:03.593 +01:00 [INF] Executing endpoint 'ValcharUtulek.Controllers.HomeController.Index (ValcharUtulek)'
2025-12-13 20:02:03.594 +01:00 [INF] Route matched with {action = "Index", controller = "Home"}. Executing controller action with signature Microsoft.AspNetCore.Mvc.IActionResult Index() on controller ValcharUtulek.Controllers.HomeController (ValcharUtulek).
2025-12-13 20:02:03.596 +01:00 [DBG] Execution plan of authorization filters (in the following order): ["None"]
2025-12-13 20:02:03.598 +01:00 [DBG] Execution plan of resource filters (in the following order): ["Microsoft.AspNetCore.Mvc.ViewFeatures.Filters.SaveTempDataFilter"]
2025-12-13 20:02:03.600 +01:00 [DBG] Execution plan of action filters (in the following order): ["Microsoft.AspNetCore.Mvc.Filters.ControllerActionFilter (Order: -2147483648)","Microsoft.AspNetCore.Mvc.ModelBinding.UnsupportedContentTypeFilter (Order: -3000)"]
2025-12-13 20:02:03.602 +01:00 [DBG] Execution plan of exception filters (in the following order): ["None"]
2025-12-13 20:02:03.603 +01:00 [DBG] Execution plan of result filters (in the following order): ["Microsoft.AspNetCore.Mvc.ViewFeatures.Filters.SaveTempDataFilter"]
2025-12-13 20:02:03.605 +01:00 [DBG] Executing controller factory for controller ValcharUtulek.Controllers.HomeController (ValcharUtulek)
2025-12-13 20:02:03.606 +01:00 [DBG] Executed controller factory for controller ValcharUtulek.Controllers.HomeController (ValcharUtulek)
2025-12-13 20:02:03.608 +01:00 [DBG] View lookup cache hit for view 'Index' in controller 'Home'.
2025-12-13 20:02:03.609 +01:00 [INF] Executing ViewResult, running view Index.
2025-12-13 20:02:03.610 +01:00 [DBG] The view path '/Views/Home/Index.cshtml' was found in 2.5334ms.
2025-12-13 20:02:03.612 +01:00 [DBG] View lookup cache hit for view '_Layout' in controller 'Home'.
2025-12-13 20:02:03.614 +01:00 [DBG] Found the endpoints ["Route: {controller=Home}/{action=Index}/{id?}"] for address (action=[Logout],controller=[Account])
2025-12-13 20:02:03.616 +01:00 [DBG] Successfully processed template {controller=Home}/{action=Index}/{id?} for Route: {controller=Home}/{action=Index}/{id?} resulting in /Account/Logout and 
2025-12-13 20:02:03.618 +01:00 [DBG] Link generation succeeded for endpoints ["Route: {controller=Home}/{action=Index}/{id?}"] with result /Account/Logout
2025-12-13 20:02:03.622 +01:00 [DBG] An antiforgery cookie token was reused.
2025-12-13 20:02:03.623 +01:00 [DBG] Response markup is scheduled to include Browser Link script injection.
2025-12-13 20:02:03.624 +01:00 [DBG] Response markup is scheduled to include browser refresh script injection.
2025-12-13 20:02:03.625 +01:00 [INF] Executed ViewResult - view Index executed in 16.9737ms.
2025-12-13 20:02:03.627 +01:00 [INF] Executed action ValcharUtulek.Controllers.HomeController.Index (ValcharUtulek) in 21.9856ms
2025-12-13 20:02:03.629 +01:00 [INF] Executed endpoint 'ValcharUtulek.Controllers.HomeController.Index (ValcharUtulek)'
2025-12-13 20:02:03.630 +01:00 [DBG] Response markup was updated to include Browser Link script injection.
2025-12-13 20:02:03.631 +01:00 [DBG] Response markup was updated to include browser refresh script injection.
2025-12-13 20:02:03.632 +01:00 [INF] Request finished HTTP/2 GET https://localhost:7079/ - 200 null text/html; charset=utf-8 54.6309ms
2025-12-13 20:02:03.681 +01:00 [INF] Request starting HTTP/2 GET https://localhost:7079/_vs/browserLink - null null
2025-12-13 20:02:03.681 +01:00 [INF] Request starting HTTP/2 GET https://localhost:7079/_framework/aspnetcore-browser-refresh.js - null null
2025-12-13 20:02:03.689 +01:00 [DBG] Script injected: /_framework/aspnetcore-browser-refresh.js
2025-12-13 20:02:03.690 +01:00 [INF] Request finished HTTP/2 GET https://localhost:7079/_vs/browserLink - 200 null text/javascript; charset=UTF-8 9.1253ms
2025-12-13 20:02:03.691 +01:00 [INF] Request finished HTTP/2 GET https://localhost:7079/_framework/aspnetcore-browser-refresh.js - 200 16511 application/javascript; charset=utf-8 9.9606ms
2025-12-13 20:02:04.808 +01:00 [INF] Request starting HTTP/2 GET https://localhost:7079/Adoptions - null null
2025-12-13 20:02:04.813 +01:00 [DBG] The request path /Adoptions does not match a supported file type
2025-12-13 20:02:04.815 +01:00 [DBG] 1 candidate(s) found for the request path '/Adoptions'
2025-12-13 20:02:04.817 +01:00 [DBG] Endpoint 'ValcharUtulek.Controllers.AdoptionsController.Index (ValcharUtulek)' with route pattern '{controller=Home}/{action=Index}/{id?}' is valid for the request path '/Adoptions'
2025-12-13 20:02:04.819 +01:00 [DBG] Request matched endpoint 'ValcharUtulek.Controllers.AdoptionsController.Index (ValcharUtulek)'
2025-12-13 20:02:04.822 +01:00 [DBG] AuthenticationScheme: Cookies was successfully authenticated.
2025-12-13 20:02:04.824 +01:00 [INF] Executing endpoint 'ValcharUtulek.Controllers.AdoptionsController.Index (ValcharUtulek)'
2025-12-13 20:02:04.825 +01:00 [INF] Route matched with {action = "Index", controller = "Adoptions"}. Executing controller action with signature System.Threading.Tasks.Task`1[Microsoft.AspNetCore.Mvc.IActionResult] Index() on controller ValcharUtulek.Controllers.AdoptionsController (ValcharUtulek).
2025-12-13 20:02:04.827 +01:00 [DBG] Execution plan of authorization filters (in the following order): ["None"]
2025-12-13 20:02:04.830 +01:00 [DBG] Execution plan of resource filters (in the following order): ["Microsoft.AspNetCore.Mvc.ViewFeatures.Filters.SaveTempDataFilter"]
2025-12-13 20:02:04.832 +01:00 [DBG] Execution plan of action filters (in the following order): ["Microsoft.AspNetCore.Mvc.Filters.ControllerActionFilter (Order: -2147483648)","Microsoft.AspNetCore.Mvc.ModelBinding.UnsupportedContentTypeFilter (Order: -3000)"]
2025-12-13 20:02:04.834 +01:00 [DBG] Execution plan of exception filters (in the following order): ["None"]
2025-12-13 20:02:04.836 +01:00 [DBG] Execution plan of result filters (in the following order): ["Microsoft.AspNetCore.Mvc.ViewFeatures.Filters.SaveTempDataFilter"]
2025-12-13 20:02:04.838 +01:00 [DBG] Executing controller factory for controller ValcharUtulek.Controllers.AdoptionsController (ValcharUtulek)
2025-12-13 20:02:04.849 +01:00 [DBG] Executed controller factory for controller ValcharUtulek.Controllers.AdoptionsController (ValcharUtulek)
2025-12-13 20:02:04.852 +01:00 [DBG] Entity Framework Core 9.0.10 initialized 'ShelterDbContext' using provider 'Pomelo.EntityFrameworkCore.MySql:9.0.0' with options: ParameterizedCollectionTranslationMode=Constantize ServerVersion=8.0.44-mysql 
2025-12-13 20:02:04.856 +01:00 [DBG] Creating DbConnection.
2025-12-13 20:02:04.857 +01:00 [DBG] Created DbConnection. (1ms).
2025-12-13 20:02:04.859 +01:00 [DBG] Opening connection to database 'shelter' on server '127.0.0.1'.
2025-12-13 20:02:04.861 +01:00 [DBG] Opened connection to database 'shelter' on server '127.0.0.1'.
2025-12-13 20:02:04.864 +01:00 [DBG] Creating DbCommand for 'ExecuteReader'.
2025-12-13 20:02:04.867 +01:00 [DBG] Created DbCommand for 'ExecuteReader' (2ms).
2025-12-13 20:02:04.869 +01:00 [DBG] Initialized DbCommand for 'ExecuteReader' (4ms).
2025-12-13 20:02:04.871 +01:00 [DBG] Executing DbCommand [Parameters=[], CommandType='"Text"', CommandTimeout='30']
SELECT `a`.`AnimalId`, `a`.`Age`, `a`.`Description`, `a`.`IsAvailable`, `a`.`Name`, `a`.`Photo`, `a`.`Species`
FROM `Animals` AS `a`
WHERE `a`.`IsAvailable`
2025-12-13 20:02:04.874 +01:00 [INF] Executed DbCommand (3ms) [Parameters=[], CommandType='"Text"', CommandTimeout='30']
SELECT `a`.`AnimalId`, `a`.`Age`, `a`.`Description`, `a`.`IsAvailable`, `a`.`Name`, `a`.`Photo`, `a`.`Species`
FROM `Animals` AS `a`
WHERE `a`.`IsAvailable`
2025-12-13 20:02:04.877 +01:00 [DBG] Closing data reader to 'shelter' on server '127.0.0.1'.
2025-12-13 20:02:04.879 +01:00 [DBG] A data reader for 'shelter' on server '127.0.0.1' is being disposed after spending 1ms reading results.
2025-12-13 20:02:04.881 +01:00 [DBG] Closing connection to database 'shelter' on server '127.0.0.1'.
2025-12-13 20:02:04.882 +01:00 [DBG] Closed connection to database 'shelter' on server '127.0.0.1' (1ms).
2025-12-13 20:02:04.884 +01:00 [DBG] View lookup cache hit for view 'Index' in controller 'Adoptions'.
2025-12-13 20:02:04.886 +01:00 [INF] Executing ViewResult, running view Index.
2025-12-13 20:02:04.887 +01:00 [DBG] The view path '/Views/Adoptions/Index.cshtml' was found in 2.9355ms.
2025-12-13 20:02:04.890 +01:00 [DBG] Found the endpoints ["Route: {controller=Home}/{action=Index}/{id?}"] for address (action=[Create],controller=[Adoptions])
2025-12-13 20:02:04.892 +01:00 [DBG] Successfully processed template {controller=Home}/{action=Index}/{id?} for Route: {controller=Home}/{action=Index}/{id?} resulting in /Adoptions/Create and 
2025-12-13 20:02:04.894 +01:00 [DBG] Link generation succeeded for endpoints ["Route: {controller=Home}/{action=Index}/{id?}"] with result /Adoptions/Create
2025-12-13 20:02:04.896 +01:00 [DBG] View lookup cache hit for view '_Layout' in controller 'Adoptions'.
2025-12-13 20:02:04.899 +01:00 [DBG] Found the endpoints ["Route: {controller=Home}/{action=Index}/{id?}"] for address (action=[Logout],controller=[Account])
2025-12-13 20:02:04.900 +01:00 [DBG] Successfully processed template {controller=Home}/{action=Index}/{id?} for Route: {controller=Home}/{action=Index}/{id?} resulting in /Account/Logout and 
2025-12-13 20:02:04.902 +01:00 [DBG] Link generation succeeded for endpoints ["Route: {controller=Home}/{action=Index}/{id?}"] with result /Account/Logout
2025-12-13 20:02:04.905 +01:00 [DBG] An antiforgery cookie token was reused.
2025-12-13 20:02:04.906 +01:00 [DBG] Response markup is scheduled to include Browser Link script injection.
2025-12-13 20:02:04.907 +01:00 [DBG] Response markup is scheduled to include browser refresh script injection.
2025-12-13 20:02:04.908 +01:00 [INF] Executed ViewResult - view Index executed in 23.454ms.
2025-12-13 20:02:04.909 +01:00 [INF] Executed action ValcharUtulek.Controllers.AdoptionsController.Index (ValcharUtulek) in 71.4185ms
2025-12-13 20:02:04.911 +01:00 [INF] Executed endpoint 'ValcharUtulek.Controllers.AdoptionsController.Index (ValcharUtulek)'
2025-12-13 20:02:04.913 +01:00 [DBG] Response markup was updated to include Browser Link script injection.
2025-12-13 20:02:04.914 +01:00 [DBG] Response markup was updated to include browser refresh script injection.
2025-12-13 20:02:04.915 +01:00 [DBG] 'ShelterDbContext' disposed.
2025-12-13 20:02:04.917 +01:00 [DBG] Disposing connection to database 'shelter' on server '127.0.0.1'.
2025-12-13 20:02:04.919 +01:00 [DBG] Disposed connection to database 'shelter' on server '127.0.0.1' (2ms).
2025-12-13 20:02:04.922 +01:00 [INF] Request finished HTTP/2 GET https://localhost:7079/Adoptions - 200 null text/html; charset=utf-8 113.7145ms
2025-12-13 20:02:04.962 +01:00 [INF] Request starting HTTP/2 GET https://localhost:7079/_vs/browserLink - null null
2025-12-13 20:02:04.963 +01:00 [INF] Request starting HTTP/2 GET https://localhost:7079/_framework/aspnetcore-browser-refresh.js - null null
2025-12-13 20:02:04.971 +01:00 [DBG] Script injected: /_framework/aspnetcore-browser-refresh.js
2025-12-13 20:02:04.971 +01:00 [INF] Request finished HTTP/2 GET https://localhost:7079/_vs/browserLink - 200 null text/javascript; charset=UTF-8 9.4513ms
2025-12-13 20:02:04.972 +01:00 [INF] Request finished HTTP/2 GET https://localhost:7079/_framework/aspnetcore-browser-refresh.js - 200 16511 application/javascript; charset=utf-8 9.1397ms
2025-12-13 20:02:06.396 +01:00 [INF] Request starting HTTP/2 GET https://localhost:7079/Gifts - null null
2025-12-13 20:02:06.402 +01:00 [DBG] The request path /Gifts does not match a supported file type
2025-12-13 20:02:06.404 +01:00 [DBG] 1 candidate(s) found for the request path '/Gifts'
2025-12-13 20:02:06.406 +01:00 [DBG] Endpoint 'ValcharUtulek.Controllers.GiftsController.Index (ValcharUtulek)' with route pattern '{controller=Home}/{action=Index}/{id?}' is valid for the request path '/Gifts'
2025-12-13 20:02:06.408 +01:00 [DBG] Request matched endpoint 'ValcharUtulek.Controllers.GiftsController.Index (ValcharUtulek)'
2025-12-13 20:02:06.409 +01:00 [DBG] AuthenticationScheme: Cookies was successfully authenticated.
2025-12-13 20:02:06.411 +01:00 [INF] Executing endpoint 'ValcharUtulek.Controllers.GiftsController.Index (ValcharUtulek)'
2025-12-13 20:02:06.413 +01:00 [INF] Route matched with {action = "Index", controller = "Gifts"}. Executing controller action with signature System.Threading.Tasks.Task`1[Microsoft.AspNetCore.Mvc.IActionResult] Index() on controller ValcharUtulek.Controllers.GiftsController (ValcharUtulek).
2025-12-13 20:02:06.416 +01:00 [DBG] Execution plan of authorization filters (in the following order): ["None"]
2025-12-13 20:02:06.440 +01:00 [DBG] Execution plan of resource filters (in the following order): ["Microsoft.AspNetCore.Mvc.ViewFeatures.Filters.SaveTempDataFilter"]
2025-12-13 20:02:06.442 +01:00 [DBG] Execution plan of action filters (in the following order): ["Microsoft.AspNetCore.Mvc.Filters.ControllerActionFilter (Order: -2147483648)","Microsoft.AspNetCore.Mvc.ModelBinding.UnsupportedContentTypeFilter (Order: -3000)"]
2025-12-13 20:02:06.444 +01:00 [DBG] Execution plan of exception filters (in the following order): ["None"]
2025-12-13 20:02:06.446 +01:00 [DBG] Execution plan of result filters (in the following order): ["Microsoft.AspNetCore.Mvc.ViewFeatures.Filters.SaveTempDataFilter"]
2025-12-13 20:02:06.448 +01:00 [DBG] Executing controller factory for controller ValcharUtulek.Controllers.GiftsController (ValcharUtulek)
2025-12-13 20:02:06.458 +01:00 [DBG] Executed controller factory for controller ValcharUtulek.Controllers.GiftsController (ValcharUtulek)
2025-12-13 20:02:06.460 +01:00 [DBG] Entity Framework Core 9.0.10 initialized 'ShelterDbContext' using provider 'Pomelo.EntityFrameworkCore.MySql:9.0.0' with options: ParameterizedCollectionTranslationMode=Constantize ServerVersion=8.0.44-mysql 
2025-12-13 20:02:06.463 +01:00 [DBG] Creating DbConnection.
2025-12-13 20:02:06.464 +01:00 [DBG] Created DbConnection. (0ms).
2025-12-13 20:02:06.465 +01:00 [DBG] Opening connection to database 'shelter' on server '127.0.0.1'.
2025-12-13 20:02:06.468 +01:00 [DBG] Opened connection to database 'shelter' on server '127.0.0.1'.
2025-12-13 20:02:06.469 +01:00 [DBG] Creating DbCommand for 'ExecuteReader'.
2025-12-13 20:02:06.470 +01:00 [DBG] Created DbCommand for 'ExecuteReader' (1ms).
2025-12-13 20:02:06.472 +01:00 [DBG] Initialized DbCommand for 'ExecuteReader' (2ms).
2025-12-13 20:02:06.474 +01:00 [DBG] Executing DbCommand [Parameters=[], CommandType='"Text"', CommandTimeout='30']
SELECT `g`.`GiftId`, `g`.`Amount`, `g`.`GiftDate`, `g`.`UserId`
FROM `Gifts` AS `g`
2025-12-13 20:02:06.476 +01:00 [INF] Executed DbCommand (3ms) [Parameters=[], CommandType='"Text"', CommandTimeout='30']
SELECT `g`.`GiftId`, `g`.`Amount`, `g`.`GiftDate`, `g`.`UserId`
FROM `Gifts` AS `g`
2025-12-13 20:02:06.479 +01:00 [DBG] Closing data reader to 'shelter' on server '127.0.0.1'.
2025-12-13 20:02:06.481 +01:00 [DBG] A data reader for 'shelter' on server '127.0.0.1' is being disposed after spending 1ms reading results.
2025-12-13 20:02:06.483 +01:00 [DBG] Closing connection to database 'shelter' on server '127.0.0.1'.
2025-12-13 20:02:06.484 +01:00 [DBG] Closed connection to database 'shelter' on server '127.0.0.1' (1ms).
2025-12-13 20:02:06.486 +01:00 [DBG] View lookup cache hit for view 'Index' in controller 'Gifts'.
2025-12-13 20:02:06.487 +01:00 [INF] Executing ViewResult, running view Index.
2025-12-13 20:02:06.489 +01:00 [DBG] The view path '/Views/Gifts/Index.cshtml' was found in 2.685ms.
2025-12-13 20:02:06.490 +01:00 [DBG] Found the endpoints ["Route: {controller=Home}/{action=Index}/{id?}"] for address (action=[Create],controller=[Gifts])
2025-12-13 20:02:06.492 +01:00 [DBG] Successfully processed template {controller=Home}/{action=Index}/{id?} for Route: {controller=Home}/{action=Index}/{id?} resulting in /Gifts/Create and 
2025-12-13 20:02:06.494 +01:00 [DBG] Link generation succeeded for endpoints ["Route: {controller=Home}/{action=Index}/{id?}"] with result /Gifts/Create
2025-12-13 20:02:06.496 +01:00 [DBG] View lookup cache hit for view '_Layout' in controller 'Gifts'.
2025-12-13 20:02:06.498 +01:00 [DBG] Found the endpoints ["Route: {controller=Home}/{action=Index}/{id?}"] for address (action=[Logout],controller=[Account])
2025-12-13 20:02:06.500 +01:00 [DBG] Successfully processed template {controller=Home}/{action=Index}/{id?} for Route: {controller=Home}/{action=Index}/{id?} resulting in /Account/Logout and 
2025-12-13 20:02:06.502 +01:00 [DBG] Link generation succeeded for endpoints ["Route: {controller=Home}/{action=Index}/{id?}"] with result /Account/Logout
2025-12-13 20:02:06.504 +01:00 [DBG] An antiforgery cookie token was reused.
2025-12-13 20:02:06.505 +01:00 [DBG] Response markup is scheduled to include Browser Link script injection.
2025-12-13 20:02:06.506 +01:00 [DBG] Response markup is scheduled to include browser refresh script injection.
2025-12-13 20:02:06.507 +01:00 [INF] Executed ViewResult - view Index executed in 21.3873ms.
2025-12-13 20:02:06.509 +01:00 [INF] Executed action ValcharUtulek.Controllers.GiftsController.Index (ValcharUtulek) in 60.8364ms
2025-12-13 20:02:06.511 +01:00 [INF] Executed endpoint 'ValcharUtulek.Controllers.GiftsController.Index (ValcharUtulek)'
2025-12-13 20:02:06.512 +01:00 [DBG] Response markup was updated to include Browser Link script injection.
2025-12-13 20:02:06.513 +01:00 [DBG] Response markup was updated to include browser refresh script injection.
2025-12-13 20:02:06.515 +01:00 [DBG] 'ShelterDbContext' disposed.
2025-12-13 20:02:06.516 +01:00 [DBG] Disposing connection to database 'shelter' on server '127.0.0.1'.
2025-12-13 20:02:06.518 +01:00 [DBG] Disposed connection to database 'shelter' on server '127.0.0.1' (1ms).
2025-12-13 20:02:06.520 +01:00 [INF] Request finished HTTP/2 GET https://localhost:7079/Gifts - 200 null text/html; charset=utf-8 124.1292ms
2025-12-13 20:02:06.560 +01:00 [INF] Request starting HTTP/2 GET https://localhost:7079/_vs/browserLink - null null
2025-12-13 20:02:06.561 +01:00 [INF] Request starting HTTP/2 GET https://localhost:7079/_framework/aspnetcore-browser-refresh.js - null null
2025-12-13 20:02:06.568 +01:00 [DBG] Script injected: /_framework/aspnetcore-browser-refresh.js
2025-12-13 20:02:06.569 +01:00 [INF] Request finished HTTP/2 GET https://localhost:7079/_vs/browserLink - 200 null text/javascript; charset=UTF-8 8.3552ms
2025-12-13 20:02:06.570 +01:00 [INF] Request finished HTTP/2 GET https://localhost:7079/_framework/aspnetcore-browser-refresh.js - 200 16511 application/javascript; charset=utf-8 8.8043ms
2025-12-13 20:02:07.377 +01:00 [INF] Request starting HTTP/2 GET https://localhost:7079/Users - null null
2025-12-13 20:02:07.382 +01:00 [DBG] The request path /Users does not match a supported file type
2025-12-13 20:02:07.386 +01:00 [DBG] 1 candidate(s) found for the request path '/Users'
2025-12-13 20:02:07.387 +01:00 [DBG] Endpoint 'ValcharUtulek.Controllers.UsersController.Index (ValcharUtulek)' with route pattern '{controller=Home}/{action=Index}/{id?}' is valid for the request path '/Users'
2025-12-13 20:02:07.389 +01:00 [DBG] Request matched endpoint 'ValcharUtulek.Controllers.UsersController.Index (ValcharUtulek)'
2025-12-13 20:02:07.392 +01:00 [DBG] AuthenticationScheme: Cookies was successfully authenticated.
2025-12-13 20:02:07.406 +01:00 [DBG] Authorization was successful.
2025-12-13 20:02:07.408 +01:00 [INF] Executing endpoint 'ValcharUtulek.Controllers.UsersController.Index (ValcharUtulek)'
2025-12-13 20:02:07.413 +01:00 [INF] Route matched with {action = "Index", controller = "Users"}. Executing controller action with signature System.Threading.Tasks.Task`1[Microsoft.AspNetCore.Mvc.IActionResult] Index() on controller ValcharUtulek.Controllers.UsersController (ValcharUtulek).
2025-12-13 20:02:07.415 +01:00 [DBG] Execution plan of authorization filters (in the following order): ["None"]
2025-12-13 20:02:07.417 +01:00 [DBG] Execution plan of resource filters (in the following order): ["Microsoft.AspNetCore.Mvc.ViewFeatures.Filters.SaveTempDataFilter"]
2025-12-13 20:02:07.419 +01:00 [DBG] Execution plan of action filters (in the following order): ["Microsoft.AspNetCore.Mvc.Filters.ControllerActionFilter (Order: -2147483648)","Microsoft.AspNetCore.Mvc.ModelBinding.UnsupportedContentTypeFilter (Order: -3000)"]
2025-12-13 20:02:07.421 +01:00 [DBG] Execution plan of exception filters (in the following order): ["None"]
2025-12-13 20:02:07.423 +01:00 [DBG] Execution plan of result filters (in the following order): ["Microsoft.AspNetCore.Mvc.ViewFeatures.Filters.SaveTempDataFilter"]
2025-12-13 20:02:07.425 +01:00 [DBG] Executing controller factory for controller ValcharUtulek.Controllers.UsersController (ValcharUtulek)
2025-12-13 20:02:07.435 +01:00 [DBG] Executed controller factory for controller ValcharUtulek.Controllers.UsersController (ValcharUtulek)
2025-12-13 20:02:07.440 +01:00 [DBG] Entity Framework Core 9.0.10 initialized 'ShelterDbContext' using provider 'Pomelo.EntityFrameworkCore.MySql:9.0.0' with options: ParameterizedCollectionTranslationMode=Constantize ServerVersion=8.0.44-mysql 
2025-12-13 20:02:07.461 +01:00 [DBG] Compiling query expression: 
'DbSet<User>()
    .FirstOrDefault(e => EF.Property<int>(e, "UserId") == __p_0)'
2025-12-13 20:02:07.478 +01:00 [DBG] Generated query execution expression: 
'queryContext => ShapedQueryCompilingExpressionVisitor.SingleOrDefaultAsync<User>(
    asyncEnumerable: SingleQueryingEnumerable.Create<User>(
        relationalQueryContext: (RelationalQueryContext)queryContext, 
        relationalCommandResolver: parameters => [LIFTABLE Constant: RelationalCommandCache.QueryExpression(
            Projection Mapping:
                EmptyProjectionMember -> Dictionary<IProperty, int> { [Property: User.UserId (int) Required PK AfterSave:Throw ValueGenerated.OnAdd, 0], [Property: User.Email (string), 1], [Property: User.Name (string) Required, 2], [Property: User.PasswordHash (string) Required, 3], [Property: User.RegistrationDate (DateOnly) Required, 4], [Property: User.Role (Role) Required, 5] }
            SELECT TOP(1) u.UserId, u.Email, u.Name, u.password_hash, u.RegistrationDate, u.Role
            FROM Users AS u
            WHERE u.UserId == @__p_0) | Resolver: c => new RelationalCommandCache(
            c.Dependencies.MemoryCache, 
            c.RelationalDependencies.QuerySqlGeneratorFactory, 
            c.RelationalDependencies.RelationalParameterBasedSqlProcessorFactory, 
            Projection Mapping:
                EmptyProjectionMember -> Dictionary<IProperty, int> { [Property: User.UserId (int) Required PK AfterSave:Throw ValueGenerated.OnAdd, 0], [Property: User.Email (string), 1], [Property: User.Name (string) Required, 2], [Property: User.PasswordHash (string) Required, 3], [Property: User.RegistrationDate (DateOnly) Required, 4], [Property: User.Role (Role) Required, 5] }
            SELECT TOP(1) u.UserId, u.Email, u.Name, u.password_hash, u.RegistrationDate, u.Role
            FROM Users AS u
            WHERE u.UserId == @__p_0, 
            False, 
            new HashSet<string>(
                new string[]{ }, 
                StringComparer.Ordinal
            )
        )].GetRelationalCommandTemplate(parameters), 
        readerColumns: null, 
        shaper: (queryContext, dataReader, resultContext, resultCoordinator) => 
        {
            User entity;
            entity = 
            {
                MaterializationContext materializationContext1;
                IEntityType entityType1;
                User instance1;
                InternalEntityEntry entry1;
                bool hasNullKey1;
                materializationContext1 = new MaterializationContext(
                    [LIFTABLE Constant: ValueBuffer | Resolver: _ => (object)ValueBuffer.Empty], 
                    queryContext.Context
                );
                instance1 = default(User);
                entry1 = queryContext.TryGetEntry(
                    key: Key: User.UserId PK, 
                    keyValues: new object[]{ (object)dataReader.GetInt32(0) }, 
                    throwOnNullKey: True, 
                    hasNullKey: hasNullKey1);
                !(hasNullKey1) ? entry1 != default(InternalEntityEntry) ? 
                {
                    entityType1 = entry1.EntityType;
                    return instance1 = (User)entry1.Entity;
                } : 
                {
                    ISnapshot shadowSnapshot1;
                    shadowSnapshot1 = Snapshot;
                    entityType1 = EntityType: User;
                    instance1 = switch (entityType1)
                    {
                        case EntityType: User: 
                            {
                                return 
                                {
                                    User instance;
                                    instance = new User();
                                    instance.<UserId>k__BackingField = dataReader.GetInt32(0);
                                    instance.<Email>k__BackingField = dataReader.IsDBNull(1) ? default(string) : dataReader.GetString(1);
                                    instance.<Name>k__BackingField = dataReader.GetString(2);
                                    instance.<PasswordHash>k__BackingField = dataReader.GetString(3);
                                    instance.<RegistrationDate>k__BackingField = dataReader.GetFieldValue<DateOnly>(4);
                                    instance.<Role>k__BackingField = Invoke(((EnumToStringConverter<Role>)((IReadOnlyProperty)[LIFTABLE Constant: Property: User.Role (Role) Required | Resolver: namelessParameter{0} => namelessParameter{0}.Dependencies.Model.FindEntityType("ValcharUtulek.Entities.User").FindProperty("Role")]).GetTypeMapping().Converter).ConvertFromProviderTyped, dataReader.GetString(5));
                                    (instance is IInjectableService) ? ((IInjectableService)instance).Injected(
                                        context: materializationContext1.Context, 
                                        entity: instance, 
                                        queryTrackingBehavior: TrackAll, 
                                        structuralType: EntityType: User) : default(void);
                                    return instance;
                                }}
                        default: 
                            default(User)
                    }
                    ;
                    entry1 = entityType1 == default(IEntityType) ? default(InternalEntityEntry) : queryContext.StartTracking(
                        entityType: entityType1, 
                        entity: instance1, 
                        snapshot: shadowSnapshot1);
                    return instance1;
                } : default(void);
                return instance1;
            };
            return entity;
        }, 
        contextType: ValcharUtulek.Database.ShelterDbContext, 
        standAloneStateManager: False, 
        detailedErrorsEnabled: False, 
        threadSafetyChecksEnabled: True), 
    cancellationToken: queryContext.CancellationToken)'
2025-12-13 20:02:07.485 +01:00 [DBG] Creating DbConnection.
2025-12-13 20:02:07.486 +01:00 [DBG] Created DbConnection. (1ms).
2025-12-13 20:02:07.488 +01:00 [DBG] Opening connection to database 'shelter' on server '127.0.0.1'.
2025-12-13 20:02:07.491 +01:00 [DBG] Opened connection to database 'shelter' on server '127.0.0.1'.
2025-12-13 20:02:07.492 +01:00 [DBG] Creating DbCommand for 'ExecuteReader'.
2025-12-13 20:02:07.494 +01:00 [DBG] Created DbCommand for 'ExecuteReader' (1ms).
2025-12-13 20:02:07.495 +01:00 [DBG] Initialized DbCommand for 'ExecuteReader' (2ms).
2025-12-13 20:02:07.497 +01:00 [DBG] Executing DbCommand [Parameters=[@__p_0='?' (DbType = Int32)], CommandType='"Text"', CommandTimeout='30']
SELECT `u`.`UserId`, `u`.`Email`, `u`.`Name`, `u`.`password_hash`, `u`.`RegistrationDate`, `u`.`Role`
FROM `Users` AS `u`
WHERE `u`.`UserId` = @__p_0
LIMIT 1
2025-12-13 20:02:07.501 +01:00 [INF] Executed DbCommand (4ms) [Parameters=[@__p_0='?' (DbType = Int32)], CommandType='"Text"', CommandTimeout='30']
SELECT `u`.`UserId`, `u`.`Email`, `u`.`Name`, `u`.`password_hash`, `u`.`RegistrationDate`, `u`.`Role`
FROM `Users` AS `u`
WHERE `u`.`UserId` = @__p_0
LIMIT 1
2025-12-13 20:02:07.504 +01:00 [DBG] Context 'ShelterDbContext' started tracking 'User' entity. Consider using 'DbContextOptionsBuilder.EnableSensitiveDataLogging' to see key values.
2025-12-13 20:02:07.507 +01:00 [DBG] Closing data reader to 'shelter' on server '127.0.0.1'.
2025-12-13 20:02:07.509 +01:00 [DBG] A data reader for 'shelter' on server '127.0.0.1' is being disposed after spending 4ms reading results.
2025-12-13 20:02:07.510 +01:00 [DBG] Closing connection to database 'shelter' on server '127.0.0.1'.
2025-12-13 20:02:07.512 +01:00 [DBG] Closed connection to database 'shelter' on server '127.0.0.1' (1ms).
2025-12-13 20:02:07.522 +01:00 [DBG] Compiling query expression: 
'DbSet<Adoption>()
    .Where(a => a.UserId == __userId_0)
    .Join(
        inner: DbSet<Animal>(), 
        outerKeySelector: adoption => adoption.AnimalId, 
        innerKeySelector: animal => animal.AnimalId, 
        resultSelector: (adoption, animal) => new AdoptionDetailViewModel{ 
            AdoptionId = adoption.AdoptionId, 
            AnimalId = animal.AnimalId, 
            AnimalName = animal.Name, 
            AnimalSpecies = animal.Species, 
            AdoptionDate = adoption.AdoptionDate, 
            Amount = adoption.Amount 
        }
    )'
2025-12-13 20:02:07.570 +01:00 [DBG] Generated query execution expression: 
'queryContext => SingleQueryingEnumerable.Create<AdoptionDetailViewModel>(
    relationalQueryContext: (RelationalQueryContext)queryContext, 
    relationalCommandResolver: parameters => [LIFTABLE Constant: RelationalCommandCache.QueryExpression(
        Projection Mapping:
            AdoptionId -> 0
            AnimalId -> 1
            AnimalName -> 2
            AnimalSpecies -> 3
            AdoptionDate -> 4
            Amount -> 5
        SELECT a.AdoptionId, a0.AnimalId, a0.Name AS AnimalName, a0.Species AS AnimalSpecies, a.AdoptionDate, a.Amount
        FROM Adoptions AS a
        INNER JOIN Animals AS a0 ON a.AnimalId == a0.AnimalId
        WHERE a.UserId == @__userId_0) | Resolver: c => new RelationalCommandCache(
        c.Dependencies.MemoryCache, 
        c.RelationalDependencies.QuerySqlGeneratorFactory, 
        c.RelationalDependencies.RelationalParameterBasedSqlProcessorFactory, 
        Projection Mapping:
            AdoptionId -> 0
            AnimalId -> 1
            AnimalName -> 2
            AnimalSpecies -> 3
            AdoptionDate -> 4
            Amount -> 5
        SELECT a.AdoptionId, a0.AnimalId, a0.Name AS AnimalName, a0.Species AS AnimalSpecies, a.AdoptionDate, a.Amount
        FROM Adoptions AS a
        INNER JOIN Animals AS a0 ON a.AnimalId == a0.AnimalId
        WHERE a.UserId == @__userId_0, 
        False, 
        new HashSet<string>(
            new string[]{ }, 
            StringComparer.Ordinal
        )
    )].GetRelationalCommandTemplate(parameters), 
    readerColumns: null, 
    shaper: (queryContext, dataReader, resultContext, resultCoordinator) => 
    {
        int? value1;
        int? value2;
        string value3;
        string value4;
        DateOnly? value5;
        double? value6;
        value1 = (int?)dataReader.GetInt32(0);
        value2 = (int?)dataReader.GetInt32(1);
        value3 = dataReader.GetString(2);
        value4 = dataReader.IsDBNull(3) ? default(string) : dataReader.GetString(3);
        value5 = (DateOnly?)dataReader.GetFieldValue<DateOnly>(4);
        value6 = (double?)dataReader.GetDouble(5);
        return new AdoptionDetailViewModel{ 
            AdoptionId = (int)value1, 
            AnimalId = (int)value2, 
            AnimalName = value3, 
            AnimalSpecies = value4, 
            AdoptionDate = (DateOnly)value5, 
            Amount = (double)value6 
        }
        ;
    }, 
    contextType: ValcharUtulek.Database.ShelterDbContext, 
    standAloneStateManager: False, 
    detailedErrorsEnabled: False, 
    threadSafetyChecksEnabled: True)'
2025-12-13 20:02:07.575 +01:00 [DBG] Opening connection to database 'shelter' on server '127.0.0.1'.
2025-12-13 20:02:07.578 +01:00 [DBG] Opened connection to database 'shelter' on server '127.0.0.1'.
2025-12-13 20:02:07.580 +01:00 [DBG] Creating DbCommand for 'ExecuteReader'.
2025-12-13 20:02:07.581 +01:00 [DBG] Created DbCommand for 'ExecuteReader' (1ms).
2025-12-13 20:02:07.583 +01:00 [DBG] Initialized DbCommand for 'ExecuteReader' (3ms).
2025-12-13 20:02:07.585 +01:00 [DBG] Executing DbCommand [Parameters=[@__userId_0='?' (DbType = Int32)], CommandType='"Text"', CommandTimeout='30']
SELECT `a`.`AdoptionId`, `a0`.`AnimalId`, `a0`.`Name` AS `AnimalName`, `a0`.`Species` AS `AnimalSpecies`, `a`.`AdoptionDate`, `a`.`Amount`
FROM `Adoptions` AS `a`
INNER JOIN `Animals` AS `a0` ON `a`.`AnimalId` = `a0`.`AnimalId`
WHERE `a`.`UserId` = @__userId_0
2025-12-13 20:02:07.589 +01:00 [INF] Executed DbCommand (3ms) [Parameters=[@__userId_0='?' (DbType = Int32)], CommandType='"Text"', CommandTimeout='30']
SELECT `a`.`AdoptionId`, `a0`.`AnimalId`, `a0`.`Name` AS `AnimalName`, `a0`.`Species` AS `AnimalSpecies`, `a`.`AdoptionDate`, `a`.`Amount`
FROM `Adoptions` AS `a`
INNER JOIN `Animals` AS `a0` ON `a`.`AnimalId` = `a0`.`AnimalId`
WHERE `a`.`UserId` = @__userId_0
2025-12-13 20:02:07.592 +01:00 [DBG] Closing data reader to 'shelter' on server '127.0.0.1'.
2025-12-13 20:02:07.594 +01:00 [DBG] A data reader for 'shelter' on server '127.0.0.1' is being disposed after spending 2ms reading results.
2025-12-13 20:02:07.596 +01:00 [DBG] Closing connection to database 'shelter' on server '127.0.0.1'.
2025-12-13 20:02:07.597 +01:00 [DBG] Closed connection to database 'shelter' on server '127.0.0.1' (1ms).
2025-12-13 20:02:07.601 +01:00 [DBG] Compiling query expression: 
'DbSet<Gift>()
    .Where(g => g.UserId == __userId_0)
    .OrderByDescending(g => g.GiftDate)'
2025-12-13 20:02:07.609 +01:00 [DBG] Generated query execution expression: 
'queryContext => SingleQueryingEnumerable.Create<Gift>(
    relationalQueryContext: (RelationalQueryContext)queryContext, 
    relationalCommandResolver: parameters => [LIFTABLE Constant: RelationalCommandCache.QueryExpression(
        Projection Mapping:
            EmptyProjectionMember -> Dictionary<IProperty, int> { [Property: Gift.GiftId (int) Required PK AfterSave:Throw ValueGenerated.OnAdd, 0], [Property: Gift.Amount (double) Required, 1], [Property: Gift.GiftDate (DateOnly) Required, 2], [Property: Gift.UserId (int) Required, 3] }
        SELECT g.GiftId, g.Amount, g.GiftDate, g.UserId
        FROM Gifts AS g
        WHERE g.UserId == @__userId_0
        ORDER BY g.GiftDate DESC) | Resolver: c => new RelationalCommandCache(
        c.Dependencies.MemoryCache, 
        c.RelationalDependencies.QuerySqlGeneratorFactory, 
        c.RelationalDependencies.RelationalParameterBasedSqlProcessorFactory, 
        Projection Mapping:
            EmptyProjectionMember -> Dictionary<IProperty, int> { [Property: Gift.GiftId (int) Required PK AfterSave:Throw ValueGenerated.OnAdd, 0], [Property: Gift.Amount (double) Required, 1], [Property: Gift.GiftDate (DateOnly) Required, 2], [Property: Gift.UserId (int) Required, 3] }
        SELECT g.GiftId, g.Amount, g.GiftDate, g.UserId
        FROM Gifts AS g
        WHERE g.UserId == @__userId_0
        ORDER BY g.GiftDate DESC, 
        False, 
        new HashSet<string>(
            new string[]{ }, 
            StringComparer.Ordinal
        )
    )].GetRelationalCommandTemplate(parameters), 
    readerColumns: null, 
    shaper: (queryContext, dataReader, resultContext, resultCoordinator) => 
    {
        Gift entity;
        entity = 
        {
            MaterializationContext materializationContext1;
            IEntityType entityType1;
            Gift instance1;
            InternalEntityEntry entry1;
            bool hasNullKey1;
            materializationContext1 = new MaterializationContext(
                [LIFTABLE Constant: ValueBuffer | Resolver: _ => (object)ValueBuffer.Empty], 
                queryContext.Context
            );
            instance1 = default(Gift);
            entry1 = queryContext.TryGetEntry(
                key: Key: Gift.GiftId PK, 
                keyValues: new object[]{ (object)dataReader.GetInt32(0) }, 
                throwOnNullKey: True, 
                hasNullKey: hasNullKey1);
            !(hasNullKey1) ? entry1 != default(InternalEntityEntry) ? 
            {
                entityType1 = entry1.EntityType;
                return instance1 = (Gift)entry1.Entity;
            } : 
            {
                ISnapshot shadowSnapshot1;
                shadowSnapshot1 = Snapshot;
                entityType1 = EntityType: Gift;
                instance1 = switch (entityType1)
                {
                    case EntityType: Gift: 
                        {
                            return 
                            {
                                Gift instance;
                                instance = new Gift();
                                instance.<GiftId>k__BackingField = dataReader.GetInt32(0);
                                instance.<Amount>k__BackingField = dataReader.GetDouble(1);
                                instance.<GiftDate>k__BackingField = dataReader.GetFieldValue<DateOnly>(2);
                                instance.<UserId>k__BackingField = dataReader.GetInt32(3);
                                (instance is IInjectableService) ? ((IInjectableService)instance).Injected(
                                    context: materializationContext1.Context, 
                                    entity: instance, 
                                    queryTrackingBehavior: TrackAll, 
                                    structuralType: EntityType: Gift) : default(void);
                                return instance;
                            }}
                    default: 
                        default(Gift)
                }
                ;
                entry1 = entityType1 == default(IEntityType) ? default(InternalEntityEntry) : queryContext.StartTracking(
                    entityType: entityType1, 
                    entity: instance1, 
                    snapshot: shadowSnapshot1);
                return instance1;
            } : default(void);
            return instance1;
        };
        return entity;
    }, 
    contextType: ValcharUtulek.Database.ShelterDbContext, 
    standAloneStateManager: False, 
    detailedErrorsEnabled: False, 
    threadSafetyChecksEnabled: True)'
2025-12-13 20:02:07.614 +01:00 [DBG] Opening connection to database 'shelter' on server '127.0.0.1'.
2025-12-13 20:02:07.617 +01:00 [DBG] Opened connection to database 'shelter' on server '127.0.0.1'.
2025-12-13 20:02:07.618 +01:00 [DBG] Creating DbCommand for 'ExecuteReader'.
2025-12-13 20:02:07.620 +01:00 [DBG] Created DbCommand for 'ExecuteReader' (1ms).
2025-12-13 20:02:07.621 +01:00 [DBG] Initialized DbCommand for 'ExecuteReader' (2ms).
2025-12-13 20:02:07.623 +01:00 [DBG] Executing DbCommand [Parameters=[@__userId_0='?' (DbType = Int32)], CommandType='"Text"', CommandTimeout='30']
SELECT `g`.`GiftId`, `g`.`Amount`, `g`.`GiftDate`, `g`.`UserId`
FROM `Gifts` AS `g`
WHERE `g`.`UserId` = @__userId_0
ORDER BY `g`.`GiftDate` DESC
2025-12-13 20:02:07.626 +01:00 [INF] Executed DbCommand (3ms) [Parameters=[@__userId_0='?' (DbType = Int32)], CommandType='"Text"', CommandTimeout='30']
SELECT `g`.`GiftId`, `g`.`Amount`, `g`.`GiftDate`, `g`.`UserId`
FROM `Gifts` AS `g`
WHERE `g`.`UserId` = @__userId_0
ORDER BY `g`.`GiftDate` DESC
2025-12-13 20:02:07.628 +01:00 [DBG] Closing data reader to 'shelter' on server '127.0.0.1'.
2025-12-13 20:02:07.630 +01:00 [DBG] A data reader for 'shelter' on server '127.0.0.1' is being disposed after spending 1ms reading results.
2025-12-13 20:02:07.632 +01:00 [DBG] Closing connection to database 'shelter' on server '127.0.0.1'.
2025-12-13 20:02:07.634 +01:00 [DBG] Closed connection to database 'shelter' on server '127.0.0.1' (1ms).
2025-12-13 20:02:07.637 +01:00 [DBG] View lookup cache miss for view 'Index' in controller 'Users'.
2025-12-13 20:02:07.639 +01:00 [INF] Executing ViewResult, running view Index.
2025-12-13 20:02:07.641 +01:00 [DBG] The view path '/Views/Users/Index.cshtml' was found in 3.8607ms.
2025-12-13 20:02:07.649 +01:00 [DBG] Found the endpoints ["Route: {controller=Home}/{action=Index}/{id?}"] for address (action=[Index],controller=[Adoptions])
2025-12-13 20:02:07.651 +01:00 [DBG] Successfully processed template {controller=Home}/{action=Index}/{id?} for Route: {controller=Home}/{action=Index}/{id?} resulting in /Adoptions and 
2025-12-13 20:02:07.653 +01:00 [DBG] Link generation succeeded for endpoints ["Route: {controller=Home}/{action=Index}/{id?}"] with result /Adoptions
2025-12-13 20:02:07.656 +01:00 [DBG] Found the endpoints ["Route: {controller=Home}/{action=Index}/{id?}"] for address (action=[Create],controller=[Gifts])
2025-12-13 20:02:07.657 +01:00 [DBG] Successfully processed template {controller=Home}/{action=Index}/{id?} for Route: {controller=Home}/{action=Index}/{id?} resulting in /Gifts/Create and 
2025-12-13 20:02:07.659 +01:00 [DBG] Link generation succeeded for endpoints ["Route: {controller=Home}/{action=Index}/{id?}"] with result /Gifts/Create
2025-12-13 20:02:07.662 +01:00 [DBG] View lookup cache miss for view '_Layout' in controller 'Users'.
2025-12-13 20:02:07.686 +01:00 [DBG] Found the endpoints ["Route: {controller=Home}/{action=Index}/{id?}"] for address (action=[Logout],controller=[Account])
2025-12-13 20:02:07.688 +01:00 [DBG] Successfully processed template {controller=Home}/{action=Index}/{id?} for Route: {controller=Home}/{action=Index}/{id?} resulting in /Account/Logout and 
2025-12-13 20:02:07.690 +01:00 [DBG] Link generation succeeded for endpoints ["Route: {controller=Home}/{action=Index}/{id?}"] with result /Account/Logout
2025-12-13 20:02:07.692 +01:00 [DBG] An antiforgery cookie token was reused.
2025-12-13 20:02:07.693 +01:00 [DBG] Response markup is scheduled to include Browser Link script injection.
2025-12-13 20:02:07.694 +01:00 [DBG] Response markup is scheduled to include browser refresh script injection.
2025-12-13 20:02:07.696 +01:00 [INF] Executed ViewResult - view Index executed in 59.2669ms.
2025-12-13 20:02:07.698 +01:00 [INF] Executed action ValcharUtulek.Controllers.UsersController.Index (ValcharUtulek) in 273.1479ms
2025-12-13 20:02:07.700 +01:00 [INF] Executed endpoint 'ValcharUtulek.Controllers.UsersController.Index (ValcharUtulek)'
2025-12-13 20:02:07.702 +01:00 [DBG] Response markup was updated to include Browser Link script injection.
2025-12-13 20:02:07.703 +01:00 [DBG] Response markup was updated to include browser refresh script injection.
2025-12-13 20:02:07.704 +01:00 [DBG] 'ShelterDbContext' disposed.
2025-12-13 20:02:07.706 +01:00 [DBG] Disposing connection to database 'shelter' on server '127.0.0.1'.
2025-12-13 20:02:07.708 +01:00 [DBG] Disposed connection to database 'shelter' on server '127.0.0.1' (2ms).
2025-12-13 20:02:07.712 +01:00 [INF] Request finished HTTP/2 GET https://localhost:7079/Users - 200 null text/html; charset=utf-8 335.3278ms
2025-12-13 20:02:07.755 +01:00 [INF] Request starting HTTP/2 GET https://localhost:7079/css/users/index.css?v=-dI_anz-NO-Y7AioGzChTj_ov4rOKomXMAg1SZcr6cQ - null null
2025-12-13 20:02:07.755 +01:00 [INF] Request starting HTTP/2 GET https://localhost:7079/_vs/browserLink - null null
2025-12-13 20:02:07.755 +01:00 [INF] Request starting HTTP/2 GET https://localhost:7079/_framework/aspnetcore-browser-refresh.js - null null
2025-12-13 20:02:07.759 +01:00 [INF] Sending file. Request path: '/css/users/index.css'. Physical path: 'C:\Users\David\source\repos\ValcharUtulek\ValcharUtulek\wwwroot\css\users\index.css'
2025-12-13 20:02:07.764 +01:00 [DBG] Script injected: /_framework/aspnetcore-browser-refresh.js
2025-12-13 20:02:07.765 +01:00 [INF] Request finished HTTP/2 GET https://localhost:7079/_vs/browserLink - 200 null text/javascript; charset=UTF-8 10.3599ms
2025-12-13 20:02:07.766 +01:00 [INF] Request finished HTTP/2 GET https://localhost:7079/css/users/index.css?v=-dI_anz-NO-Y7AioGzChTj_ov4rOKomXMAg1SZcr6cQ - 200 500 text/css 11.5277ms
2025-12-13 20:02:07.767 +01:00 [INF] Request finished HTTP/2 GET https://localhost:7079/_framework/aspnetcore-browser-refresh.js - 200 16511 application/javascript; charset=utf-8 12.475ms
2025-12-13 20:02:09.313 +01:00 [INF] Request starting HTTP/2 POST https://localhost:7079/Account/Logout - application/x-www-form-urlencoded 225
2025-12-13 20:02:09.318 +01:00 [DBG] POST requests are not supported
2025-12-13 20:02:09.319 +01:00 [DBG] 1 candidate(s) found for the request path '/Account/Logout'
2025-12-13 20:02:09.321 +01:00 [DBG] Endpoint 'ValcharUtulek.Controllers.AccountController.Logout (ValcharUtulek)' with route pattern '{controller=Home}/{action=Index}/{id?}' is valid for the request path '/Account/Logout'
2025-12-13 20:02:09.323 +01:00 [DBG] Request matched endpoint 'ValcharUtulek.Controllers.AccountController.Logout (ValcharUtulek)'
2025-12-13 20:02:09.325 +01:00 [DBG] AuthenticationScheme: Cookies was successfully authenticated.
2025-12-13 20:02:09.327 +01:00 [INF] Executing endpoint 'ValcharUtulek.Controllers.AccountController.Logout (ValcharUtulek)'
2025-12-13 20:02:09.332 +01:00 [INF] Route matched with {action = "Logout", controller = "Account"}. Executing controller action with signature System.Threading.Tasks.Task`1[Microsoft.AspNetCore.Mvc.IActionResult] Logout() on controller ValcharUtulek.Controllers.AccountController (ValcharUtulek).
2025-12-13 20:02:09.334 +01:00 [DBG] Execution plan of authorization filters (in the following order): ["Microsoft.AspNetCore.Mvc.ViewFeatures.Filters.ValidateAntiforgeryTokenAuthorizationFilter"]
2025-12-13 20:02:09.336 +01:00 [DBG] Execution plan of resource filters (in the following order): ["Microsoft.AspNetCore.Mvc.ViewFeatures.Filters.SaveTempDataFilter"]
2025-12-13 20:02:09.338 +01:00 [DBG] Execution plan of action filters (in the following order): ["Microsoft.AspNetCore.Mvc.Filters.ControllerActionFilter (Order: -2147483648)","Microsoft.AspNetCore.Mvc.ModelBinding.UnsupportedContentTypeFilter (Order: -3000)"]
2025-12-13 20:02:09.340 +01:00 [DBG] Execution plan of exception filters (in the following order): ["None"]
2025-12-13 20:02:09.342 +01:00 [DBG] Execution plan of result filters (in the following order): ["Microsoft.AspNetCore.Mvc.ViewFeatures.Filters.SaveTempDataFilter"]
2025-12-13 20:02:09.345 +01:00 [DBG] Connection id "0HNHQF82HKQKQ", Request id "0HNHQF82HKQKQ:00000059": started reading request body.
2025-12-13 20:02:09.347 +01:00 [DBG] Connection id "0HNHQF82HKQKQ", Request id "0HNHQF82HKQKQ:00000059": done reading request body.
2025-12-13 20:02:09.349 +01:00 [DBG] Antiforgery successfully validated a request.
2025-12-13 20:02:09.350 +01:00 [DBG] Executing controller factory for controller ValcharUtulek.Controllers.AccountController (ValcharUtulek)
2025-12-13 20:02:09.360 +01:00 [DBG] Executed controller factory for controller ValcharUtulek.Controllers.AccountController (ValcharUtulek)
2025-12-13 20:02:09.365 +01:00 [INF] AuthenticationScheme: Cookies signed out.
2025-12-13 20:02:09.367 +01:00 [INF] User logged out.
2025-12-13 20:02:09.368 +01:00 [DBG] Found the endpoints ["Route: {controller=Home}/{action=Index}/{id?}"] for address (action=[Index],controller=[Home])
2025-12-13 20:02:09.370 +01:00 [DBG] Successfully processed template {controller=Home}/{action=Index}/{id?} for Route: {controller=Home}/{action=Index}/{id?} resulting in  and 
2025-12-13 20:02:09.372 +01:00 [DBG] Link generation succeeded for endpoints ["Route: {controller=Home}/{action=Index}/{id?}"] with result /
2025-12-13 20:02:09.374 +01:00 [INF] Executing RedirectResult, redirecting to /.
2025-12-13 20:02:09.375 +01:00 [INF] Executed action ValcharUtulek.Controllers.AccountController.Logout (ValcharUtulek) in 30.6898ms
2025-12-13 20:02:09.377 +01:00 [INF] Executed endpoint 'ValcharUtulek.Controllers.AccountController.Logout (ValcharUtulek)'
2025-12-13 20:02:09.379 +01:00 [INF] Request finished HTTP/2 POST https://localhost:7079/Account/Logout - 302 0 null 65.9702ms
2025-12-13 20:02:09.386 +01:00 [INF] Request starting HTTP/2 GET https://localhost:7079/ - null null
2025-12-13 20:02:09.391 +01:00 [DBG] The request path / does not match a supported file type
2025-12-13 20:02:09.392 +01:00 [DBG] 1 candidate(s) found for the request path '/'
2025-12-13 20:02:09.394 +01:00 [DBG] Endpoint 'ValcharUtulek.Controllers.HomeController.Index (ValcharUtulek)' with route pattern '{controller=Home}/{action=Index}/{id?}' is valid for the request path '/'
2025-12-13 20:02:09.396 +01:00 [DBG] Request matched endpoint 'ValcharUtulek.Controllers.HomeController.Index (ValcharUtulek)'
2025-12-13 20:02:09.398 +01:00 [DBG] AuthenticationScheme: Cookies was not authenticated.
2025-12-13 20:02:09.399 +01:00 [INF] Executing endpoint 'ValcharUtulek.Controllers.HomeController.Index (ValcharUtulek)'
2025-12-13 20:02:09.400 +01:00 [INF] Route matched with {action = "Index", controller = "Home"}. Executing controller action with signature Microsoft.AspNetCore.Mvc.IActionResult Index() on controller ValcharUtulek.Controllers.HomeController (ValcharUtulek).
2025-12-13 20:02:09.402 +01:00 [DBG] Execution plan of authorization filters (in the following order): ["None"]
2025-12-13 20:02:09.405 +01:00 [DBG] Execution plan of resource filters (in the following order): ["Microsoft.AspNetCore.Mvc.ViewFeatures.Filters.SaveTempDataFilter"]
2025-12-13 20:02:09.407 +01:00 [DBG] Execution plan of action filters (in the following order): ["Microsoft.AspNetCore.Mvc.Filters.ControllerActionFilter (Order: -2147483648)","Microsoft.AspNetCore.Mvc.ModelBinding.UnsupportedContentTypeFilter (Order: -3000)"]
2025-12-13 20:02:09.409 +01:00 [DBG] Execution plan of exception filters (in the following order): ["None"]
2025-12-13 20:02:09.411 +01:00 [DBG] Execution plan of result filters (in the following order): ["Microsoft.AspNetCore.Mvc.ViewFeatures.Filters.SaveTempDataFilter"]
2025-12-13 20:02:09.414 +01:00 [DBG] Executing controller factory for controller ValcharUtulek.Controllers.HomeController (ValcharUtulek)
2025-12-13 20:02:09.415 +01:00 [DBG] Executed controller factory for controller ValcharUtulek.Controllers.HomeController (ValcharUtulek)
2025-12-13 20:02:09.417 +01:00 [DBG] View lookup cache hit for view 'Index' in controller 'Home'.
2025-12-13 20:02:09.419 +01:00 [INF] Executing ViewResult, running view Index.
2025-12-13 20:02:09.420 +01:00 [DBG] The view path '/Views/Home/Index.cshtml' was found in 3.2124ms.
2025-12-13 20:02:09.422 +01:00 [DBG] View lookup cache hit for view '_Layout' in controller 'Home'.
2025-12-13 20:02:09.424 +01:00 [DBG] Response markup is scheduled to include Browser Link script injection.
2025-12-13 20:02:09.425 +01:00 [DBG] Response markup is scheduled to include browser refresh script injection.
2025-12-13 20:02:09.426 +01:00 [INF] Executed ViewResult - view Index executed in 9.3144ms.
2025-12-13 20:02:09.428 +01:00 [INF] Executed action ValcharUtulek.Controllers.HomeController.Index (ValcharUtulek) in 14.4759ms
2025-12-13 20:02:09.430 +01:00 [INF] Executed endpoint 'ValcharUtulek.Controllers.HomeController.Index (ValcharUtulek)'
2025-12-13 20:02:09.431 +01:00 [DBG] Response markup was updated to include Browser Link script injection.
2025-12-13 20:02:09.432 +01:00 [DBG] Response markup was updated to include browser refresh script injection.
2025-12-13 20:02:09.433 +01:00 [INF] Request finished HTTP/2 GET https://localhost:7079/ - 200 null text/html; charset=utf-8 46.9724ms
2025-12-13 20:02:09.479 +01:00 [INF] Request starting HTTP/2 GET https://localhost:7079/_framework/aspnetcore-browser-refresh.js - null null
2025-12-13 20:02:09.479 +01:00 [INF] Request starting HTTP/2 GET https://localhost:7079/_vs/browserLink - null null
2025-12-13 20:02:09.484 +01:00 [DBG] Script injected: /_framework/aspnetcore-browser-refresh.js
2025-12-13 20:02:09.489 +01:00 [INF] Request finished HTTP/2 GET https://localhost:7079/_framework/aspnetcore-browser-refresh.js - 200 16511 application/javascript; charset=utf-8 9.8385ms
2025-12-13 20:02:09.492 +01:00 [INF] Request finished HTTP/2 GET https://localhost:7079/_vs/browserLink - 200 null text/javascript; charset=UTF-8 12.7789ms
2025-12-13 20:02:09.934 +01:00 [INF] Request starting HTTP/2 GET https://localhost:7079/Account/Register - null null
2025-12-13 20:02:09.941 +01:00 [DBG] The request path /Account/Register does not match a supported file type
2025-12-13 20:02:09.943 +01:00 [DBG] 1 candidate(s) found for the request path '/Account/Register'
2025-12-13 20:02:09.944 +01:00 [DBG] Endpoint 'ValcharUtulek.Controllers.AccountController.Register (ValcharUtulek)' with route pattern '{controller=Home}/{action=Index}/{id?}' is valid for the request path '/Account/Register'
2025-12-13 20:02:09.948 +01:00 [DBG] Request matched endpoint 'ValcharUtulek.Controllers.AccountController.Register (ValcharUtulek)'
2025-12-13 20:02:09.950 +01:00 [DBG] AuthenticationScheme: Cookies was not authenticated.
2025-12-13 20:02:09.952 +01:00 [INF] Executing endpoint 'ValcharUtulek.Controllers.AccountController.Register (ValcharUtulek)'
2025-12-13 20:02:09.955 +01:00 [INF] Route matched with {action = "Register", controller = "Account"}. Executing controller action with signature Microsoft.AspNetCore.Mvc.IActionResult Register() on controller ValcharUtulek.Controllers.AccountController (ValcharUtulek).
2025-12-13 20:02:09.957 +01:00 [DBG] Execution plan of authorization filters (in the following order): ["None"]
2025-12-13 20:02:09.959 +01:00 [DBG] Execution plan of resource filters (in the following order): ["Microsoft.AspNetCore.Mvc.ViewFeatures.Filters.SaveTempDataFilter"]
2025-12-13 20:02:09.961 +01:00 [DBG] Execution plan of action filters (in the following order): ["Microsoft.AspNetCore.Mvc.Filters.ControllerActionFilter (Order: -2147483648)","Microsoft.AspNetCore.Mvc.ModelBinding.UnsupportedContentTypeFilter (Order: -3000)"]
2025-12-13 20:02:09.963 +01:00 [DBG] Execution plan of exception filters (in the following order): ["None"]
2025-12-13 20:02:09.965 +01:00 [DBG] Execution plan of result filters (in the following order): ["Microsoft.AspNetCore.Mvc.ViewFeatures.Filters.SaveTempDataFilter"]
2025-12-13 20:02:09.967 +01:00 [DBG] Executing controller factory for controller ValcharUtulek.Controllers.AccountController (ValcharUtulek)
2025-12-13 20:02:09.977 +01:00 [DBG] Executed controller factory for controller ValcharUtulek.Controllers.AccountController (ValcharUtulek)
2025-12-13 20:02:09.980 +01:00 [DBG] View lookup cache miss for view 'Register' in controller 'Account'.
2025-12-13 20:02:09.982 +01:00 [INF] Executing ViewResult, running view Register.
2025-12-13 20:02:09.984 +01:00 [DBG] The view path '/Views/Account/Register.cshtml' was found in 3.7952ms.
2025-12-13 20:02:09.990 +01:00 [DBG] Found the endpoints ["Route: {controller=Home}/{action=Index}/{id?}"] for address (action=[Register],controller=[Account])
2025-12-13 20:02:09.992 +01:00 [DBG] Successfully processed template {controller=Home}/{action=Index}/{id?} for Route: {controller=Home}/{action=Index}/{id?} resulting in /Account/Register and 
2025-12-13 20:02:09.994 +01:00 [DBG] Link generation succeeded for endpoints ["Route: {controller=Home}/{action=Index}/{id?}"] with result /Account/Register
2025-12-13 20:02:09.996 +01:00 [DBG] An antiforgery cookie token was reused.
2025-12-13 20:02:10.009 +01:00 [DBG] View lookup cache hit for view '_Layout' in controller 'Account'.
2025-12-13 20:02:10.012 +01:00 [DBG] View lookup cache hit for view '_ValidationScriptsPartial' in controller 'Account'.
2025-12-13 20:02:10.014 +01:00 [DBG] Response markup is scheduled to include Browser Link script injection.
2025-12-13 20:02:10.015 +01:00 [DBG] Response markup is scheduled to include browser refresh script injection.
2025-12-13 20:02:10.016 +01:00 [INF] Executed ViewResult - view Register executed in 36.5928ms.
2025-12-13 20:02:10.018 +01:00 [INF] Executed action ValcharUtulek.Controllers.AccountController.Register (ValcharUtulek) in 50.7098ms
2025-12-13 20:02:10.019 +01:00 [INF] Executed endpoint 'ValcharUtulek.Controllers.AccountController.Register (ValcharUtulek)'
2025-12-13 20:02:10.021 +01:00 [DBG] Response markup was updated to include Browser Link script injection.
2025-12-13 20:02:10.022 +01:00 [DBG] Response markup was updated to include browser refresh script injection.
2025-12-13 20:02:10.023 +01:00 [INF] Request finished HTTP/2 GET https://localhost:7079/Account/Register - 200 null text/html; charset=utf-8 89.2825ms
2025-12-13 20:02:10.063 +01:00 [INF] Request starting HTTP/2 GET https://localhost:7079/_vs/browserLink - null null
2025-12-13 20:02:10.063 +01:00 [INF] Request starting HTTP/2 GET https://localhost:7079/_framework/aspnetcore-browser-refresh.js - null null
2025-12-13 20:02:10.071 +01:00 [DBG] Script injected: /_framework/aspnetcore-browser-refresh.js
2025-12-13 20:02:10.072 +01:00 [INF] Request finished HTTP/2 GET https://localhost:7079/_vs/browserLink - 200 null text/javascript; charset=UTF-8 8.8706ms
2025-12-13 20:02:10.073 +01:00 [INF] Request finished HTTP/2 GET https://localhost:7079/_framework/aspnetcore-browser-refresh.js - 200 16511 application/javascript; charset=utf-8 9.6255ms
2025-12-13 20:02:14.796 +01:00 [INF] Request starting HTTP/2 GET https://localhost:7079/Account/Login - null null
2025-12-13 20:02:14.801 +01:00 [DBG] The request path /Account/Login does not match a supported file type
2025-12-13 20:02:14.803 +01:00 [DBG] 1 candidate(s) found for the request path '/Account/Login'
2025-12-13 20:02:14.804 +01:00 [DBG] Endpoint 'ValcharUtulek.Controllers.AccountController.Login (ValcharUtulek)' with route pattern '{controller=Home}/{action=Index}/{id?}' is valid for the request path '/Account/Login'
2025-12-13 20:02:14.807 +01:00 [DBG] Request matched endpoint 'ValcharUtulek.Controllers.AccountController.Login (ValcharUtulek)'
2025-12-13 20:02:14.808 +01:00 [DBG] AuthenticationScheme: Cookies was not authenticated.
2025-12-13 20:02:14.810 +01:00 [INF] Executing endpoint 'ValcharUtulek.Controllers.AccountController.Login (ValcharUtulek)'
2025-12-13 20:02:14.812 +01:00 [INF] Route matched with {action = "Login", controller = "Account"}. Executing controller action with signature Microsoft.AspNetCore.Mvc.IActionResult Login(System.String) on controller ValcharUtulek.Controllers.AccountController (ValcharUtulek).
2025-12-13 20:02:14.815 +01:00 [DBG] Execution plan of authorization filters (in the following order): ["None"]
2025-12-13 20:02:14.817 +01:00 [DBG] Execution plan of resource filters (in the following order): ["Microsoft.AspNetCore.Mvc.ViewFeatures.Filters.SaveTempDataFilter"]
2025-12-13 20:02:14.819 +01:00 [DBG] Execution plan of action filters (in the following order): ["Microsoft.AspNetCore.Mvc.Filters.ControllerActionFilter (Order: -2147483648)","Microsoft.AspNetCore.Mvc.ModelBinding.UnsupportedContentTypeFilter (Order: -3000)"]
2025-12-13 20:02:14.821 +01:00 [DBG] Execution plan of exception filters (in the following order): ["None"]
2025-12-13 20:02:14.823 +01:00 [DBG] Execution plan of result filters (in the following order): ["Microsoft.AspNetCore.Mvc.ViewFeatures.Filters.SaveTempDataFilter"]
2025-12-13 20:02:14.825 +01:00 [DBG] Executing controller factory for controller ValcharUtulek.Controllers.AccountController (ValcharUtulek)
2025-12-13 20:02:14.838 +01:00 [DBG] Executed controller factory for controller ValcharUtulek.Controllers.AccountController (ValcharUtulek)
2025-12-13 20:02:14.840 +01:00 [DBG] Attempting to bind parameter 'returnUrl' of type 'System.String' ...
2025-12-13 20:02:14.842 +01:00 [DBG] Attempting to bind parameter 'returnUrl' of type 'System.String' using the name '' in request data ...
2025-12-13 20:02:14.844 +01:00 [DBG] Could not find a value in the request with name '' for binding parameter 'returnUrl' of type 'System.String'.
2025-12-13 20:02:14.846 +01:00 [DBG] Done attempting to bind parameter 'returnUrl' of type 'System.String'.
2025-12-13 20:02:14.848 +01:00 [DBG] Done attempting to bind parameter 'returnUrl' of type 'System.String'.
2025-12-13 20:02:14.850 +01:00 [DBG] Attempting to validate the bound parameter 'returnUrl' of type 'System.String' ...
2025-12-13 20:02:14.852 +01:00 [DBG] Done attempting to validate the bound parameter 'returnUrl' of type 'System.String'.
2025-12-13 20:02:14.854 +01:00 [DBG] View lookup cache hit for view 'Login' in controller 'Account'.
2025-12-13 20:02:14.856 +01:00 [INF] Executing ViewResult, running view Login.
2025-12-13 20:02:14.857 +01:00 [DBG] The view path '/Views/Account/Login.cshtml' was found in 3.4828ms.
2025-12-13 20:02:14.860 +01:00 [DBG] Found the endpoints ["Route: {controller=Home}/{action=Index}/{id?}"] for address (returnurl=[],action=[Login],controller=[Account])
2025-12-13 20:02:14.862 +01:00 [DBG] Successfully processed template {controller=Home}/{action=Index}/{id?} for Route: {controller=Home}/{action=Index}/{id?} resulting in /Account/Login and 
2025-12-13 20:02:14.864 +01:00 [DBG] Link generation succeeded for endpoints ["Route: {controller=Home}/{action=Index}/{id?}"] with result /Account/Login
2025-12-13 20:02:14.867 +01:00 [DBG] An antiforgery cookie token was reused.
2025-12-13 20:02:14.868 +01:00 [DBG] Found the endpoints ["Route: {controller=Home}/{action=Index}/{id?}"] for address (action=[Register],controller=[Account])
2025-12-13 20:02:14.870 +01:00 [DBG] Successfully processed template {controller=Home}/{action=Index}/{id?} for Route: {controller=Home}/{action=Index}/{id?} resulting in /Account/Register and 
2025-12-13 20:02:14.873 +01:00 [DBG] Link generation succeeded for endpoints ["Route: {controller=Home}/{action=Index}/{id?}"] with result /Account/Register
2025-12-13 20:02:14.875 +01:00 [DBG] View lookup cache hit for view '_Layout' in controller 'Account'.
2025-12-13 20:02:14.877 +01:00 [DBG] View lookup cache hit for view '_ValidationScriptsPartial' in controller 'Account'.
2025-12-13 20:02:14.879 +01:00 [DBG] Response markup is scheduled to include Browser Link script injection.
2025-12-13 20:02:14.880 +01:00 [DBG] Response markup is scheduled to include browser refresh script injection.
2025-12-13 20:02:14.882 +01:00 [INF] Executed ViewResult - view Login executed in 27.6415ms.
2025-12-13 20:02:14.884 +01:00 [INF] Executed action ValcharUtulek.Controllers.AccountController.Login (ValcharUtulek) in 58.3203ms
2025-12-13 20:02:14.885 +01:00 [INF] Executed endpoint 'ValcharUtulek.Controllers.AccountController.Login (ValcharUtulek)'
2025-12-13 20:02:14.887 +01:00 [DBG] Response markup was updated to include Browser Link script injection.
2025-12-13 20:02:14.888 +01:00 [DBG] Response markup was updated to include browser refresh script injection.
2025-12-13 20:02:14.889 +01:00 [INF] Request finished HTTP/2 GET https://localhost:7079/Account/Login - 200 null text/html; charset=utf-8 93.1571ms
2025-12-13 20:02:14.940 +01:00 [INF] Request starting HTTP/2 GET https://localhost:7079/_vs/browserLink - null null
2025-12-13 20:02:14.941 +01:00 [INF] Request starting HTTP/2 GET https://localhost:7079/_framework/aspnetcore-browser-refresh.js - null null
2025-12-13 20:02:14.949 +01:00 [DBG] Script injected: /_framework/aspnetcore-browser-refresh.js
2025-12-13 20:02:14.951 +01:00 [INF] Request finished HTTP/2 GET https://localhost:7079/_vs/browserLink - 200 null text/javascript; charset=UTF-8 10.1934ms
2025-12-13 20:02:14.951 +01:00 [INF] Request finished HTTP/2 GET https://localhost:7079/_framework/aspnetcore-browser-refresh.js - 200 16511 application/javascript; charset=utf-8 10.2124ms
2025-12-13 20:02:22.552 +01:00 [INF] Request starting HTTP/2 POST https://localhost:7079/Account/Login - application/x-www-form-urlencoded 208
2025-12-13 20:02:22.557 +01:00 [DBG] POST requests are not supported
2025-12-13 20:02:22.559 +01:00 [DBG] 1 candidate(s) found for the request path '/Account/Login'
2025-12-13 20:02:22.560 +01:00 [DBG] Endpoint 'ValcharUtulek.Controllers.AccountController.Login (ValcharUtulek)' with route pattern '{controller=Home}/{action=Index}/{id?}' is valid for the request path '/Account/Login'
2025-12-13 20:02:22.563 +01:00 [DBG] Request matched endpoint 'ValcharUtulek.Controllers.AccountController.Login (ValcharUtulek)'
2025-12-13 20:02:22.564 +01:00 [DBG] AuthenticationScheme: Cookies was not authenticated.
2025-12-13 20:02:22.566 +01:00 [INF] Executing endpoint 'ValcharUtulek.Controllers.AccountController.Login (ValcharUtulek)'
2025-12-13 20:02:22.567 +01:00 [INF] Route matched with {action = "Login", controller = "Account"}. Executing controller action with signature System.Threading.Tasks.Task`1[Microsoft.AspNetCore.Mvc.IActionResult] Login(ValcharUtulek.Models.LoginViewModel, System.String) on controller ValcharUtulek.Controllers.AccountController (ValcharUtulek).
2025-12-13 20:02:22.569 +01:00 [DBG] Execution plan of authorization filters (in the following order): ["Microsoft.AspNetCore.Mvc.ViewFeatures.Filters.ValidateAntiforgeryTokenAuthorizationFilter"]
2025-12-13 20:02:22.571 +01:00 [DBG] Execution plan of resource filters (in the following order): ["Microsoft.AspNetCore.Mvc.ViewFeatures.Filters.SaveTempDataFilter"]
2025-12-13 20:02:22.573 +01:00 [DBG] Execution plan of action filters (in the following order): ["Microsoft.AspNetCore.Mvc.Filters.ControllerActionFilter (Order: -2147483648)","Microsoft.AspNetCore.Mvc.ModelBinding.UnsupportedContentTypeFilter (Order: -3000)"]
2025-12-13 20:02:22.575 +01:00 [DBG] Execution plan of exception filters (in the following order): ["None"]
2025-12-13 20:02:22.577 +01:00 [DBG] Execution plan of result filters (in the following order): ["Microsoft.AspNetCore.Mvc.ViewFeatures.Filters.SaveTempDataFilter"]
2025-12-13 20:02:22.579 +01:00 [DBG] Connection id "0HNHQF82HKQKQ", Request id "0HNHQF82HKQKQ:0000006D": started reading request body.
2025-12-13 20:02:22.580 +01:00 [DBG] Connection id "0HNHQF82HKQKQ", Request id "0HNHQF82HKQKQ:0000006D": done reading request body.
2025-12-13 20:02:22.582 +01:00 [DBG] Antiforgery successfully validated a request.
2025-12-13 20:02:22.583 +01:00 [DBG] Executing controller factory for controller ValcharUtulek.Controllers.AccountController (ValcharUtulek)
2025-12-13 20:02:22.593 +01:00 [DBG] Executed controller factory for controller ValcharUtulek.Controllers.AccountController (ValcharUtulek)
2025-12-13 20:02:22.595 +01:00 [DBG] Attempting to bind parameter 'model' of type 'ValcharUtulek.Models.LoginViewModel' ...
2025-12-13 20:02:22.597 +01:00 [DBG] Attempting to bind parameter 'model' of type 'ValcharUtulek.Models.LoginViewModel' using the name '' in request data ...
2025-12-13 20:02:22.599 +01:00 [DBG] Attempting to bind property 'ValcharUtulek.Models.LoginViewModel.Name' of type 'System.String' using the name 'Name' in request data ...
2025-12-13 20:02:22.601 +01:00 [DBG] Done attempting to bind property 'ValcharUtulek.Models.LoginViewModel.Name' of type 'System.String'.
2025-12-13 20:02:22.603 +01:00 [DBG] Attempting to bind property 'ValcharUtulek.Models.LoginViewModel.Password' of type 'System.String' using the name 'Password' in request data ...
2025-12-13 20:02:22.605 +01:00 [DBG] Done attempting to bind property 'ValcharUtulek.Models.LoginViewModel.Password' of type 'System.String'.
2025-12-13 20:02:22.607 +01:00 [DBG] Done attempting to bind parameter 'model' of type 'ValcharUtulek.Models.LoginViewModel'.
2025-12-13 20:02:22.608 +01:00 [DBG] Done attempting to bind parameter 'model' of type 'ValcharUtulek.Models.LoginViewModel'.
2025-12-13 20:02:22.610 +01:00 [DBG] Attempting to validate the bound parameter 'model' of type 'ValcharUtulek.Models.LoginViewModel' ...
2025-12-13 20:02:22.612 +01:00 [DBG] Done attempting to validate the bound parameter 'model' of type 'ValcharUtulek.Models.LoginViewModel'.
2025-12-13 20:02:22.613 +01:00 [DBG] Attempting to bind parameter 'returnUrl' of type 'System.String' ...
2025-12-13 20:02:22.615 +01:00 [DBG] Attempting to bind parameter 'returnUrl' of type 'System.String' using the name '' in request data ...
2025-12-13 20:02:22.617 +01:00 [DBG] Could not find a value in the request with name '' for binding parameter 'returnUrl' of type 'System.String'.
2025-12-13 20:02:22.619 +01:00 [DBG] Done attempting to bind parameter 'returnUrl' of type 'System.String'.
2025-12-13 20:02:22.620 +01:00 [DBG] Done attempting to bind parameter 'returnUrl' of type 'System.String'.
2025-12-13 20:02:22.622 +01:00 [DBG] Attempting to validate the bound parameter 'returnUrl' of type 'System.String' ...
2025-12-13 20:02:22.623 +01:00 [DBG] Done attempting to validate the bound parameter 'returnUrl' of type 'System.String'.
2025-12-13 20:02:22.625 +01:00 [DBG] Entity Framework Core 9.0.10 initialized 'ShelterDbContext' using provider 'Pomelo.EntityFrameworkCore.MySql:9.0.0' with options: ParameterizedCollectionTranslationMode=Constantize ServerVersion=8.0.44-mysql 
2025-12-13 20:02:22.628 +01:00 [DBG] Creating DbConnection.
2025-12-13 20:02:22.630 +01:00 [DBG] Created DbConnection. (1ms).
2025-12-13 20:02:22.631 +01:00 [DBG] Opening connection to database 'shelter' on server '127.0.0.1'.
2025-12-13 20:02:22.634 +01:00 [DBG] Opened connection to database 'shelter' on server '127.0.0.1'.
2025-12-13 20:02:22.636 +01:00 [DBG] Creating DbCommand for 'ExecuteReader'.
2025-12-13 20:02:22.637 +01:00 [DBG] Created DbCommand for 'ExecuteReader' (1ms).
2025-12-13 20:02:22.639 +01:00 [DBG] Initialized DbCommand for 'ExecuteReader' (3ms).
2025-12-13 20:02:22.641 +01:00 [DBG] Executing DbCommand [Parameters=[@__model_Name_0='?' (Size = 4000)], CommandType='"Text"', CommandTimeout='30']
SELECT `u`.`UserId`, `u`.`Email`, `u`.`Name`, `u`.`password_hash`, `u`.`RegistrationDate`, `u`.`Role`
FROM `Users` AS `u`
WHERE `u`.`Name` = @__model_Name_0
LIMIT 1
2025-12-13 20:02:22.643 +01:00 [INF] Executed DbCommand (3ms) [Parameters=[@__model_Name_0='?' (Size = 4000)], CommandType='"Text"', CommandTimeout='30']
SELECT `u`.`UserId`, `u`.`Email`, `u`.`Name`, `u`.`password_hash`, `u`.`RegistrationDate`, `u`.`Role`
FROM `Users` AS `u`
WHERE `u`.`Name` = @__model_Name_0
LIMIT 1
2025-12-13 20:02:22.646 +01:00 [DBG] Context 'ShelterDbContext' started tracking 'User' entity. Consider using 'DbContextOptionsBuilder.EnableSensitiveDataLogging' to see key values.
2025-12-13 20:02:22.648 +01:00 [DBG] Closing data reader to 'shelter' on server '127.0.0.1'.
2025-12-13 20:02:22.650 +01:00 [DBG] A data reader for 'shelter' on server '127.0.0.1' is being disposed after spending 4ms reading results.
2025-12-13 20:02:22.652 +01:00 [DBG] Closing connection to database 'shelter' on server '127.0.0.1'.
2025-12-13 20:02:22.654 +01:00 [DBG] Closed connection to database 'shelter' on server '127.0.0.1' (1ms).
2025-12-13 20:02:22.668 +01:00 [INF] AuthenticationScheme: Cookies signed in.
2025-12-13 20:02:22.670 +01:00 [INF] Uživatel adam se úspěšně přihlásil.
2025-12-13 20:02:22.671 +01:00 [DBG] Found the endpoints ["Route: {controller=Home}/{action=Index}/{id?}"] for address (action=[Index],controller=[Home])
2025-12-13 20:02:22.673 +01:00 [DBG] Successfully processed template {controller=Home}/{action=Index}/{id?} for Route: {controller=Home}/{action=Index}/{id?} resulting in  and 
2025-12-13 20:02:22.675 +01:00 [DBG] Link generation succeeded for endpoints ["Route: {controller=Home}/{action=Index}/{id?}"] with result /
2025-12-13 20:02:22.677 +01:00 [INF] Executing RedirectResult, redirecting to /.
2025-12-13 20:02:22.679 +01:00 [INF] Executed action ValcharUtulek.Controllers.AccountController.Login (ValcharUtulek) in 100.1477ms
2025-12-13 20:02:22.681 +01:00 [INF] Executed endpoint 'ValcharUtulek.Controllers.AccountController.Login (ValcharUtulek)'
2025-12-13 20:02:22.682 +01:00 [DBG] 'ShelterDbContext' disposed.
2025-12-13 20:02:22.684 +01:00 [DBG] Disposing connection to database 'shelter' on server '127.0.0.1'.
2025-12-13 20:02:22.685 +01:00 [DBG] Disposed connection to database 'shelter' on server '127.0.0.1' (1ms).
2025-12-13 20:02:22.687 +01:00 [INF] Request finished HTTP/2 POST https://localhost:7079/Account/Login - 302 0 null 135.6063ms
2025-12-13 20:02:22.690 +01:00 [INF] Request starting HTTP/2 GET https://localhost:7079/ - null null
2025-12-13 20:02:22.696 +01:00 [DBG] The request path / does not match a supported file type
2025-12-13 20:02:22.698 +01:00 [DBG] 1 candidate(s) found for the request path '/'
2025-12-13 20:02:22.699 +01:00 [DBG] Endpoint 'ValcharUtulek.Controllers.HomeController.Index (ValcharUtulek)' with route pattern '{controller=Home}/{action=Index}/{id?}' is valid for the request path '/'
2025-12-13 20:02:22.701 +01:00 [DBG] Request matched endpoint 'ValcharUtulek.Controllers.HomeController.Index (ValcharUtulek)'
2025-12-13 20:02:22.702 +01:00 [DBG] AuthenticationScheme: Cookies was successfully authenticated.
2025-12-13 20:02:22.704 +01:00 [INF] Executing endpoint 'ValcharUtulek.Controllers.HomeController.Index (ValcharUtulek)'
2025-12-13 20:02:22.705 +01:00 [INF] Route matched with {action = "Index", controller = "Home"}. Executing controller action with signature Microsoft.AspNetCore.Mvc.IActionResult Index() on controller ValcharUtulek.Controllers.HomeController (ValcharUtulek).
2025-12-13 20:02:22.707 +01:00 [DBG] Execution plan of authorization filters (in the following order): ["None"]
2025-12-13 20:02:22.709 +01:00 [DBG] Execution plan of resource filters (in the following order): ["Microsoft.AspNetCore.Mvc.ViewFeatures.Filters.SaveTempDataFilter"]
2025-12-13 20:02:22.711 +01:00 [DBG] Execution plan of action filters (in the following order): ["Microsoft.AspNetCore.Mvc.Filters.ControllerActionFilter (Order: -2147483648)","Microsoft.AspNetCore.Mvc.ModelBinding.UnsupportedContentTypeFilter (Order: -3000)"]
2025-12-13 20:02:22.713 +01:00 [DBG] Execution plan of exception filters (in the following order): ["None"]
2025-12-13 20:02:22.715 +01:00 [DBG] Execution plan of result filters (in the following order): ["Microsoft.AspNetCore.Mvc.ViewFeatures.Filters.SaveTempDataFilter"]
2025-12-13 20:02:22.716 +01:00 [DBG] Executing controller factory for controller ValcharUtulek.Controllers.HomeController (ValcharUtulek)
2025-12-13 20:02:22.718 +01:00 [DBG] Executed controller factory for controller ValcharUtulek.Controllers.HomeController (ValcharUtulek)
2025-12-13 20:02:22.719 +01:00 [DBG] View lookup cache hit for view 'Index' in controller 'Home'.
2025-12-13 20:02:22.721 +01:00 [INF] Executing ViewResult, running view Index.
2025-12-13 20:02:22.722 +01:00 [DBG] The view path '/Views/Home/Index.cshtml' was found in 2.7949ms.
2025-12-13 20:02:22.724 +01:00 [DBG] View lookup cache hit for view '_Layout' in controller 'Home'.
2025-12-13 20:02:22.726 +01:00 [DBG] Found the endpoints ["Route: {controller=Home}/{action=Index}/{id?}"] for address (action=[Logout],controller=[Account])
2025-12-13 20:02:22.727 +01:00 [DBG] Successfully processed template {controller=Home}/{action=Index}/{id?} for Route: {controller=Home}/{action=Index}/{id?} resulting in /Account/Logout and 
2025-12-13 20:02:22.730 +01:00 [DBG] Link generation succeeded for endpoints ["Route: {controller=Home}/{action=Index}/{id?}"] with result /Account/Logout
2025-12-13 20:02:22.732 +01:00 [DBG] An antiforgery cookie token was reused.
2025-12-13 20:02:22.733 +01:00 [DBG] Response markup is scheduled to include Browser Link script injection.
2025-12-13 20:02:22.734 +01:00 [DBG] Response markup is scheduled to include browser refresh script injection.
2025-12-13 20:02:22.735 +01:00 [INF] Executed ViewResult - view Index executed in 16.065ms.
2025-12-13 20:02:22.738 +01:00 [INF] Executed action ValcharUtulek.Controllers.HomeController.Index (ValcharUtulek) in 21.3494ms
2025-12-13 20:02:22.740 +01:00 [INF] Executed endpoint 'ValcharUtulek.Controllers.HomeController.Index (ValcharUtulek)'
2025-12-13 20:02:22.742 +01:00 [DBG] Response markup was updated to include Browser Link script injection.
2025-12-13 20:02:22.743 +01:00 [DBG] Response markup was updated to include browser refresh script injection.
2025-12-13 20:02:22.744 +01:00 [INF] Request finished HTTP/2 GET https://localhost:7079/ - 200 null text/html; charset=utf-8 54.1907ms
2025-12-13 20:02:22.788 +01:00 [INF] Request starting HTTP/2 GET https://localhost:7079/_framework/aspnetcore-browser-refresh.js - null null
2025-12-13 20:02:22.788 +01:00 [INF] Request starting HTTP/2 GET https://localhost:7079/_vs/browserLink - null null
2025-12-13 20:02:22.791 +01:00 [DBG] Script injected: /_framework/aspnetcore-browser-refresh.js
2025-12-13 20:02:22.796 +01:00 [INF] Request finished HTTP/2 GET https://localhost:7079/_framework/aspnetcore-browser-refresh.js - 200 16511 application/javascript; charset=utf-8 8.0025ms
2025-12-13 20:02:22.798 +01:00 [INF] Request finished HTTP/2 GET https://localhost:7079/_vs/browserLink - 200 null text/javascript; charset=UTF-8 10.6954ms
2025-12-13 20:02:25.467 +01:00 [INF] Request starting HTTP/2 GET https://localhost:7079/Adoptions - null null
2025-12-13 20:02:25.473 +01:00 [DBG] The request path /Adoptions does not match a supported file type
2025-12-13 20:02:25.474 +01:00 [DBG] 1 candidate(s) found for the request path '/Adoptions'
2025-12-13 20:02:25.476 +01:00 [DBG] Endpoint 'ValcharUtulek.Controllers.AdoptionsController.Index (ValcharUtulek)' with route pattern '{controller=Home}/{action=Index}/{id?}' is valid for the request path '/Adoptions'
2025-12-13 20:02:25.478 +01:00 [DBG] Request matched endpoint 'ValcharUtulek.Controllers.AdoptionsController.Index (ValcharUtulek)'
2025-12-13 20:02:25.480 +01:00 [DBG] AuthenticationScheme: Cookies was successfully authenticated.
2025-12-13 20:02:25.482 +01:00 [INF] Executing endpoint 'ValcharUtulek.Controllers.AdoptionsController.Index (ValcharUtulek)'
2025-12-13 20:02:25.483 +01:00 [INF] Route matched with {action = "Index", controller = "Adoptions"}. Executing controller action with signature System.Threading.Tasks.Task`1[Microsoft.AspNetCore.Mvc.IActionResult] Index() on controller ValcharUtulek.Controllers.AdoptionsController (ValcharUtulek).
2025-12-13 20:02:25.486 +01:00 [DBG] Execution plan of authorization filters (in the following order): ["None"]
2025-12-13 20:02:25.488 +01:00 [DBG] Execution plan of resource filters (in the following order): ["Microsoft.AspNetCore.Mvc.ViewFeatures.Filters.SaveTempDataFilter"]
2025-12-13 20:02:25.490 +01:00 [DBG] Execution plan of action filters (in the following order): ["Microsoft.AspNetCore.Mvc.Filters.ControllerActionFilter (Order: -2147483648)","Microsoft.AspNetCore.Mvc.ModelBinding.UnsupportedContentTypeFilter (Order: -3000)"]
2025-12-13 20:02:25.492 +01:00 [DBG] Execution plan of exception filters (in the following order): ["None"]
2025-12-13 20:02:25.494 +01:00 [DBG] Execution plan of result filters (in the following order): ["Microsoft.AspNetCore.Mvc.ViewFeatures.Filters.SaveTempDataFilter"]
2025-12-13 20:02:25.496 +01:00 [DBG] Executing controller factory for controller ValcharUtulek.Controllers.AdoptionsController (ValcharUtulek)
2025-12-13 20:02:25.506 +01:00 [DBG] Executed controller factory for controller ValcharUtulek.Controllers.AdoptionsController (ValcharUtulek)
2025-12-13 20:02:25.509 +01:00 [DBG] Entity Framework Core 9.0.10 initialized 'ShelterDbContext' using provider 'Pomelo.EntityFrameworkCore.MySql:9.0.0' with options: ParameterizedCollectionTranslationMode=Constantize ServerVersion=8.0.44-mysql 
2025-12-13 20:02:25.512 +01:00 [DBG] Creating DbConnection.
2025-12-13 20:02:25.513 +01:00 [DBG] Created DbConnection. (0ms).
2025-12-13 20:02:25.514 +01:00 [DBG] Opening connection to database 'shelter' on server '127.0.0.1'.
2025-12-13 20:02:25.517 +01:00 [DBG] Opened connection to database 'shelter' on server '127.0.0.1'.
2025-12-13 20:02:25.518 +01:00 [DBG] Creating DbCommand for 'ExecuteReader'.
2025-12-13 20:02:25.519 +01:00 [DBG] Created DbCommand for 'ExecuteReader' (1ms).
2025-12-13 20:02:25.522 +01:00 [DBG] Initialized DbCommand for 'ExecuteReader' (3ms).
2025-12-13 20:02:25.524 +01:00 [DBG] Executing DbCommand [Parameters=[], CommandType='"Text"', CommandTimeout='30']
SELECT `a`.`AnimalId`, `a`.`Age`, `a`.`Description`, `a`.`IsAvailable`, `a`.`Name`, `a`.`Photo`, `a`.`Species`
FROM `Animals` AS `a`
WHERE `a`.`IsAvailable`
2025-12-13 20:02:25.527 +01:00 [INF] Executed DbCommand (3ms) [Parameters=[], CommandType='"Text"', CommandTimeout='30']
SELECT `a`.`AnimalId`, `a`.`Age`, `a`.`Description`, `a`.`IsAvailable`, `a`.`Name`, `a`.`Photo`, `a`.`Species`
FROM `Animals` AS `a`
WHERE `a`.`IsAvailable`
2025-12-13 20:02:25.530 +01:00 [DBG] Closing data reader to 'shelter' on server '127.0.0.1'.
2025-12-13 20:02:25.532 +01:00 [DBG] A data reader for 'shelter' on server '127.0.0.1' is being disposed after spending 1ms reading results.
2025-12-13 20:02:25.534 +01:00 [DBG] Closing connection to database 'shelter' on server '127.0.0.1'.
2025-12-13 20:02:25.536 +01:00 [DBG] Closed connection to database 'shelter' on server '127.0.0.1' (2ms).
2025-12-13 20:02:25.538 +01:00 [DBG] View lookup cache hit for view 'Index' in controller 'Adoptions'.
2025-12-13 20:02:25.540 +01:00 [INF] Executing ViewResult, running view Index.
2025-12-13 20:02:25.541 +01:00 [DBG] The view path '/Views/Adoptions/Index.cshtml' was found in 2.356ms.
2025-12-13 20:02:25.543 +01:00 [DBG] View lookup cache hit for view '_Layout' in controller 'Adoptions'.
2025-12-13 20:02:25.545 +01:00 [DBG] Found the endpoints ["Route: {controller=Home}/{action=Index}/{id?}"] for address (action=[Logout],controller=[Account])
2025-12-13 20:02:25.547 +01:00 [DBG] Successfully processed template {controller=Home}/{action=Index}/{id?} for Route: {controller=Home}/{action=Index}/{id?} resulting in /Account/Logout and 
2025-12-13 20:02:25.549 +01:00 [DBG] Link generation succeeded for endpoints ["Route: {controller=Home}/{action=Index}/{id?}"] with result /Account/Logout
2025-12-13 20:02:25.552 +01:00 [DBG] An antiforgery cookie token was reused.
2025-12-13 20:02:25.553 +01:00 [DBG] Response markup is scheduled to include Browser Link script injection.
2025-12-13 20:02:25.554 +01:00 [DBG] Response markup is scheduled to include browser refresh script injection.
2025-12-13 20:02:25.556 +01:00 [INF] Executed ViewResult - view Index executed in 17.2456ms.
2025-12-13 20:02:25.558 +01:00 [INF] Executed action ValcharUtulek.Controllers.AdoptionsController.Index (ValcharUtulek) in 61.1012ms
2025-12-13 20:02:25.559 +01:00 [INF] Executed endpoint 'ValcharUtulek.Controllers.AdoptionsController.Index (ValcharUtulek)'
2025-12-13 20:02:25.561 +01:00 [DBG] Response markup was updated to include Browser Link script injection.
2025-12-13 20:02:25.563 +01:00 [DBG] Response markup was updated to include browser refresh script injection.
2025-12-13 20:02:25.565 +01:00 [DBG] 'ShelterDbContext' disposed.
2025-12-13 20:02:25.567 +01:00 [DBG] Disposing connection to database 'shelter' on server '127.0.0.1'.
2025-12-13 20:02:25.569 +01:00 [DBG] Disposed connection to database 'shelter' on server '127.0.0.1' (1ms).
2025-12-13 20:02:25.571 +01:00 [INF] Request finished HTTP/2 GET https://localhost:7079/Adoptions - 200 null text/html; charset=utf-8 104.0848ms
2025-12-13 20:02:25.609 +01:00 [INF] Request starting HTTP/2 GET https://localhost:7079/_vs/browserLink - null null
2025-12-13 20:02:25.609 +01:00 [INF] Request starting HTTP/2 GET https://localhost:7079/_framework/aspnetcore-browser-refresh.js - null null
2025-12-13 20:02:25.618 +01:00 [DBG] Script injected: /_framework/aspnetcore-browser-refresh.js
2025-12-13 20:02:25.618 +01:00 [INF] Request finished HTTP/2 GET https://localhost:7079/_vs/browserLink - 200 null text/javascript; charset=UTF-8 9.4369ms
2025-12-13 20:02:25.619 +01:00 [INF] Request finished HTTP/2 GET https://localhost:7079/_framework/aspnetcore-browser-refresh.js - 200 16511 application/javascript; charset=utf-8 10.362ms
2025-12-13 20:02:53.486 +01:00 [INF] Request starting HTTP/2 GET https://localhost:7079/Adoptions - null null
2025-12-13 20:02:53.499 +01:00 [DBG] The request path /Adoptions does not match a supported file type
2025-12-13 20:02:53.501 +01:00 [DBG] 1 candidate(s) found for the request path '/Adoptions'
2025-12-13 20:02:53.503 +01:00 [DBG] Endpoint 'ValcharUtulek.Controllers.AdoptionsController.Index (ValcharUtulek)' with route pattern '{controller=Home}/{action=Index}/{id?}' is valid for the request path '/Adoptions'
2025-12-13 20:02:53.505 +01:00 [DBG] Request matched endpoint 'ValcharUtulek.Controllers.AdoptionsController.Index (ValcharUtulek)'
2025-12-13 20:02:53.507 +01:00 [DBG] AuthenticationScheme: Cookies was successfully authenticated.
2025-12-13 20:02:53.509 +01:00 [INF] Executing endpoint 'ValcharUtulek.Controllers.AdoptionsController.Index (ValcharUtulek)'
2025-12-13 20:02:53.511 +01:00 [INF] Route matched with {action = "Index", controller = "Adoptions"}. Executing controller action with signature System.Threading.Tasks.Task`1[Microsoft.AspNetCore.Mvc.IActionResult] Index() on controller ValcharUtulek.Controllers.AdoptionsController (ValcharUtulek).
2025-12-13 20:02:53.514 +01:00 [DBG] Execution plan of authorization filters (in the following order): ["None"]
2025-12-13 20:02:53.516 +01:00 [DBG] Execution plan of resource filters (in the following order): ["Microsoft.AspNetCore.Mvc.ViewFeatures.Filters.SaveTempDataFilter"]
2025-12-13 20:02:53.517 +01:00 [DBG] Execution plan of action filters (in the following order): ["Microsoft.AspNetCore.Mvc.Filters.ControllerActionFilter (Order: -2147483648)","Microsoft.AspNetCore.Mvc.ModelBinding.UnsupportedContentTypeFilter (Order: -3000)"]
2025-12-13 20:02:53.520 +01:00 [DBG] Execution plan of exception filters (in the following order): ["None"]
2025-12-13 20:02:53.522 +01:00 [DBG] Execution plan of result filters (in the following order): ["Microsoft.AspNetCore.Mvc.ViewFeatures.Filters.SaveTempDataFilter"]
2025-12-13 20:02:53.524 +01:00 [DBG] Executing controller factory for controller ValcharUtulek.Controllers.AdoptionsController (ValcharUtulek)
2025-12-13 20:02:53.534 +01:00 [DBG] Executed controller factory for controller ValcharUtulek.Controllers.AdoptionsController (ValcharUtulek)
2025-12-13 20:02:53.537 +01:00 [DBG] Entity Framework Core 9.0.10 initialized 'ShelterDbContext' using provider 'Pomelo.EntityFrameworkCore.MySql:9.0.0' with options: ParameterizedCollectionTranslationMode=Constantize ServerVersion=8.0.44-mysql 
2025-12-13 20:02:53.540 +01:00 [DBG] Creating DbConnection.
2025-12-13 20:02:53.541 +01:00 [DBG] Created DbConnection. (1ms).
2025-12-13 20:02:53.543 +01:00 [DBG] Opening connection to database 'shelter' on server '127.0.0.1'.
2025-12-13 20:02:53.545 +01:00 [DBG] Opened connection to database 'shelter' on server '127.0.0.1'.
2025-12-13 20:02:53.547 +01:00 [DBG] Creating DbCommand for 'ExecuteReader'.
2025-12-13 20:02:53.548 +01:00 [DBG] Created DbCommand for 'ExecuteReader' (1ms).
2025-12-13 20:02:53.550 +01:00 [DBG] Initialized DbCommand for 'ExecuteReader' (3ms).
2025-12-13 20:02:53.552 +01:00 [DBG] Executing DbCommand [Parameters=[], CommandType='"Text"', CommandTimeout='30']
SELECT `a`.`AnimalId`, `a`.`Age`, `a`.`Description`, `a`.`IsAvailable`, `a`.`Name`, `a`.`Photo`, `a`.`Species`
FROM `Animals` AS `a`
WHERE `a`.`IsAvailable`
2025-12-13 20:02:53.555 +01:00 [INF] Executed DbCommand (3ms) [Parameters=[], CommandType='"Text"', CommandTimeout='30']
SELECT `a`.`AnimalId`, `a`.`Age`, `a`.`Description`, `a`.`IsAvailable`, `a`.`Name`, `a`.`Photo`, `a`.`Species`
FROM `Animals` AS `a`
WHERE `a`.`IsAvailable`
2025-12-13 20:02:53.558 +01:00 [DBG] Closing data reader to 'shelter' on server '127.0.0.1'.
2025-12-13 20:02:53.559 +01:00 [DBG] A data reader for 'shelter' on server '127.0.0.1' is being disposed after spending 1ms reading results.
2025-12-13 20:02:53.562 +01:00 [DBG] Closing connection to database 'shelter' on server '127.0.0.1'.
2025-12-13 20:02:53.563 +01:00 [DBG] Closed connection to database 'shelter' on server '127.0.0.1' (1ms).
2025-12-13 20:02:53.565 +01:00 [DBG] View lookup cache hit for view 'Index' in controller 'Adoptions'.
2025-12-13 20:02:53.567 +01:00 [INF] Executing ViewResult, running view Index.
2025-12-13 20:02:53.568 +01:00 [DBG] The view path '/Views/Adoptions/Index.cshtml' was found in 2.9947ms.
2025-12-13 20:02:53.571 +01:00 [DBG] View lookup cache hit for view '_Layout' in controller 'Adoptions'.
2025-12-13 20:02:53.573 +01:00 [DBG] Found the endpoints ["Route: {controller=Home}/{action=Index}/{id?}"] for address (action=[Logout],controller=[Account])
2025-12-13 20:02:53.575 +01:00 [DBG] Successfully processed template {controller=Home}/{action=Index}/{id?} for Route: {controller=Home}/{action=Index}/{id?} resulting in /Account/Logout and 
2025-12-13 20:02:53.577 +01:00 [DBG] Link generation succeeded for endpoints ["Route: {controller=Home}/{action=Index}/{id?}"] with result /Account/Logout
2025-12-13 20:02:53.579 +01:00 [DBG] An antiforgery cookie token was reused.
2025-12-13 20:02:53.581 +01:00 [DBG] Response markup is scheduled to include Browser Link script injection.
2025-12-13 20:02:53.582 +01:00 [DBG] Response markup is scheduled to include browser refresh script injection.
2025-12-13 20:02:53.583 +01:00 [INF] Executed ViewResult - view Index executed in 17.4205ms.
2025-12-13 20:02:53.585 +01:00 [INF] Executed action ValcharUtulek.Controllers.AdoptionsController.Index (ValcharUtulek) in 61.1254ms
2025-12-13 20:02:53.588 +01:00 [INF] Executed endpoint 'ValcharUtulek.Controllers.AdoptionsController.Index (ValcharUtulek)'
2025-12-13 20:02:53.626 +01:00 [DBG] Response markup was updated to include Browser Link script injection.
2025-12-13 20:02:53.628 +01:00 [DBG] Response markup was updated to include browser refresh script injection.
2025-12-13 20:02:53.629 +01:00 [DBG] 'ShelterDbContext' disposed.
2025-12-13 20:02:53.631 +01:00 [DBG] Disposing connection to database 'shelter' on server '127.0.0.1'.
2025-12-13 20:02:53.634 +01:00 [DBG] Disposed connection to database 'shelter' on server '127.0.0.1' (3ms).
2025-12-13 20:02:53.640 +01:00 [INF] Request finished HTTP/2 GET https://localhost:7079/Adoptions - 200 null text/html; charset=utf-8 154.3998ms
2025-12-13 20:02:53.640 +01:00 [INF] Request starting HTTP/2 GET https://localhost:7079/_vs/browserLink - null null
2025-12-13 20:02:53.641 +01:00 [INF] Request starting HTTP/2 GET https://localhost:7079/_framework/aspnetcore-browser-refresh.js - null null
2025-12-13 20:02:53.655 +01:00 [DBG] Script injected: /_framework/aspnetcore-browser-refresh.js
2025-12-13 20:02:53.665 +01:00 [INF] Request finished HTTP/2 GET https://localhost:7079/_vs/browserLink - 200 null text/javascript; charset=UTF-8 21.086ms
2025-12-13 20:02:53.665 +01:00 [INF] Request finished HTTP/2 GET https://localhost:7079/_framework/aspnetcore-browser-refresh.js - 200 16511 application/javascript; charset=utf-8 24.3752ms
2025-12-13 20:14:08.252 +01:00 [INF] Starting web application
2025-12-13 20:14:09.690 +01:00 [DBG] An 'IServiceProvider' was created for internal use by Entity Framework.
2025-12-13 20:14:10.330 +01:00 [DBG] Entity Framework Core 9.0.10 initialized 'ShelterDbContext' using provider 'Pomelo.EntityFrameworkCore.MySql:9.0.0' with options: ParameterizedCollectionTranslationMode=Constantize ServerVersion=8.0.44-mysql 
2025-12-13 20:14:10.559 +01:00 [ERR] The model for context 'ShelterDbContext' has pending changes. Add a new migration before updating the database. See https://aka.ms/efcore-docs-pending-changes.
2025-12-13 20:14:10.564 +01:00 [DBG] Creating DbConnection.
2025-12-13 20:14:10.570 +01:00 [DBG] Created DbConnection. (3ms).
2025-12-13 20:14:10.577 +01:00 [DBG] Migrating using database 'shelter' on server '127.0.0.1'.
2025-12-13 20:14:10.615 +01:00 [DBG] Creating DbConnection.
2025-12-13 20:14:10.617 +01:00 [DBG] Created DbConnection. (3ms).
2025-12-13 20:14:10.624 +01:00 [DBG] Opening connection to database '' on server '127.0.0.1'.
2025-12-13 20:14:10.675 +01:00 [DBG] Opened connection to database '' on server '127.0.0.1'.
2025-12-13 20:14:10.731 +01:00 [DBG] Disposing connection to database '' on server '127.0.0.1'.
2025-12-13 20:14:10.740 +01:00 [DBG] Disposed connection to database '' on server '127.0.0.1' (3ms).
2025-12-13 20:14:10.743 +01:00 [DBG] Opening connection to database 'shelter' on server '127.0.0.1'.
2025-12-13 20:14:10.771 +01:00 [DBG] Opened connection to database 'shelter' on server '127.0.0.1'.
2025-12-13 20:14:10.780 +01:00 [DBG] Creating DbCommand for 'ExecuteNonQuery'.
2025-12-13 20:14:10.787 +01:00 [DBG] Created DbCommand for 'ExecuteNonQuery' (3ms).
2025-12-13 20:14:10.791 +01:00 [DBG] Initialized DbCommand for 'ExecuteNonQuery' (11ms).
2025-12-13 20:14:10.801 +01:00 [DBG] Executing DbCommand [Parameters=[], CommandType='"Text"', CommandTimeout='30']
SELECT GET_LOCK('__shelter_EFMigrationsLock', 259200)
2025-12-13 20:14:10.834 +01:00 [INF] Executed DbCommand (22ms) [Parameters=[], CommandType='"Text"', CommandTimeout='30']
SELECT GET_LOCK('__shelter_EFMigrationsLock', 259200)
2025-12-13 20:14:10.943 +01:00 [DBG] Beginning transaction with isolation level 'Unspecified'.
2025-12-13 20:14:10.957 +01:00 [DBG] Began transaction with isolation level 'Unspecified'.
2025-12-13 20:14:10.962 +01:00 [DBG] Creating DbCommand for 'ExecuteNonQuery'.
2025-12-13 20:14:10.963 +01:00 [DBG] Created DbCommand for 'ExecuteNonQuery' (1ms).
2025-12-13 20:14:10.969 +01:00 [DBG] Initialized DbCommand for 'ExecuteNonQuery' (7ms).
2025-12-13 20:14:10.971 +01:00 [DBG] Executing DbCommand [Parameters=[], CommandType='"Text"', CommandTimeout='30']
CREATE TABLE IF NOT EXISTS `__EFMigrationsHistory` (
    `MigrationId` varchar(150) CHARACTER SET utf8mb4 NOT NULL,
    `ProductVersion` varchar(32) CHARACTER SET utf8mb4 NOT NULL,
    CONSTRAINT `PK___EFMigrationsHistory` PRIMARY KEY (`MigrationId`)
) CHARACTER SET=utf8mb4;
2025-12-13 20:14:10.976 +01:00 [INF] Executed DbCommand (5ms) [Parameters=[], CommandType='"Text"', CommandTimeout='30']
CREATE TABLE IF NOT EXISTS `__EFMigrationsHistory` (
    `MigrationId` varchar(150) CHARACTER SET utf8mb4 NOT NULL,
    `ProductVersion` varchar(32) CHARACTER SET utf8mb4 NOT NULL,
    CONSTRAINT `PK___EFMigrationsHistory` PRIMARY KEY (`MigrationId`)
) CHARACTER SET=utf8mb4;
2025-12-13 20:14:10.982 +01:00 [DBG] Committing transaction.
2025-12-13 20:14:10.989 +01:00 [DBG] Committed transaction.
2025-12-13 20:14:10.995 +01:00 [DBG] Disposing transaction.
2025-12-13 20:14:11.006 +01:00 [DBG] Beginning transaction with isolation level 'Unspecified'.
2025-12-13 20:14:11.009 +01:00 [DBG] Began transaction with isolation level 'Unspecified'.
2025-12-13 20:14:11.015 +01:00 [DBG] Creating DbConnection.
2025-12-13 20:14:11.017 +01:00 [DBG] Created DbConnection. (1ms).
2025-12-13 20:14:11.018 +01:00 [DBG] Opening connection to database '' on server '127.0.0.1'.
2025-12-13 20:14:11.030 +01:00 [DBG] Opened connection to database '' on server '127.0.0.1'.
2025-12-13 20:14:11.033 +01:00 [DBG] Disposing connection to database '' on server '127.0.0.1'.
2025-12-13 20:14:11.034 +01:00 [DBG] Disposed connection to database '' on server '127.0.0.1' (1ms).
2025-12-13 20:14:11.040 +01:00 [DBG] Creating DbCommand for 'ExecuteScalar'.
2025-12-13 20:14:11.042 +01:00 [DBG] Created DbCommand for 'ExecuteScalar' (1ms).
2025-12-13 20:14:11.043 +01:00 [DBG] Initialized DbCommand for 'ExecuteScalar' (2ms).
2025-12-13 20:14:11.046 +01:00 [DBG] Executing DbCommand [Parameters=[], CommandType='"Text"', CommandTimeout='30']
SELECT 1 FROM INFORMATION_SCHEMA.TABLES WHERE TABLE_SCHEMA='shelter' AND TABLE_NAME='__EFMigrationsHistory';
2025-12-13 20:14:11.056 +01:00 [INF] Executed DbCommand (10ms) [Parameters=[], CommandType='"Text"', CommandTimeout='30']
SELECT 1 FROM INFORMATION_SCHEMA.TABLES WHERE TABLE_SCHEMA='shelter' AND TABLE_NAME='__EFMigrationsHistory';
2025-12-13 20:14:11.063 +01:00 [DBG] Creating DbCommand for 'ExecuteReader'.
2025-12-13 20:14:11.065 +01:00 [DBG] Created DbCommand for 'ExecuteReader' (1ms).
2025-12-13 20:14:11.066 +01:00 [DBG] Initialized DbCommand for 'ExecuteReader' (2ms).
2025-12-13 20:14:11.068 +01:00 [DBG] Executing DbCommand [Parameters=[], CommandType='"Text"', CommandTimeout='30']
SELECT `MigrationId`, `ProductVersion`
FROM `__EFMigrationsHistory`
ORDER BY `MigrationId`;
2025-12-13 20:14:11.076 +01:00 [INF] Executed DbCommand (7ms) [Parameters=[], CommandType='"Text"', CommandTimeout='30']
SELECT `MigrationId`, `ProductVersion`
FROM `__EFMigrationsHistory`
ORDER BY `MigrationId`;
2025-12-13 20:14:11.085 +01:00 [DBG] Closing data reader to 'shelter' on server '127.0.0.1'.
2025-12-13 20:14:11.088 +01:00 [DBG] A data reader for 'shelter' on server '127.0.0.1' is being disposed after spending 8ms reading results.
2025-12-13 20:14:11.098 +01:00 [INF] Applying migration '20251201175334_InitialMigration'.
2025-12-13 20:14:11.163 +01:00 [DBG] Creating DbCommand for 'ExecuteNonQuery'.
2025-12-13 20:14:11.164 +01:00 [DBG] Created DbCommand for 'ExecuteNonQuery' (1ms).
2025-12-13 20:14:11.166 +01:00 [DBG] Initialized DbCommand for 'ExecuteNonQuery' (3ms).
2025-12-13 20:14:11.168 +01:00 [DBG] Executing DbCommand [Parameters=[], CommandType='"Text"', CommandTimeout='30']
ALTER DATABASE CHARACTER SET utf8mb4;
2025-12-13 20:14:11.177 +01:00 [INF] Executed DbCommand (9ms) [Parameters=[], CommandType='"Text"', CommandTimeout='30']
ALTER DATABASE CHARACTER SET utf8mb4;
2025-12-13 20:14:11.180 +01:00 [DBG] Creating DbCommand for 'ExecuteNonQuery'.
2025-12-13 20:14:11.181 +01:00 [DBG] Created DbCommand for 'ExecuteNonQuery' (1ms).
2025-12-13 20:14:11.183 +01:00 [DBG] Initialized DbCommand for 'ExecuteNonQuery' (3ms).
2025-12-13 20:14:11.185 +01:00 [DBG] Executing DbCommand [Parameters=[], CommandType='"Text"', CommandTimeout='30']
CREATE TABLE `Adoptions` (
    `AdoptionId` int NOT NULL AUTO_INCREMENT,
    `UserId` int NOT NULL,
    `AnimalId` int NOT NULL,
    `AdoptionDate` date NOT NULL,
    `Amount` double NOT NULL,
    CONSTRAINT `PK_Adoptions` PRIMARY KEY (`AdoptionId`)
) CHARACTER SET=utf8mb4;
2025-12-13 20:14:11.198 +01:00 [ERR] Failed executing DbCommand (11ms) [Parameters=[], CommandType='"Text"', CommandTimeout='30']
CREATE TABLE `Adoptions` (
    `AdoptionId` int NOT NULL AUTO_INCREMENT,
    `UserId` int NOT NULL,
    `AnimalId` int NOT NULL,
    `AdoptionDate` date NOT NULL,
    `Amount` double NOT NULL,
    CONSTRAINT `PK_Adoptions` PRIMARY KEY (`AdoptionId`)
) CHARACTER SET=utf8mb4;
2025-12-13 20:14:11.210 +01:00 [DBG] Disposing transaction.
2025-12-13 20:14:11.214 +01:00 [DBG] Creating DbCommand for 'ExecuteScalar'.
2025-12-13 20:14:11.216 +01:00 [DBG] Created DbCommand for 'ExecuteScalar' (2ms).
2025-12-13 20:14:11.218 +01:00 [DBG] Initialized DbCommand for 'ExecuteScalar' (4ms).
2025-12-13 20:14:11.220 +01:00 [DBG] Executing DbCommand [Parameters=[], CommandType='"Text"', CommandTimeout='30']
SELECT RELEASE_LOCK('__shelter_EFMigrationsLock')
2025-12-13 20:14:11.224 +01:00 [INF] Executed DbCommand (3ms) [Parameters=[], CommandType='"Text"', CommandTimeout='30']
SELECT RELEASE_LOCK('__shelter_EFMigrationsLock')
2025-12-13 20:14:11.229 +01:00 [DBG] Closing connection to database 'shelter' on server '127.0.0.1'.
2025-12-13 20:14:11.234 +01:00 [DBG] Closed connection to database 'shelter' on server '127.0.0.1' (4ms).
2025-12-13 20:14:11.312 +01:00 [ERR] An error occurred while seeding the database.
MySqlConnector.MySqlException (0x80004005): Table 'adoptions' already exists
   at MySqlConnector.Core.ServerSession.ReceiveReplyAsync(IOBehavior ioBehavior, CancellationToken cancellationToken) in /_/src/MySqlConnector/Core/ServerSession.cs:line 1081
   at MySqlConnector.Core.ResultSet.ReadResultSetHeaderAsync(IOBehavior ioBehavior) in /_/src/MySqlConnector/Core/ResultSet.cs:line 37
   at MySqlConnector.MySqlDataReader.ActivateResultSet(CancellationToken cancellationToken) in /_/src/MySqlConnector/MySqlDataReader.cs:line 131
   at MySqlConnector.MySqlDataReader.InitAsync(CommandListPosition commandListPosition, ICommandPayloadCreator payloadCreator, IDictionary`2 cachedProcedures, IMySqlCommand command, CommandBehavior behavior, Activity activity, IOBehavior ioBehavior, CancellationToken cancellationToken) in /_/src/MySqlConnector/MySqlDataReader.cs:line 487
   at MySqlConnector.Core.CommandExecutor.ExecuteReaderAsync(CommandListPosition commandListPosition, ICommandPayloadCreator payloadCreator, CommandBehavior behavior, Activity activity, IOBehavior ioBehavior, CancellationToken cancellationToken) in /_/src/MySqlConnector/Core/CommandExecutor.cs:line 56
   at MySqlConnector.MySqlCommand.ExecuteNonQueryAsync(IOBehavior ioBehavior, CancellationToken cancellationToken) in /_/src/MySqlConnector/MySqlCommand.cs:line 309
   at Microsoft.EntityFrameworkCore.Storage.RelationalCommand.ExecuteNonQueryAsync(RelationalCommandParameterObject parameterObject, CancellationToken cancellationToken)
   at Microsoft.EntityFrameworkCore.Storage.RelationalCommand.ExecuteNonQueryAsync(RelationalCommandParameterObject parameterObject, CancellationToken cancellationToken)
   at Microsoft.EntityFrameworkCore.Storage.RelationalCommand.ExecuteNonQueryAsync(RelationalCommandParameterObject parameterObject, CancellationToken cancellationToken)
   at Microsoft.EntityFrameworkCore.Migrations.Internal.MigrationCommandExecutor.ExecuteAsync(IReadOnlyList`1 migrationCommands, IRelationalConnection connection, MigrationExecutionState executionState, Boolean beginTransaction, Boolean commitTransaction, Nullable`1 isolationLevel, CancellationToken cancellationToken)
   at Microsoft.EntityFrameworkCore.Migrations.Internal.MigrationCommandExecutor.ExecuteAsync(IReadOnlyList`1 migrationCommands, IRelationalConnection connection, MigrationExecutionState executionState, Boolean beginTransaction, Boolean commitTransaction, Nullable`1 isolationLevel, CancellationToken cancellationToken)
   at Pomelo.EntityFrameworkCore.MySql.Storage.Internal.MySqlExecutionStrategy.ExecuteAsync[TState,TResult](TState state, Func`4 operation, Func`4 verifySucceeded, CancellationToken cancellationToken)
   at Microsoft.EntityFrameworkCore.Migrations.Internal.MigrationCommandExecutor.ExecuteNonQueryAsync(IReadOnlyList`1 migrationCommands, IRelationalConnection connection, MigrationExecutionState executionState, Boolean commitTransaction, Nullable`1 isolationLevel, CancellationToken cancellationToken)
   at Microsoft.EntityFrameworkCore.Migrations.Internal.Migrator.MigrateImplementationAsync(DbContext context, String targetMigration, MigrationExecutionState state, Boolean useTransaction, CancellationToken cancellationToken)
   at Microsoft.EntityFrameworkCore.Migrations.Internal.Migrator.MigrateImplementationAsync(DbContext context, String targetMigration, MigrationExecutionState state, Boolean useTransaction, CancellationToken cancellationToken)
   at Microsoft.EntityFrameworkCore.Migrations.Internal.Migrator.<>c.<<MigrateAsync>b__22_1>d.MoveNext()
--- End of stack trace from previous location ---
   at Pomelo.EntityFrameworkCore.MySql.Storage.Internal.MySqlExecutionStrategy.ExecuteAsync[TState,TResult](TState state, Func`4 operation, Func`4 verifySucceeded, CancellationToken cancellationToken)
   at Microsoft.EntityFrameworkCore.Migrations.Internal.Migrator.MigrateAsync(String targetMigration, CancellationToken cancellationToken)
   at Microsoft.EntityFrameworkCore.Migrations.Internal.Migrator.MigrateAsync(String targetMigration, CancellationToken cancellationToken)
   at ValcharUtulek.Program.Main(String[] args) in C:\Users\David\source\repos\ValcharUtulek\ValcharUtulek\Program.cs:line 75
2025-12-13 20:14:11.392 +01:00 [DBG] 'ShelterDbContext' disposed.
2025-12-13 20:14:11.394 +01:00 [DBG] Disposing connection to database 'shelter' on server '127.0.0.1'.
2025-12-13 20:14:11.396 +01:00 [DBG] Disposed connection to database 'shelter' on server '127.0.0.1' (1ms).
2025-12-13 20:14:11.468 +01:00 [DBG] Initializing Razor view compiler with compiled view: '/Views/Account/Login.cshtml'.
2025-12-13 20:14:11.470 +01:00 [DBG] Initializing Razor view compiler with compiled view: '/Views/Account/Register.cshtml'.
2025-12-13 20:14:11.471 +01:00 [DBG] Initializing Razor view compiler with compiled view: '/Views/Adoptions/Create.cshtml'.
2025-12-13 20:14:11.472 +01:00 [DBG] Initializing Razor view compiler with compiled view: '/Views/Adoptions/Delete.cshtml'.
2025-12-13 20:14:11.474 +01:00 [DBG] Initializing Razor view compiler with compiled view: '/Views/Adoptions/Details.cshtml'.
2025-12-13 20:14:11.475 +01:00 [DBG] Initializing Razor view compiler with compiled view: '/Views/Adoptions/Edit.cshtml'.
2025-12-13 20:14:11.476 +01:00 [DBG] Initializing Razor view compiler with compiled view: '/Views/Adoptions/Index.cshtml'.
2025-12-13 20:14:11.478 +01:00 [DBG] Initializing Razor view compiler with compiled view: '/Views/Gifts/Create.cshtml'.
2025-12-13 20:14:11.479 +01:00 [DBG] Initializing Razor view compiler with compiled view: '/Views/Gifts/Delete.cshtml'.
2025-12-13 20:14:11.481 +01:00 [DBG] Initializing Razor view compiler with compiled view: '/Views/Gifts/Details.cshtml'.
2025-12-13 20:14:11.482 +01:00 [DBG] Initializing Razor view compiler with compiled view: '/Views/Gifts/Edit.cshtml'.
2025-12-13 20:14:11.484 +01:00 [DBG] Initializing Razor view compiler with compiled view: '/Views/Gifts/Index.cshtml'.
2025-12-13 20:14:11.485 +01:00 [DBG] Initializing Razor view compiler with compiled view: '/Views/Home/Index.cshtml'.
2025-12-13 20:14:11.487 +01:00 [DBG] Initializing Razor view compiler with compiled view: '/Views/Home/Privacy.cshtml'.
2025-12-13 20:14:11.488 +01:00 [DBG] Initializing Razor view compiler with compiled view: '/Views/News/Create.cshtml'.
2025-12-13 20:14:11.489 +01:00 [DBG] Initializing Razor view compiler with compiled view: '/Views/News/Delete.cshtml'.
2025-12-13 20:14:11.490 +01:00 [DBG] Initializing Razor view compiler with compiled view: '/Views/News/Details.cshtml'.
2025-12-13 20:14:11.492 +01:00 [DBG] Initializing Razor view compiler with compiled view: '/Views/News/Edit.cshtml'.
2025-12-13 20:14:11.493 +01:00 [DBG] Initializing Razor view compiler with compiled view: '/Views/News/Index.cshtml'.
2025-12-13 20:14:11.495 +01:00 [DBG] Initializing Razor view compiler with compiled view: '/Views/Shared/Error.cshtml'.
2025-12-13 20:14:11.497 +01:00 [DBG] Initializing Razor view compiler with compiled view: '/Views/Shared/_ValidationScriptsPartial.cshtml'.
2025-12-13 20:14:11.498 +01:00 [DBG] Initializing Razor view compiler with compiled view: '/Views/Users/Index.cshtml'.
2025-12-13 20:14:11.499 +01:00 [DBG] Initializing Razor view compiler with compiled view: '/Views/_ViewImports.cshtml'.
2025-12-13 20:14:11.501 +01:00 [DBG] Initializing Razor view compiler with compiled view: '/Views/_ViewStart.cshtml'.
2025-12-13 20:14:11.502 +01:00 [DBG] Initializing Razor view compiler with compiled view: '/Views/Shared/_Layout.cshtml'.
2025-12-13 20:14:11.518 +01:00 [DBG] Registered model binder providers, in the following order: ["Microsoft.AspNetCore.Mvc.ModelBinding.Binders.BinderTypeModelBinderProvider","Microsoft.AspNetCore.Mvc.ModelBinding.Binders.ServicesModelBinderProvider","Microsoft.AspNetCore.Mvc.ModelBinding.Binders.BodyModelBinderProvider","Microsoft.AspNetCore.Mvc.ModelBinding.Binders.HeaderModelBinderProvider","Microsoft.AspNetCore.Mvc.ModelBinding.Binders.FloatingPointTypeModelBinderProvider","Microsoft.AspNetCore.Mvc.ModelBinding.Binders.EnumTypeModelBinderProvider","Microsoft.AspNetCore.Mvc.ModelBinding.Binders.DateTimeModelBinderProvider","Microsoft.AspNetCore.Mvc.ModelBinding.Binders.SimpleTypeModelBinderProvider","Microsoft.AspNetCore.Mvc.ModelBinding.Binders.TryParseModelBinderProvider","Microsoft.AspNetCore.Mvc.ModelBinding.Binders.CancellationTokenModelBinderProvider","Microsoft.AspNetCore.Mvc.ModelBinding.Binders.ByteArrayModelBinderProvider","Microsoft.AspNetCore.Mvc.ModelBinding.Binders.FormFileModelBinderProvider","Microsoft.AspNetCore.Mvc.ModelBinding.Binders.FormCollectionModelBinderProvider","Microsoft.AspNetCore.Mvc.ModelBinding.Binders.KeyValuePairModelBinderProvider","Microsoft.AspNetCore.Mvc.ModelBinding.Binders.DictionaryModelBinderProvider","Microsoft.AspNetCore.Mvc.ModelBinding.Binders.ArrayModelBinderProvider","Microsoft.AspNetCore.Mvc.ModelBinding.Binders.CollectionModelBinderProvider","Microsoft.AspNetCore.Mvc.ModelBinding.Binders.ComplexObjectModelBinderProvider"]
2025-12-13 20:14:11.607 +01:00 [DBG] Hosting starting
2025-12-13 20:14:11.647 +01:00 [INF] User profile is available. Using 'C:\Users\David\AppData\Local\ASP.NET\DataProtection-Keys' as key repository and Windows DPAPI to encrypt keys at rest.
2025-12-13 20:14:11.673 +01:00 [DBG] Reading data from file 'C:\Users\David\AppData\Local\ASP.NET\DataProtection-Keys\key-f5c154a5-e5b4-4c9b-b7eb-6e5e819bbbdf.xml'.
2025-12-13 20:14:11.687 +01:00 [DBG] Found key {f5c154a5-e5b4-4c9b-b7eb-6e5e819bbbdf}.
2025-12-13 20:14:11.700 +01:00 [DBG] Considering key {f5c154a5-e5b4-4c9b-b7eb-6e5e819bbbdf} with expiration date 2025-12-22 06:21:24Z as default key.
2025-12-13 20:14:11.706 +01:00 [DBG] Forwarded activator type request from Microsoft.AspNetCore.DataProtection.XmlEncryption.DpapiXmlDecryptor, Microsoft.AspNetCore.DataProtection, Version=9.0.0.0, Culture=neutral, PublicKeyToken=adb9793829ddae60 to Microsoft.AspNetCore.DataProtection.XmlEncryption.DpapiXmlDecryptor, Microsoft.AspNetCore.DataProtection, Culture=neutral, PublicKeyToken=adb9793829ddae60
2025-12-13 20:14:11.708 +01:00 [DBG] Decrypting secret element using Windows DPAPI.
2025-12-13 20:14:11.712 +01:00 [DBG] Forwarded activator type request from Microsoft.AspNetCore.DataProtection.AuthenticatedEncryption.ConfigurationModel.AuthenticatedEncryptorDescriptorDeserializer, Microsoft.AspNetCore.DataProtection, Version=9.0.0.0, Culture=neutral, PublicKeyToken=adb9793829ddae60 to Microsoft.AspNetCore.DataProtection.AuthenticatedEncryption.ConfigurationModel.AuthenticatedEncryptorDescriptorDeserializer, Microsoft.AspNetCore.DataProtection, Culture=neutral, PublicKeyToken=adb9793829ddae60
2025-12-13 20:14:11.717 +01:00 [DBG] Opening CNG algorithm 'AES' from provider 'null' with chaining mode CBC.
2025-12-13 20:14:11.720 +01:00 [DBG] Opening CNG algorithm 'SHA256' from provider 'null' with HMAC.
2025-12-13 20:14:11.723 +01:00 [DBG] Using key {f5c154a5-e5b4-4c9b-b7eb-6e5e819bbbdf} as the default key.
2025-12-13 20:14:11.726 +01:00 [DBG] Key ring with default key {f5c154a5-e5b4-4c9b-b7eb-6e5e819bbbdf} was loaded during application startup.
2025-12-13 20:14:11.739 +01:00 [DBG] Middleware loaded
2025-12-13 20:14:11.745 +01:00 [DBG] Middleware loaded. Script /_framework/aspnetcore-browser-refresh.js (16511 B).
2025-12-13 20:14:11.748 +01:00 [DBG] Middleware loaded. Script /_framework/blazor-hotreload.js (799 B).
2025-12-13 20:14:11.806 +01:00 [DBG] Middleware configuration started with options: {AllowedHosts = *, AllowEmptyHosts = True, IncludeFailureMessage = True}
2025-12-13 20:14:11.809 +01:00 [DBG] Wildcard detected, all requests with hosts will be allowed.
2025-12-13 20:14:11.825 +01:00 [DBG] Middleware loaded: DOTNET_MODIFIABLE_ASSEMBLIES=debug, __ASPNETCORE_BROWSER_TOOLS=true
2025-12-13 20:14:11.915 +01:00 [INF] Now listening on: https://localhost:7079
2025-12-13 20:14:11.916 +01:00 [INF] Now listening on: http://localhost:5048
2025-12-13 20:14:11.918 +01:00 [DBG] Loaded hosting startup assembly ValcharUtulek
2025-12-13 20:14:11.919 +01:00 [DBG] Loaded hosting startup assembly Microsoft.WebTools.ApiEndpointDiscovery
2025-12-13 20:14:11.920 +01:00 [DBG] Loaded hosting startup assembly Microsoft.AspNetCore.Watch.BrowserRefresh
2025-12-13 20:14:11.921 +01:00 [DBG] Loaded hosting startup assembly Microsoft.WebTools.BrowserLink.Net
2025-12-13 20:14:11.933 +01:00 [DBG] Executing API description provider 'EndpointMetadataApiDescriptionProvider' from assembly Microsoft.AspNetCore.Mvc.ApiExplorer v9.0.0.0.
2025-12-13 20:14:11.937 +01:00 [DBG] Executing API description provider 'DefaultApiDescriptionProvider' from assembly Microsoft.AspNetCore.Mvc.ApiExplorer v9.0.0.0.
2025-12-13 20:14:11.940 +01:00 [DBG] Connection id "0HNHQFF67S7VA" received FIN.
2025-12-13 20:14:11.954 +01:00 [DBG] Connection id "0HNHQFF67S7VA" accepted.
2025-12-13 20:14:11.957 +01:00 [DBG] Connection id "0HNHQFF67S7VA" started.
2025-12-13 20:14:11.972 +01:00 [DBG] Failed to authenticate HTTPS connection.
System.IO.IOException: Received an unexpected EOF or 0 bytes from the transport stream.
   at System.Net.Security.SslStream.ReceiveHandshakeFrameAsync[TIOAdapter](CancellationToken cancellationToken)
   at System.Net.Security.SslStream.ForceAuthenticationAsync[TIOAdapter](Boolean receiveFirst, Byte[] reAuthenticationData, CancellationToken cancellationToken)
   at System.Net.Security.SslStream.ProcessAuthenticationWithTelemetryAsync(Boolean isAsync, CancellationToken cancellationToken)
   at Microsoft.AspNetCore.Server.Kestrel.Https.Internal.HttpsConnectionMiddleware.OnConnectionAsync(ConnectionContext context)
2025-12-13 20:14:11.983 +01:00 [DBG] Connection id "0HNHQFF67S7VA" stopped.
2025-12-13 20:14:11.988 +01:00 [DBG] Connection id "0HNHQFF67S7VA" sending FIN because: "The Socket transport's send loop completed gracefully."
2025-12-13 20:14:12.025 +01:00 [INF] Application started. Press Ctrl+C to shut down.
2025-12-13 20:14:12.027 +01:00 [INF] Hosting environment: Development
2025-12-13 20:14:12.028 +01:00 [INF] Content root path: C:\Users\David\source\repos\ValcharUtulek\ValcharUtulek
2025-12-13 20:14:12.029 +01:00 [DBG] Hosting started
2025-12-13 20:14:12.216 +01:00 [DBG] Connection id "0HNHQFF67S7VB" accepted.
2025-12-13 20:14:12.218 +01:00 [DBG] Connection id "0HNHQFF67S7VB" started.
2025-12-13 20:14:12.237 +01:00 [DBG] Connection 0HNHQFF67S7VB established using the following protocol: "Tls13"
2025-12-13 20:14:12.332 +01:00 [INF] Request starting HTTP/2 GET https://localhost:7079/ - null null
2025-12-13 20:14:12.465 +01:00 [DBG] The request path / does not match a supported file type
2025-12-13 20:14:12.496 +01:00 [DBG] 1 candidate(s) found for the request path '/'
2025-12-13 20:14:12.499 +01:00 [DBG] Endpoint 'ValcharUtulek.Controllers.HomeController.Index (ValcharUtulek)' with route pattern '{controller=Home}/{action=Index}/{id?}' is valid for the request path '/'
2025-12-13 20:14:12.502 +01:00 [DBG] Request matched endpoint 'ValcharUtulek.Controllers.HomeController.Index (ValcharUtulek)'
2025-12-13 20:14:12.540 +01:00 [DBG] AuthenticationScheme: Cookies was successfully authenticated.
2025-12-13 20:14:12.545 +01:00 [INF] Executing endpoint 'ValcharUtulek.Controllers.HomeController.Index (ValcharUtulek)'
2025-12-13 20:14:12.564 +01:00 [INF] Route matched with {action = "Index", controller = "Home"}. Executing controller action with signature Microsoft.AspNetCore.Mvc.IActionResult Index() on controller ValcharUtulek.Controllers.HomeController (ValcharUtulek).
2025-12-13 20:14:12.568 +01:00 [DBG] Execution plan of authorization filters (in the following order): ["None"]
2025-12-13 20:14:12.571 +01:00 [DBG] Execution plan of resource filters (in the following order): ["Microsoft.AspNetCore.Mvc.ViewFeatures.Filters.SaveTempDataFilter"]
2025-12-13 20:14:12.574 +01:00 [DBG] Execution plan of action filters (in the following order): ["Microsoft.AspNetCore.Mvc.Filters.ControllerActionFilter (Order: -2147483648)","Microsoft.AspNetCore.Mvc.ModelBinding.UnsupportedContentTypeFilter (Order: -3000)"]
2025-12-13 20:14:12.576 +01:00 [DBG] Execution plan of exception filters (in the following order): ["None"]
2025-12-13 20:14:12.578 +01:00 [DBG] Execution plan of result filters (in the following order): ["Microsoft.AspNetCore.Mvc.ViewFeatures.Filters.SaveTempDataFilter"]
2025-12-13 20:14:12.583 +01:00 [DBG] Executing controller factory for controller ValcharUtulek.Controllers.HomeController (ValcharUtulek)
2025-12-13 20:14:12.587 +01:00 [DBG] Executed controller factory for controller ValcharUtulek.Controllers.HomeController (ValcharUtulek)
2025-12-13 20:14:12.595 +01:00 [DBG] View lookup cache miss for view 'Index' in controller 'Home'.
2025-12-13 20:14:12.602 +01:00 [INF] Executing ViewResult, running view Index.
2025-12-13 20:14:12.607 +01:00 [DBG] The view path '/Views/Home/Index.cshtml' was found in 9.558ms.
2025-12-13 20:14:12.640 +01:00 [DBG] View lookup cache miss for view '_Layout' in controller 'Home'.
2025-12-13 20:14:12.706 +01:00 [DBG] Found the endpoints ["Route: {controller=Home}/{action=Index}/{id?}"] for address (action=[Logout],controller=[Account])
2025-12-13 20:14:12.712 +01:00 [DBG] Successfully processed template {controller=Home}/{action=Index}/{id?} for Route: {controller=Home}/{action=Index}/{id?} resulting in /Account/Logout and 
2025-12-13 20:14:12.715 +01:00 [DBG] Link generation succeeded for endpoints ["Route: {controller=Home}/{action=Index}/{id?}"] with result /Account/Logout
2025-12-13 20:14:12.732 +01:00 [DBG] An antiforgery cookie token was reused.
2025-12-13 20:14:12.745 +01:00 [DBG] Response markup is scheduled to include Browser Link script injection.
2025-12-13 20:14:12.754 +01:00 [DBG] Response markup is scheduled to include browser refresh script injection.
2025-12-13 20:14:12.761 +01:00 [INF] Executed ViewResult - view Index executed in 166.3268ms.
2025-12-13 20:14:12.764 +01:00 [INF] Executed action ValcharUtulek.Controllers.HomeController.Index (ValcharUtulek) in 182.981ms
2025-12-13 20:14:12.766 +01:00 [INF] Executed endpoint 'ValcharUtulek.Controllers.HomeController.Index (ValcharUtulek)'
2025-12-13 20:14:12.768 +01:00 [DBG] Response markup was updated to include Browser Link script injection.
2025-12-13 20:14:12.770 +01:00 [DBG] Response markup was updated to include browser refresh script injection.
2025-12-13 20:14:12.779 +01:00 [INF] Request finished HTTP/2 GET https://localhost:7079/ - 200 null text/html; charset=utf-8 460.4773ms
2025-12-13 20:14:12.823 +01:00 [INF] Request starting HTTP/2 GET https://localhost:7079/_framework/aspnetcore-browser-refresh.js - null null
2025-12-13 20:14:12.823 +01:00 [INF] Request starting HTTP/2 GET https://localhost:7079/_vs/browserLink - null null
2025-12-13 20:14:12.883 +01:00 [DBG] Script injected: /_framework/aspnetcore-browser-refresh.js
2025-12-13 20:14:12.886 +01:00 [INF] Request finished HTTP/2 GET https://localhost:7079/_framework/aspnetcore-browser-refresh.js - 200 16511 application/javascript; charset=utf-8 63.2272ms
2025-12-13 20:14:12.912 +01:00 [INF] Request finished HTTP/2 GET https://localhost:7079/_vs/browserLink - 200 null text/javascript; charset=UTF-8 89.5866ms
2025-12-13 20:14:14.939 +01:00 [INF] Request starting HTTP/2 GET https://localhost:7079/Gifts - null null
2025-12-13 20:14:14.951 +01:00 [DBG] The request path /Gifts does not match a supported file type
2025-12-13 20:14:14.955 +01:00 [DBG] 1 candidate(s) found for the request path '/Gifts'
2025-12-13 20:14:14.957 +01:00 [DBG] Endpoint 'ValcharUtulek.Controllers.GiftsController.Index (ValcharUtulek)' with route pattern '{controller=Home}/{action=Index}/{id?}' is valid for the request path '/Gifts'
2025-12-13 20:14:14.960 +01:00 [DBG] Request matched endpoint 'ValcharUtulek.Controllers.GiftsController.Index (ValcharUtulek)'
2025-12-13 20:14:14.962 +01:00 [DBG] AuthenticationScheme: Cookies was successfully authenticated.
2025-12-13 20:14:14.965 +01:00 [INF] Executing endpoint 'ValcharUtulek.Controllers.GiftsController.Index (ValcharUtulek)'
2025-12-13 20:14:14.977 +01:00 [INF] Route matched with {action = "Index", controller = "Gifts"}. Executing controller action with signature System.Threading.Tasks.Task`1[Microsoft.AspNetCore.Mvc.IActionResult] Index() on controller ValcharUtulek.Controllers.GiftsController (ValcharUtulek).
2025-12-13 20:14:14.980 +01:00 [DBG] Execution plan of authorization filters (in the following order): ["None"]
2025-12-13 20:14:14.982 +01:00 [DBG] Execution plan of resource filters (in the following order): ["Microsoft.AspNetCore.Mvc.ViewFeatures.Filters.SaveTempDataFilter"]
2025-12-13 20:14:14.985 +01:00 [DBG] Execution plan of action filters (in the following order): ["Microsoft.AspNetCore.Mvc.Filters.ControllerActionFilter (Order: -2147483648)","Microsoft.AspNetCore.Mvc.ModelBinding.UnsupportedContentTypeFilter (Order: -3000)"]
2025-12-13 20:14:14.988 +01:00 [DBG] Execution plan of exception filters (in the following order): ["None"]
2025-12-13 20:14:14.990 +01:00 [DBG] Execution plan of result filters (in the following order): ["Microsoft.AspNetCore.Mvc.ViewFeatures.Filters.SaveTempDataFilter"]
2025-12-13 20:14:14.992 +01:00 [DBG] Executing controller factory for controller ValcharUtulek.Controllers.GiftsController (ValcharUtulek)
2025-12-13 20:14:15.005 +01:00 [DBG] Executed controller factory for controller ValcharUtulek.Controllers.GiftsController (ValcharUtulek)
2025-12-13 20:14:15.022 +01:00 [DBG] Entity Framework Core 9.0.10 initialized 'ShelterDbContext' using provider 'Pomelo.EntityFrameworkCore.MySql:9.0.0' with options: ParameterizedCollectionTranslationMode=Constantize ServerVersion=8.0.44-mysql 
2025-12-13 20:14:15.065 +01:00 [DBG] Compiling query expression: 
'DbSet<Gift>()'
2025-12-13 20:14:15.328 +01:00 [DBG] Generated query execution expression: 
'queryContext => SingleQueryingEnumerable.Create<Gift>(
    relationalQueryContext: (RelationalQueryContext)queryContext, 
    relationalCommandResolver: parameters => [LIFTABLE Constant: RelationalCommandCache.QueryExpression(
        Projection Mapping:
            EmptyProjectionMember -> Dictionary<IProperty, int> { [Property: Gift.GiftId (int) Required PK AfterSave:Throw ValueGenerated.OnAdd, 0], [Property: Gift.Amount (double) Required, 1], [Property: Gift.GiftDate (DateOnly) Required, 2], [Property: Gift.UserId (int) Required, 3] }
        SELECT g.GiftId, g.Amount, g.GiftDate, g.UserId
        FROM Gifts AS g) | Resolver: c => new RelationalCommandCache(
        c.Dependencies.MemoryCache, 
        c.RelationalDependencies.QuerySqlGeneratorFactory, 
        c.RelationalDependencies.RelationalParameterBasedSqlProcessorFactory, 
        Projection Mapping:
            EmptyProjectionMember -> Dictionary<IProperty, int> { [Property: Gift.GiftId (int) Required PK AfterSave:Throw ValueGenerated.OnAdd, 0], [Property: Gift.Amount (double) Required, 1], [Property: Gift.GiftDate (DateOnly) Required, 2], [Property: Gift.UserId (int) Required, 3] }
        SELECT g.GiftId, g.Amount, g.GiftDate, g.UserId
        FROM Gifts AS g, 
        False, 
        new HashSet<string>(
            new string[]{ }, 
            StringComparer.Ordinal
        )
    )].GetRelationalCommandTemplate(parameters), 
    readerColumns: null, 
    shaper: (queryContext, dataReader, resultContext, resultCoordinator) => 
    {
        Gift entity;
        entity = 
        {
            MaterializationContext materializationContext1;
            IEntityType entityType1;
            Gift instance1;
            InternalEntityEntry entry1;
            bool hasNullKey1;
            materializationContext1 = new MaterializationContext(
                [LIFTABLE Constant: ValueBuffer | Resolver: _ => (object)ValueBuffer.Empty], 
                queryContext.Context
            );
            instance1 = default(Gift);
            entry1 = queryContext.TryGetEntry(
                key: Key: Gift.GiftId PK, 
                keyValues: new object[]{ (object)dataReader.GetInt32(0) }, 
                throwOnNullKey: True, 
                hasNullKey: hasNullKey1);
            !(hasNullKey1) ? entry1 != default(InternalEntityEntry) ? 
            {
                entityType1 = entry1.EntityType;
                return instance1 = (Gift)entry1.Entity;
            } : 
            {
                ISnapshot shadowSnapshot1;
                shadowSnapshot1 = Snapshot;
                entityType1 = EntityType: Gift;
                instance1 = switch (entityType1)
                {
                    case EntityType: Gift: 
                        {
                            return 
                            {
                                Gift instance;
                                instance = new Gift();
                                instance.<GiftId>k__BackingField = dataReader.GetInt32(0);
                                instance.<Amount>k__BackingField = dataReader.GetDouble(1);
                                instance.<GiftDate>k__BackingField = dataReader.GetFieldValue<DateOnly>(2);
                                instance.<UserId>k__BackingField = dataReader.GetInt32(3);
                                (instance is IInjectableService) ? ((IInjectableService)instance).Injected(
                                    context: materializationContext1.Context, 
                                    entity: instance, 
                                    queryTrackingBehavior: TrackAll, 
                                    structuralType: EntityType: Gift) : default(void);
                                return instance;
                            }}
                    default: 
                        default(Gift)
                }
                ;
                entry1 = entityType1 == default(IEntityType) ? default(InternalEntityEntry) : queryContext.StartTracking(
                    entityType: entityType1, 
                    entity: instance1, 
                    snapshot: shadowSnapshot1);
                return instance1;
            } : default(void);
            return instance1;
        };
        return entity;
    }, 
    contextType: ValcharUtulek.Database.ShelterDbContext, 
    standAloneStateManager: False, 
    detailedErrorsEnabled: False, 
    threadSafetyChecksEnabled: True)'
2025-12-13 20:14:15.363 +01:00 [DBG] Creating DbConnection.
2025-12-13 20:14:15.364 +01:00 [DBG] Created DbConnection. (1ms).
2025-12-13 20:14:15.366 +01:00 [DBG] Opening connection to database 'shelter' on server '127.0.0.1'.
2025-12-13 20:14:15.373 +01:00 [DBG] Opened connection to database 'shelter' on server '127.0.0.1'.
2025-12-13 20:14:15.375 +01:00 [DBG] Creating DbCommand for 'ExecuteReader'.
2025-12-13 20:14:15.377 +01:00 [DBG] Created DbCommand for 'ExecuteReader' (1ms).
2025-12-13 20:14:15.379 +01:00 [DBG] Initialized DbCommand for 'ExecuteReader' (3ms).
2025-12-13 20:14:15.381 +01:00 [DBG] Executing DbCommand [Parameters=[], CommandType='"Text"', CommandTimeout='30']
SELECT `g`.`GiftId`, `g`.`Amount`, `g`.`GiftDate`, `g`.`UserId`
FROM `Gifts` AS `g`
2025-12-13 20:14:15.384 +01:00 [INF] Executed DbCommand (3ms) [Parameters=[], CommandType='"Text"', CommandTimeout='30']
SELECT `g`.`GiftId`, `g`.`Amount`, `g`.`GiftDate`, `g`.`UserId`
FROM `Gifts` AS `g`
2025-12-13 20:14:15.390 +01:00 [DBG] Closing data reader to 'shelter' on server '127.0.0.1'.
2025-12-13 20:14:15.392 +01:00 [DBG] A data reader for 'shelter' on server '127.0.0.1' is being disposed after spending 5ms reading results.
2025-12-13 20:14:15.394 +01:00 [DBG] Closing connection to database 'shelter' on server '127.0.0.1'.
2025-12-13 20:14:15.396 +01:00 [DBG] Closed connection to database 'shelter' on server '127.0.0.1' (1ms).
2025-12-13 20:14:15.402 +01:00 [DBG] View lookup cache miss for view 'Index' in controller 'Gifts'.
2025-12-13 20:14:15.405 +01:00 [INF] Executing ViewResult, running view Index.
2025-12-13 20:14:15.407 +01:00 [DBG] The view path '/Views/Gifts/Index.cshtml' was found in 4.9011ms.
2025-12-13 20:14:15.424 +01:00 [DBG] Found the endpoints ["Route: {controller=Home}/{action=Index}/{id?}"] for address (action=[Create],controller=[Gifts])
2025-12-13 20:14:15.426 +01:00 [DBG] Successfully processed template {controller=Home}/{action=Index}/{id?} for Route: {controller=Home}/{action=Index}/{id?} resulting in /Gifts/Create and 
2025-12-13 20:14:15.428 +01:00 [DBG] Link generation succeeded for endpoints ["Route: {controller=Home}/{action=Index}/{id?}"] with result /Gifts/Create
2025-12-13 20:14:15.437 +01:00 [DBG] View lookup cache miss for view '_Layout' in controller 'Gifts'.
2025-12-13 20:14:15.441 +01:00 [DBG] Found the endpoints ["Route: {controller=Home}/{action=Index}/{id?}"] for address (action=[Logout],controller=[Account])
2025-12-13 20:14:15.443 +01:00 [DBG] Successfully processed template {controller=Home}/{action=Index}/{id?} for Route: {controller=Home}/{action=Index}/{id?} resulting in /Account/Logout and 
2025-12-13 20:14:15.445 +01:00 [DBG] Link generation succeeded for endpoints ["Route: {controller=Home}/{action=Index}/{id?}"] with result /Account/Logout
2025-12-13 20:14:15.448 +01:00 [DBG] An antiforgery cookie token was reused.
2025-12-13 20:14:15.449 +01:00 [DBG] Response markup is scheduled to include Browser Link script injection.
2025-12-13 20:14:15.450 +01:00 [DBG] Response markup is scheduled to include browser refresh script injection.
2025-12-13 20:14:15.452 +01:00 [INF] Executed ViewResult - view Index executed in 49.8447ms.
2025-12-13 20:14:15.455 +01:00 [INF] Executed action ValcharUtulek.Controllers.GiftsController.Index (ValcharUtulek) in 463.428ms
2025-12-13 20:14:15.457 +01:00 [INF] Executed endpoint 'ValcharUtulek.Controllers.GiftsController.Index (ValcharUtulek)'
2025-12-13 20:14:15.460 +01:00 [DBG] Response markup was updated to include Browser Link script injection.
2025-12-13 20:14:15.461 +01:00 [DBG] Response markup was updated to include browser refresh script injection.
2025-12-13 20:14:15.463 +01:00 [DBG] 'ShelterDbContext' disposed.
2025-12-13 20:14:15.469 +01:00 [DBG] Disposing connection to database 'shelter' on server '127.0.0.1'.
2025-12-13 20:14:15.472 +01:00 [DBG] Disposed connection to database 'shelter' on server '127.0.0.1' (3ms).
2025-12-13 20:14:15.474 +01:00 [INF] Request finished HTTP/2 GET https://localhost:7079/Gifts - 200 null text/html; charset=utf-8 535.2678ms
2025-12-13 20:14:15.508 +01:00 [INF] Request starting HTTP/2 GET https://localhost:7079/_vs/browserLink - null null
2025-12-13 20:14:15.508 +01:00 [INF] Request starting HTTP/2 GET https://localhost:7079/_framework/aspnetcore-browser-refresh.js - null null
2025-12-13 20:14:15.532 +01:00 [DBG] Script injected: /_framework/aspnetcore-browser-refresh.js
2025-12-13 20:14:15.533 +01:00 [INF] Request finished HTTP/2 GET https://localhost:7079/_vs/browserLink - 200 null text/javascript; charset=UTF-8 25.8556ms
2025-12-13 20:14:15.534 +01:00 [INF] Request finished HTTP/2 GET https://localhost:7079/_framework/aspnetcore-browser-refresh.js - 200 16511 application/javascript; charset=utf-8 26.7834ms
2025-12-13 20:14:17.180 +01:00 [INF] Request starting HTTP/2 GET https://localhost:7079/Adoptions - null null
2025-12-13 20:14:17.188 +01:00 [DBG] The request path /Adoptions does not match a supported file type
2025-12-13 20:14:17.191 +01:00 [DBG] 1 candidate(s) found for the request path '/Adoptions'
2025-12-13 20:14:17.193 +01:00 [DBG] Endpoint 'ValcharUtulek.Controllers.AdoptionsController.Index (ValcharUtulek)' with route pattern '{controller=Home}/{action=Index}/{id?}' is valid for the request path '/Adoptions'
2025-12-13 20:14:17.195 +01:00 [DBG] Request matched endpoint 'ValcharUtulek.Controllers.AdoptionsController.Index (ValcharUtulek)'
2025-12-13 20:14:17.199 +01:00 [DBG] AuthenticationScheme: Cookies was successfully authenticated.
2025-12-13 20:14:17.201 +01:00 [INF] Executing endpoint 'ValcharUtulek.Controllers.AdoptionsController.Index (ValcharUtulek)'
2025-12-13 20:14:17.206 +01:00 [INF] Route matched with {action = "Index", controller = "Adoptions"}. Executing controller action with signature System.Threading.Tasks.Task`1[Microsoft.AspNetCore.Mvc.IActionResult] Index() on controller ValcharUtulek.Controllers.AdoptionsController (ValcharUtulek).
2025-12-13 20:14:17.209 +01:00 [DBG] Execution plan of authorization filters (in the following order): ["None"]
2025-12-13 20:14:17.211 +01:00 [DBG] Execution plan of resource filters (in the following order): ["Microsoft.AspNetCore.Mvc.ViewFeatures.Filters.SaveTempDataFilter"]
2025-12-13 20:14:17.213 +01:00 [DBG] Execution plan of action filters (in the following order): ["Microsoft.AspNetCore.Mvc.Filters.ControllerActionFilter (Order: -2147483648)","Microsoft.AspNetCore.Mvc.ModelBinding.UnsupportedContentTypeFilter (Order: -3000)"]
2025-12-13 20:14:17.215 +01:00 [DBG] Execution plan of exception filters (in the following order): ["None"]
2025-12-13 20:14:17.217 +01:00 [DBG] Execution plan of result filters (in the following order): ["Microsoft.AspNetCore.Mvc.ViewFeatures.Filters.SaveTempDataFilter"]
2025-12-13 20:14:17.219 +01:00 [DBG] Executing controller factory for controller ValcharUtulek.Controllers.AdoptionsController (ValcharUtulek)
2025-12-13 20:14:17.232 +01:00 [DBG] Executed controller factory for controller ValcharUtulek.Controllers.AdoptionsController (ValcharUtulek)
2025-12-13 20:14:17.295 +01:00 [DBG] Entity Framework Core 9.0.10 initialized 'ShelterDbContext' using provider 'Pomelo.EntityFrameworkCore.MySql:9.0.0' with options: ParameterizedCollectionTranslationMode=Constantize ServerVersion=8.0.44-mysql 
2025-12-13 20:14:17.305 +01:00 [DBG] Compiling query expression: 
'DbSet<Animal>()
    .Where(a => a.IsAvailable)'
2025-12-13 20:14:17.368 +01:00 [DBG] Generated query execution expression: 
'queryContext => SingleQueryingEnumerable.Create<Animal>(
    relationalQueryContext: (RelationalQueryContext)queryContext, 
    relationalCommandResolver: parameters => [LIFTABLE Constant: RelationalCommandCache.QueryExpression(
        Projection Mapping:
            EmptyProjectionMember -> Dictionary<IProperty, int> { [Property: Animal.AnimalId (int) Required PK AfterSave:Throw ValueGenerated.OnAdd, 0], [Property: Animal.Age (int) Required, 1], [Property: Animal.Description (string), 2], [Property: Animal.IsAvailable (bool) Required, 3], [Property: Animal.Name (string) Required, 4], [Property: Animal.Photo (string), 5], [Property: Animal.Species (string), 6] }
        SELECT a.AnimalId, a.Age, a.Description, a.IsAvailable, a.Name, a.Photo, a.Species
        FROM Animals AS a
        WHERE a.IsAvailable) | Resolver: c => new RelationalCommandCache(
        c.Dependencies.MemoryCache, 
        c.RelationalDependencies.QuerySqlGeneratorFactory, 
        c.RelationalDependencies.RelationalParameterBasedSqlProcessorFactory, 
        Projection Mapping:
            EmptyProjectionMember -> Dictionary<IProperty, int> { [Property: Animal.AnimalId (int) Required PK AfterSave:Throw ValueGenerated.OnAdd, 0], [Property: Animal.Age (int) Required, 1], [Property: Animal.Description (string), 2], [Property: Animal.IsAvailable (bool) Required, 3], [Property: Animal.Name (string) Required, 4], [Property: Animal.Photo (string), 5], [Property: Animal.Species (string), 6] }
        SELECT a.AnimalId, a.Age, a.Description, a.IsAvailable, a.Name, a.Photo, a.Species
        FROM Animals AS a
        WHERE a.IsAvailable, 
        False, 
        new HashSet<string>(
            new string[]{ }, 
            StringComparer.Ordinal
        )
    )].GetRelationalCommandTemplate(parameters), 
    readerColumns: null, 
    shaper: (queryContext, dataReader, resultContext, resultCoordinator) => 
    {
        Animal entity;
        entity = 
        {
            MaterializationContext materializationContext1;
            IEntityType entityType1;
            Animal instance1;
            InternalEntityEntry entry1;
            bool hasNullKey1;
            materializationContext1 = new MaterializationContext(
                [LIFTABLE Constant: ValueBuffer | Resolver: _ => (object)ValueBuffer.Empty], 
                queryContext.Context
            );
            instance1 = default(Animal);
            entry1 = queryContext.TryGetEntry(
                key: Key: Animal.AnimalId PK, 
                keyValues: new object[]{ (object)dataReader.GetInt32(0) }, 
                throwOnNullKey: True, 
                hasNullKey: hasNullKey1);
            !(hasNullKey1) ? entry1 != default(InternalEntityEntry) ? 
            {
                entityType1 = entry1.EntityType;
                return instance1 = (Animal)entry1.Entity;
            } : 
            {
                ISnapshot shadowSnapshot1;
                shadowSnapshot1 = Snapshot;
                entityType1 = EntityType: Animal;
                instance1 = switch (entityType1)
                {
                    case EntityType: Animal: 
                        {
                            return 
                            {
                                Animal instance;
                                instance = new Animal();
                                instance.<AnimalId>k__BackingField = dataReader.GetInt32(0);
                                instance.<Age>k__BackingField = dataReader.GetInt32(1);
                                instance.<Description>k__BackingField = dataReader.IsDBNull(2) ? default(string) : dataReader.GetString(2);
                                instance.<IsAvailable>k__BackingField = dataReader.GetBoolean(3);
                                instance.<Name>k__BackingField = dataReader.GetString(4);
                                instance.<Photo>k__BackingField = dataReader.IsDBNull(5) ? default(string) : dataReader.GetString(5);
                                instance.<Species>k__BackingField = dataReader.IsDBNull(6) ? default(string) : dataReader.GetString(6);
                                (instance is IInjectableService) ? ((IInjectableService)instance).Injected(
                                    context: materializationContext1.Context, 
                                    entity: instance, 
                                    queryTrackingBehavior: TrackAll, 
                                    structuralType: EntityType: Animal) : default(void);
                                return instance;
                            }}
                    default: 
                        default(Animal)
                }
                ;
                entry1 = entityType1 == default(IEntityType) ? default(InternalEntityEntry) : queryContext.StartTracking(
                    entityType: entityType1, 
                    entity: instance1, 
                    snapshot: shadowSnapshot1);
                return instance1;
            } : default(void);
            return instance1;
        };
        return entity;
    }, 
    contextType: ValcharUtulek.Database.ShelterDbContext, 
    standAloneStateManager: False, 
    detailedErrorsEnabled: False, 
    threadSafetyChecksEnabled: True)'
2025-12-13 20:14:17.372 +01:00 [DBG] Creating DbConnection.
2025-12-13 20:14:17.374 +01:00 [DBG] Created DbConnection. (1ms).
2025-12-13 20:14:17.376 +01:00 [DBG] Opening connection to database 'shelter' on server '127.0.0.1'.
2025-12-13 20:14:17.378 +01:00 [DBG] Opened connection to database 'shelter' on server '127.0.0.1'.
2025-12-13 20:14:17.379 +01:00 [DBG] Creating DbCommand for 'ExecuteReader'.
2025-12-13 20:14:17.381 +01:00 [DBG] Created DbCommand for 'ExecuteReader' (1ms).
2025-12-13 20:14:17.382 +01:00 [DBG] Initialized DbCommand for 'ExecuteReader' (2ms).
2025-12-13 20:14:17.384 +01:00 [DBG] Executing DbCommand [Parameters=[], CommandType='"Text"', CommandTimeout='30']
SELECT `a`.`AnimalId`, `a`.`Age`, `a`.`Description`, `a`.`IsAvailable`, `a`.`Name`, `a`.`Photo`, `a`.`Species`
FROM `Animals` AS `a`
WHERE `a`.`IsAvailable`
2025-12-13 20:14:17.387 +01:00 [INF] Executed DbCommand (3ms) [Parameters=[], CommandType='"Text"', CommandTimeout='30']
SELECT `a`.`AnimalId`, `a`.`Age`, `a`.`Description`, `a`.`IsAvailable`, `a`.`Name`, `a`.`Photo`, `a`.`Species`
FROM `Animals` AS `a`
WHERE `a`.`IsAvailable`
2025-12-13 20:14:17.390 +01:00 [DBG] Closing data reader to 'shelter' on server '127.0.0.1'.
2025-12-13 20:14:17.393 +01:00 [DBG] A data reader for 'shelter' on server '127.0.0.1' is being disposed after spending 2ms reading results.
2025-12-13 20:14:17.396 +01:00 [DBG] Closing connection to database 'shelter' on server '127.0.0.1'.
2025-12-13 20:14:17.397 +01:00 [DBG] Closed connection to database 'shelter' on server '127.0.0.1' (1ms).
2025-12-13 20:14:17.401 +01:00 [DBG] View lookup cache miss for view 'Index' in controller 'Adoptions'.
2025-12-13 20:14:17.403 +01:00 [INF] Executing ViewResult, running view Index.
2025-12-13 20:14:17.405 +01:00 [DBG] The view path '/Views/Adoptions/Index.cshtml' was found in 4.1156ms.
2025-12-13 20:14:17.416 +01:00 [DBG] View lookup cache miss for view '_Layout' in controller 'Adoptions'.
2025-12-13 20:14:17.422 +01:00 [DBG] Found the endpoints ["Route: {controller=Home}/{action=Index}/{id?}"] for address (action=[Logout],controller=[Account])
2025-12-13 20:14:17.424 +01:00 [DBG] Successfully processed template {controller=Home}/{action=Index}/{id?} for Route: {controller=Home}/{action=Index}/{id?} resulting in /Account/Logout and 
2025-12-13 20:14:17.426 +01:00 [DBG] Link generation succeeded for endpoints ["Route: {controller=Home}/{action=Index}/{id?}"] with result /Account/Logout
2025-12-13 20:14:17.428 +01:00 [DBG] An antiforgery cookie token was reused.
2025-12-13 20:14:17.429 +01:00 [DBG] Response markup is scheduled to include Browser Link script injection.
2025-12-13 20:14:17.430 +01:00 [DBG] Response markup is scheduled to include browser refresh script injection.
2025-12-13 20:14:17.431 +01:00 [INF] Executed ViewResult - view Index executed in 30.8849ms.
2025-12-13 20:14:17.433 +01:00 [INF] Executed action ValcharUtulek.Controllers.AdoptionsController.Index (ValcharUtulek) in 214.1333ms
2025-12-13 20:14:17.435 +01:00 [INF] Executed endpoint 'ValcharUtulek.Controllers.AdoptionsController.Index (ValcharUtulek)'
2025-12-13 20:14:17.437 +01:00 [DBG] Response markup was updated to include Browser Link script injection.
2025-12-13 20:14:17.438 +01:00 [DBG] Response markup was updated to include browser refresh script injection.
2025-12-13 20:14:17.439 +01:00 [DBG] 'ShelterDbContext' disposed.
2025-12-13 20:14:17.441 +01:00 [DBG] Disposing connection to database 'shelter' on server '127.0.0.1'.
2025-12-13 20:14:17.443 +01:00 [DBG] Disposed connection to database 'shelter' on server '127.0.0.1' (1ms).
2025-12-13 20:14:17.447 +01:00 [INF] Request finished HTTP/2 GET https://localhost:7079/Adoptions - 200 null text/html; charset=utf-8 266.3228ms
2025-12-13 20:14:17.480 +01:00 [INF] Request starting HTTP/2 GET https://localhost:7079/_vs/browserLink - null null
2025-12-13 20:14:17.481 +01:00 [INF] Request starting HTTP/2 GET https://localhost:7079/_framework/aspnetcore-browser-refresh.js - null null
2025-12-13 20:14:17.490 +01:00 [DBG] Script injected: /_framework/aspnetcore-browser-refresh.js
2025-12-13 20:14:17.494 +01:00 [INF] Request finished HTTP/2 GET https://localhost:7079/_vs/browserLink - 200 null text/javascript; charset=UTF-8 14.0736ms
2025-12-13 20:14:17.500 +01:00 [INF] Request finished HTTP/2 GET https://localhost:7079/_framework/aspnetcore-browser-refresh.js - 200 16511 application/javascript; charset=utf-8 18.939ms
2025-12-13 20:14:20.010 +01:00 [INF] Request starting HTTP/2 POST https://localhost:7079/Account/Logout - application/x-www-form-urlencoded 225
2025-12-13 20:14:20.017 +01:00 [DBG] POST requests are not supported
2025-12-13 20:14:20.019 +01:00 [DBG] 1 candidate(s) found for the request path '/Account/Logout'
2025-12-13 20:14:20.021 +01:00 [DBG] Endpoint 'ValcharUtulek.Controllers.AccountController.Logout (ValcharUtulek)' with route pattern '{controller=Home}/{action=Index}/{id?}' is valid for the request path '/Account/Logout'
2025-12-13 20:14:20.023 +01:00 [DBG] Request matched endpoint 'ValcharUtulek.Controllers.AccountController.Logout (ValcharUtulek)'
2025-12-13 20:14:20.025 +01:00 [DBG] AuthenticationScheme: Cookies was successfully authenticated.
2025-12-13 20:14:20.026 +01:00 [INF] Executing endpoint 'ValcharUtulek.Controllers.AccountController.Logout (ValcharUtulek)'
2025-12-13 20:14:20.032 +01:00 [INF] Route matched with {action = "Logout", controller = "Account"}. Executing controller action with signature System.Threading.Tasks.Task`1[Microsoft.AspNetCore.Mvc.IActionResult] Logout() on controller ValcharUtulek.Controllers.AccountController (ValcharUtulek).
2025-12-13 20:14:20.035 +01:00 [DBG] Execution plan of authorization filters (in the following order): ["Microsoft.AspNetCore.Mvc.ViewFeatures.Filters.ValidateAntiforgeryTokenAuthorizationFilter"]
2025-12-13 20:14:20.037 +01:00 [DBG] Execution plan of resource filters (in the following order): ["Microsoft.AspNetCore.Mvc.ViewFeatures.Filters.SaveTempDataFilter"]
2025-12-13 20:14:20.039 +01:00 [DBG] Execution plan of action filters (in the following order): ["Microsoft.AspNetCore.Mvc.Filters.ControllerActionFilter (Order: -2147483648)","Microsoft.AspNetCore.Mvc.ModelBinding.UnsupportedContentTypeFilter (Order: -3000)"]
2025-12-13 20:14:20.041 +01:00 [DBG] Execution plan of exception filters (in the following order): ["None"]
2025-12-13 20:14:20.043 +01:00 [DBG] Execution plan of result filters (in the following order): ["Microsoft.AspNetCore.Mvc.ViewFeatures.Filters.SaveTempDataFilter"]
2025-12-13 20:14:20.052 +01:00 [DBG] Connection id "0HNHQFF67S7VB", Request id "0HNHQFF67S7VB:00000013": started reading request body.
2025-12-13 20:14:20.054 +01:00 [DBG] Connection id "0HNHQFF67S7VB", Request id "0HNHQFF67S7VB:00000013": done reading request body.
2025-12-13 20:14:20.059 +01:00 [DBG] Antiforgery successfully validated a request.
2025-12-13 20:14:20.060 +01:00 [DBG] Executing controller factory for controller ValcharUtulek.Controllers.AccountController (ValcharUtulek)
2025-12-13 20:14:20.071 +01:00 [DBG] Executed controller factory for controller ValcharUtulek.Controllers.AccountController (ValcharUtulek)
2025-12-13 20:14:20.081 +01:00 [INF] AuthenticationScheme: Cookies signed out.
2025-12-13 20:14:20.082 +01:00 [INF] User logged out.
2025-12-13 20:14:20.084 +01:00 [DBG] Found the endpoints ["Route: {controller=Home}/{action=Index}/{id?}"] for address (action=[Index],controller=[Home])
2025-12-13 20:14:20.087 +01:00 [DBG] Successfully processed template {controller=Home}/{action=Index}/{id?} for Route: {controller=Home}/{action=Index}/{id?} resulting in  and 
2025-12-13 20:14:20.089 +01:00 [DBG] Link generation succeeded for endpoints ["Route: {controller=Home}/{action=Index}/{id?}"] with result /
2025-12-13 20:14:20.092 +01:00 [INF] Executing RedirectResult, redirecting to /.
2025-12-13 20:14:20.093 +01:00 [INF] Executed action ValcharUtulek.Controllers.AccountController.Logout (ValcharUtulek) in 47.359ms
2025-12-13 20:14:20.095 +01:00 [INF] Executed endpoint 'ValcharUtulek.Controllers.AccountController.Logout (ValcharUtulek)'
2025-12-13 20:14:20.097 +01:00 [INF] Request finished HTTP/2 POST https://localhost:7079/Account/Logout - 302 0 null 86.2545ms
2025-12-13 20:14:20.103 +01:00 [INF] Request starting HTTP/2 GET https://localhost:7079/ - null null
2025-12-13 20:14:20.107 +01:00 [DBG] The request path / does not match a supported file type
2025-12-13 20:14:20.109 +01:00 [DBG] 1 candidate(s) found for the request path '/'
2025-12-13 20:14:20.110 +01:00 [DBG] Endpoint 'ValcharUtulek.Controllers.HomeController.Index (ValcharUtulek)' with route pattern '{controller=Home}/{action=Index}/{id?}' is valid for the request path '/'
2025-12-13 20:14:20.113 +01:00 [DBG] Request matched endpoint 'ValcharUtulek.Controllers.HomeController.Index (ValcharUtulek)'
2025-12-13 20:14:20.114 +01:00 [DBG] AuthenticationScheme: Cookies was not authenticated.
2025-12-13 20:14:20.116 +01:00 [INF] Executing endpoint 'ValcharUtulek.Controllers.HomeController.Index (ValcharUtulek)'
2025-12-13 20:14:20.118 +01:00 [INF] Route matched with {action = "Index", controller = "Home"}. Executing controller action with signature Microsoft.AspNetCore.Mvc.IActionResult Index() on controller ValcharUtulek.Controllers.HomeController (ValcharUtulek).
2025-12-13 20:14:20.122 +01:00 [DBG] Execution plan of authorization filters (in the following order): ["None"]
2025-12-13 20:14:20.124 +01:00 [DBG] Execution plan of resource filters (in the following order): ["Microsoft.AspNetCore.Mvc.ViewFeatures.Filters.SaveTempDataFilter"]
2025-12-13 20:14:20.126 +01:00 [DBG] Execution plan of action filters (in the following order): ["Microsoft.AspNetCore.Mvc.Filters.ControllerActionFilter (Order: -2147483648)","Microsoft.AspNetCore.Mvc.ModelBinding.UnsupportedContentTypeFilter (Order: -3000)"]
2025-12-13 20:14:20.128 +01:00 [DBG] Execution plan of exception filters (in the following order): ["None"]
2025-12-13 20:14:20.130 +01:00 [DBG] Execution plan of result filters (in the following order): ["Microsoft.AspNetCore.Mvc.ViewFeatures.Filters.SaveTempDataFilter"]
2025-12-13 20:14:20.132 +01:00 [DBG] Executing controller factory for controller ValcharUtulek.Controllers.HomeController (ValcharUtulek)
2025-12-13 20:14:20.133 +01:00 [DBG] Executed controller factory for controller ValcharUtulek.Controllers.HomeController (ValcharUtulek)
2025-12-13 20:14:20.135 +01:00 [DBG] View lookup cache hit for view 'Index' in controller 'Home'.
2025-12-13 20:14:20.137 +01:00 [INF] Executing ViewResult, running view Index.
2025-12-13 20:14:20.138 +01:00 [DBG] The view path '/Views/Home/Index.cshtml' was found in 3.8127ms.
2025-12-13 20:14:20.141 +01:00 [DBG] View lookup cache hit for view '_Layout' in controller 'Home'.
2025-12-13 20:14:20.143 +01:00 [DBG] Response markup is scheduled to include Browser Link script injection.
2025-12-13 20:14:20.144 +01:00 [DBG] Response markup is scheduled to include browser refresh script injection.
2025-12-13 20:14:20.146 +01:00 [INF] Executed ViewResult - view Index executed in 10.9483ms.
2025-12-13 20:14:20.148 +01:00 [INF] Executed action ValcharUtulek.Controllers.HomeController.Index (ValcharUtulek) in 16.1277ms
2025-12-13 20:14:20.149 +01:00 [INF] Executed endpoint 'ValcharUtulek.Controllers.HomeController.Index (ValcharUtulek)'
2025-12-13 20:14:20.150 +01:00 [DBG] Response markup was updated to include Browser Link script injection.
2025-12-13 20:14:20.151 +01:00 [DBG] Response markup was updated to include browser refresh script injection.
2025-12-13 20:14:20.152 +01:00 [INF] Request finished HTTP/2 GET https://localhost:7079/ - 200 null text/html; charset=utf-8 49.3258ms
2025-12-13 20:14:20.188 +01:00 [INF] Request starting HTTP/2 GET https://localhost:7079/_vs/browserLink - null null
2025-12-13 20:14:20.193 +01:00 [INF] Request starting HTTP/2 GET https://localhost:7079/_framework/aspnetcore-browser-refresh.js - null null
2025-12-13 20:14:20.196 +01:00 [INF] Request finished HTTP/2 GET https://localhost:7079/_vs/browserLink - 200 null text/javascript; charset=UTF-8 8.1018ms
2025-12-13 20:14:20.197 +01:00 [DBG] Script injected: /_framework/aspnetcore-browser-refresh.js
2025-12-13 20:14:20.203 +01:00 [INF] Request finished HTTP/2 GET https://localhost:7079/_framework/aspnetcore-browser-refresh.js - 200 16511 application/javascript; charset=utf-8 9.5218ms
2025-12-13 20:14:21.659 +01:00 [INF] Request starting HTTP/2 GET https://localhost:7079/Account/Login - null null
2025-12-13 20:14:21.665 +01:00 [DBG] The request path /Account/Login does not match a supported file type
2025-12-13 20:14:21.668 +01:00 [DBG] 1 candidate(s) found for the request path '/Account/Login'
2025-12-13 20:14:21.670 +01:00 [DBG] Endpoint 'ValcharUtulek.Controllers.AccountController.Login (ValcharUtulek)' with route pattern '{controller=Home}/{action=Index}/{id?}' is valid for the request path '/Account/Login'
2025-12-13 20:14:21.672 +01:00 [DBG] Request matched endpoint 'ValcharUtulek.Controllers.AccountController.Login (ValcharUtulek)'
2025-12-13 20:14:21.673 +01:00 [DBG] AuthenticationScheme: Cookies was not authenticated.
2025-12-13 20:14:21.676 +01:00 [INF] Executing endpoint 'ValcharUtulek.Controllers.AccountController.Login (ValcharUtulek)'
2025-12-13 20:14:21.687 +01:00 [INF] Route matched with {action = "Login", controller = "Account"}. Executing controller action with signature Microsoft.AspNetCore.Mvc.IActionResult Login(System.String) on controller ValcharUtulek.Controllers.AccountController (ValcharUtulek).
2025-12-13 20:14:21.689 +01:00 [DBG] Execution plan of authorization filters (in the following order): ["None"]
2025-12-13 20:14:21.691 +01:00 [DBG] Execution plan of resource filters (in the following order): ["Microsoft.AspNetCore.Mvc.ViewFeatures.Filters.SaveTempDataFilter"]
2025-12-13 20:14:21.693 +01:00 [DBG] Execution plan of action filters (in the following order): ["Microsoft.AspNetCore.Mvc.Filters.ControllerActionFilter (Order: -2147483648)","Microsoft.AspNetCore.Mvc.ModelBinding.UnsupportedContentTypeFilter (Order: -3000)"]
2025-12-13 20:14:21.696 +01:00 [DBG] Execution plan of exception filters (in the following order): ["None"]
2025-12-13 20:14:21.697 +01:00 [DBG] Execution plan of result filters (in the following order): ["Microsoft.AspNetCore.Mvc.ViewFeatures.Filters.SaveTempDataFilter"]
2025-12-13 20:14:21.699 +01:00 [DBG] Executing controller factory for controller ValcharUtulek.Controllers.AccountController (ValcharUtulek)
2025-12-13 20:14:21.711 +01:00 [DBG] Executed controller factory for controller ValcharUtulek.Controllers.AccountController (ValcharUtulek)
2025-12-13 20:14:21.718 +01:00 [DBG] Attempting to bind parameter 'returnUrl' of type 'System.String' ...
2025-12-13 20:14:21.721 +01:00 [DBG] Attempting to bind parameter 'returnUrl' of type 'System.String' using the name '' in request data ...
2025-12-13 20:14:21.725 +01:00 [DBG] Could not find a value in the request with name '' for binding parameter 'returnUrl' of type 'System.String'.
2025-12-13 20:14:21.727 +01:00 [DBG] Done attempting to bind parameter 'returnUrl' of type 'System.String'.
2025-12-13 20:14:21.728 +01:00 [DBG] Done attempting to bind parameter 'returnUrl' of type 'System.String'.
2025-12-13 20:14:21.730 +01:00 [DBG] Attempting to validate the bound parameter 'returnUrl' of type 'System.String' ...
2025-12-13 20:14:21.733 +01:00 [DBG] Done attempting to validate the bound parameter 'returnUrl' of type 'System.String'.
2025-12-13 20:14:21.737 +01:00 [DBG] View lookup cache miss for view 'Login' in controller 'Account'.
2025-12-13 20:14:21.739 +01:00 [INF] Executing ViewResult, running view Login.
2025-12-13 20:14:21.741 +01:00 [DBG] The view path '/Views/Account/Login.cshtml' was found in 3.8915ms.
2025-12-13 20:14:21.749 +01:00 [DBG] Found the endpoints ["Route: {controller=Home}/{action=Index}/{id?}"] for address (returnurl=[],action=[Login],controller=[Account])
2025-12-13 20:14:21.751 +01:00 [DBG] Successfully processed template {controller=Home}/{action=Index}/{id?} for Route: {controller=Home}/{action=Index}/{id?} resulting in /Account/Login and 
2025-12-13 20:14:21.753 +01:00 [DBG] Link generation succeeded for endpoints ["Route: {controller=Home}/{action=Index}/{id?}"] with result /Account/Login
2025-12-13 20:14:21.755 +01:00 [DBG] An antiforgery cookie token was reused.
2025-12-13 20:14:21.784 +01:00 [DBG] Found the endpoints ["Route: {controller=Home}/{action=Index}/{id?}"] for address (action=[Register],controller=[Account])
2025-12-13 20:14:21.786 +01:00 [DBG] Successfully processed template {controller=Home}/{action=Index}/{id?} for Route: {controller=Home}/{action=Index}/{id?} resulting in /Account/Register and 
2025-12-13 20:14:21.788 +01:00 [DBG] Link generation succeeded for endpoints ["Route: {controller=Home}/{action=Index}/{id?}"] with result /Account/Register
2025-12-13 20:14:21.790 +01:00 [DBG] View lookup cache miss for view '_Layout' in controller 'Account'.
2025-12-13 20:14:21.794 +01:00 [DBG] View lookup cache miss for view '_ValidationScriptsPartial' in controller 'Account'.
2025-12-13 20:14:21.801 +01:00 [DBG] Response markup is scheduled to include Browser Link script injection.
2025-12-13 20:14:21.802 +01:00 [DBG] Response markup is scheduled to include browser refresh script injection.
2025-12-13 20:14:21.810 +01:00 [INF] Executed ViewResult - view Login executed in 72.9574ms.
2025-12-13 20:14:21.816 +01:00 [INF] Executed action ValcharUtulek.Controllers.AccountController.Login (ValcharUtulek) in 117.3742ms
2025-12-13 20:14:21.818 +01:00 [INF] Executed endpoint 'ValcharUtulek.Controllers.AccountController.Login (ValcharUtulek)'
2025-12-13 20:14:21.820 +01:00 [DBG] Response markup was updated to include Browser Link script injection.
2025-12-13 20:14:21.821 +01:00 [DBG] Response markup was updated to include browser refresh script injection.
2025-12-13 20:14:21.822 +01:00 [INF] Request finished HTTP/2 GET https://localhost:7079/Account/Login - 200 null text/html; charset=utf-8 163.3912ms
2025-12-13 20:14:21.862 +01:00 [INF] Request starting HTTP/2 GET https://localhost:7079/_framework/aspnetcore-browser-refresh.js - null null
2025-12-13 20:14:21.862 +01:00 [INF] Request starting HTTP/2 GET https://localhost:7079/_vs/browserLink - null null
2025-12-13 20:14:21.869 +01:00 [DBG] Script injected: /_framework/aspnetcore-browser-refresh.js
2025-12-13 20:14:21.873 +01:00 [INF] Request finished HTTP/2 GET https://localhost:7079/_framework/aspnetcore-browser-refresh.js - 200 16511 application/javascript; charset=utf-8 10.3821ms
2025-12-13 20:14:21.877 +01:00 [INF] Request finished HTTP/2 GET https://localhost:7079/_vs/browserLink - 200 null text/javascript; charset=UTF-8 14.8159ms
2025-12-13 20:14:26.612 +01:00 [INF] Request starting HTTP/2 POST https://localhost:7079/Account/Login - application/x-www-form-urlencoded 209
2025-12-13 20:14:26.619 +01:00 [DBG] POST requests are not supported
2025-12-13 20:14:26.620 +01:00 [DBG] 1 candidate(s) found for the request path '/Account/Login'
2025-12-13 20:14:26.621 +01:00 [DBG] Endpoint 'ValcharUtulek.Controllers.AccountController.Login (ValcharUtulek)' with route pattern '{controller=Home}/{action=Index}/{id?}' is valid for the request path '/Account/Login'
2025-12-13 20:14:26.623 +01:00 [DBG] Request matched endpoint 'ValcharUtulek.Controllers.AccountController.Login (ValcharUtulek)'
2025-12-13 20:14:26.625 +01:00 [DBG] AuthenticationScheme: Cookies was not authenticated.
2025-12-13 20:14:26.627 +01:00 [INF] Executing endpoint 'ValcharUtulek.Controllers.AccountController.Login (ValcharUtulek)'
2025-12-13 20:14:26.634 +01:00 [INF] Route matched with {action = "Login", controller = "Account"}. Executing controller action with signature System.Threading.Tasks.Task`1[Microsoft.AspNetCore.Mvc.IActionResult] Login(ValcharUtulek.Models.LoginViewModel, System.String) on controller ValcharUtulek.Controllers.AccountController (ValcharUtulek).
2025-12-13 20:14:26.637 +01:00 [DBG] Execution plan of authorization filters (in the following order): ["Microsoft.AspNetCore.Mvc.ViewFeatures.Filters.ValidateAntiforgeryTokenAuthorizationFilter"]
2025-12-13 20:14:26.639 +01:00 [DBG] Execution plan of resource filters (in the following order): ["Microsoft.AspNetCore.Mvc.ViewFeatures.Filters.SaveTempDataFilter"]
2025-12-13 20:14:26.641 +01:00 [DBG] Execution plan of action filters (in the following order): ["Microsoft.AspNetCore.Mvc.Filters.ControllerActionFilter (Order: -2147483648)","Microsoft.AspNetCore.Mvc.ModelBinding.UnsupportedContentTypeFilter (Order: -3000)"]
2025-12-13 20:14:26.643 +01:00 [DBG] Execution plan of exception filters (in the following order): ["None"]
2025-12-13 20:14:26.645 +01:00 [DBG] Execution plan of result filters (in the following order): ["Microsoft.AspNetCore.Mvc.ViewFeatures.Filters.SaveTempDataFilter"]
2025-12-13 20:14:26.647 +01:00 [DBG] Connection id "0HNHQFF67S7VB", Request id "0HNHQFF67S7VB:00000021": started reading request body.
2025-12-13 20:14:26.649 +01:00 [DBG] Connection id "0HNHQFF67S7VB", Request id "0HNHQFF67S7VB:00000021": done reading request body.
2025-12-13 20:14:26.650 +01:00 [DBG] Antiforgery successfully validated a request.
2025-12-13 20:14:26.651 +01:00 [DBG] Executing controller factory for controller ValcharUtulek.Controllers.AccountController (ValcharUtulek)
2025-12-13 20:14:26.661 +01:00 [DBG] Executed controller factory for controller ValcharUtulek.Controllers.AccountController (ValcharUtulek)
2025-12-13 20:14:26.667 +01:00 [DBG] Attempting to bind parameter 'model' of type 'ValcharUtulek.Models.LoginViewModel' ...
2025-12-13 20:14:26.670 +01:00 [DBG] Attempting to bind parameter 'model' of type 'ValcharUtulek.Models.LoginViewModel' using the name '' in request data ...
2025-12-13 20:14:26.677 +01:00 [DBG] Attempting to bind property 'ValcharUtulek.Models.LoginViewModel.Name' of type 'System.String' using the name 'Name' in request data ...
2025-12-13 20:14:26.681 +01:00 [DBG] Done attempting to bind property 'ValcharUtulek.Models.LoginViewModel.Name' of type 'System.String'.
2025-12-13 20:14:26.684 +01:00 [DBG] Attempting to bind property 'ValcharUtulek.Models.LoginViewModel.Password' of type 'System.String' using the name 'Password' in request data ...
2025-12-13 20:14:26.686 +01:00 [DBG] Done attempting to bind property 'ValcharUtulek.Models.LoginViewModel.Password' of type 'System.String'.
2025-12-13 20:14:26.689 +01:00 [DBG] Done attempting to bind parameter 'model' of type 'ValcharUtulek.Models.LoginViewModel'.
2025-12-13 20:14:26.690 +01:00 [DBG] Done attempting to bind parameter 'model' of type 'ValcharUtulek.Models.LoginViewModel'.
2025-12-13 20:14:26.692 +01:00 [DBG] Attempting to validate the bound parameter 'model' of type 'ValcharUtulek.Models.LoginViewModel' ...
2025-12-13 20:14:26.699 +01:00 [DBG] Done attempting to validate the bound parameter 'model' of type 'ValcharUtulek.Models.LoginViewModel'.
2025-12-13 20:14:26.701 +01:00 [DBG] Attempting to bind parameter 'returnUrl' of type 'System.String' ...
2025-12-13 20:14:26.703 +01:00 [DBG] Attempting to bind parameter 'returnUrl' of type 'System.String' using the name '' in request data ...
2025-12-13 20:14:26.705 +01:00 [DBG] Could not find a value in the request with name '' for binding parameter 'returnUrl' of type 'System.String'.
2025-12-13 20:14:26.707 +01:00 [DBG] Done attempting to bind parameter 'returnUrl' of type 'System.String'.
2025-12-13 20:14:26.709 +01:00 [DBG] Done attempting to bind parameter 'returnUrl' of type 'System.String'.
2025-12-13 20:14:26.710 +01:00 [DBG] Attempting to validate the bound parameter 'returnUrl' of type 'System.String' ...
2025-12-13 20:14:26.712 +01:00 [DBG] Done attempting to validate the bound parameter 'returnUrl' of type 'System.String'.
2025-12-13 20:14:26.716 +01:00 [DBG] Entity Framework Core 9.0.10 initialized 'ShelterDbContext' using provider 'Pomelo.EntityFrameworkCore.MySql:9.0.0' with options: ParameterizedCollectionTranslationMode=Constantize ServerVersion=8.0.44-mysql 
2025-12-13 20:14:26.727 +01:00 [DBG] Compiling query expression: 
'DbSet<User>()
    .FirstOrDefault(u => u.Name == __model_Name_0)'
2025-12-13 20:14:26.758 +01:00 [DBG] Generated query execution expression: 
'queryContext => SingleQueryingEnumerable.Create<User>(
    relationalQueryContext: (RelationalQueryContext)queryContext, 
    relationalCommandResolver: parameters => [LIFTABLE Constant: RelationalCommandCache.QueryExpression(
        Projection Mapping:
            EmptyProjectionMember -> Dictionary<IProperty, int> { [Property: User.UserId (int) Required PK AfterSave:Throw ValueGenerated.OnAdd, 0], [Property: User.Email (string), 1], [Property: User.Name (string) Required, 2], [Property: User.PasswordHash (string) Required, 3], [Property: User.RegistrationDate (DateOnly) Required, 4], [Property: User.Role (Role) Required, 5] }
        SELECT TOP(1) u.UserId, u.Email, u.Name, u.password_hash, u.RegistrationDate, u.Role
        FROM Users AS u
        WHERE u.Name == @__model_Name_0) | Resolver: c => new RelationalCommandCache(
        c.Dependencies.MemoryCache, 
        c.RelationalDependencies.QuerySqlGeneratorFactory, 
        c.RelationalDependencies.RelationalParameterBasedSqlProcessorFactory, 
        Projection Mapping:
            EmptyProjectionMember -> Dictionary<IProperty, int> { [Property: User.UserId (int) Required PK AfterSave:Throw ValueGenerated.OnAdd, 0], [Property: User.Email (string), 1], [Property: User.Name (string) Required, 2], [Property: User.PasswordHash (string) Required, 3], [Property: User.RegistrationDate (DateOnly) Required, 4], [Property: User.Role (Role) Required, 5] }
        SELECT TOP(1) u.UserId, u.Email, u.Name, u.password_hash, u.RegistrationDate, u.Role
        FROM Users AS u
        WHERE u.Name == @__model_Name_0, 
        False, 
        new HashSet<string>(
            new string[]{ }, 
            StringComparer.Ordinal
        )
    )].GetRelationalCommandTemplate(parameters), 
    readerColumns: null, 
    shaper: (queryContext, dataReader, resultContext, resultCoordinator) => 
    {
        User entity;
        entity = 
        {
            MaterializationContext materializationContext1;
            IEntityType entityType1;
            User instance1;
            InternalEntityEntry entry1;
            bool hasNullKey1;
            materializationContext1 = new MaterializationContext(
                [LIFTABLE Constant: ValueBuffer | Resolver: _ => (object)ValueBuffer.Empty], 
                queryContext.Context
            );
            instance1 = default(User);
            entry1 = queryContext.TryGetEntry(
                key: Key: User.UserId PK, 
                keyValues: new object[]{ (object)dataReader.GetInt32(0) }, 
                throwOnNullKey: True, 
                hasNullKey: hasNullKey1);
            !(hasNullKey1) ? entry1 != default(InternalEntityEntry) ? 
            {
                entityType1 = entry1.EntityType;
                return instance1 = (User)entry1.Entity;
            } : 
            {
                ISnapshot shadowSnapshot1;
                shadowSnapshot1 = Snapshot;
                entityType1 = EntityType: User;
                instance1 = switch (entityType1)
                {
                    case EntityType: User: 
                        {
                            return 
                            {
                                User instance;
                                instance = new User();
                                instance.<UserId>k__BackingField = dataReader.GetInt32(0);
                                instance.<Email>k__BackingField = dataReader.IsDBNull(1) ? default(string) : dataReader.GetString(1);
                                instance.<Name>k__BackingField = dataReader.GetString(2);
                                instance.<PasswordHash>k__BackingField = dataReader.GetString(3);
                                instance.<RegistrationDate>k__BackingField = dataReader.GetFieldValue<DateOnly>(4);
                                instance.<Role>k__BackingField = Invoke(((EnumToStringConverter<Role>)((IReadOnlyProperty)[LIFTABLE Constant: Property: User.Role (Role) Required | Resolver: namelessParameter{0} => namelessParameter{0}.Dependencies.Model.FindEntityType("ValcharUtulek.Entities.User").FindProperty("Role")]).GetTypeMapping().Converter).ConvertFromProviderTyped, dataReader.GetString(5));
                                (instance is IInjectableService) ? ((IInjectableService)instance).Injected(
                                    context: materializationContext1.Context, 
                                    entity: instance, 
                                    queryTrackingBehavior: TrackAll, 
                                    structuralType: EntityType: User) : default(void);
                                return instance;
                            }}
                    default: 
                        default(User)
                }
                ;
                entry1 = entityType1 == default(IEntityType) ? default(InternalEntityEntry) : queryContext.StartTracking(
                    entityType: entityType1, 
                    entity: instance1, 
                    snapshot: shadowSnapshot1);
                return instance1;
            } : default(void);
            return instance1;
        };
        return entity;
    }, 
    contextType: ValcharUtulek.Database.ShelterDbContext, 
    standAloneStateManager: False, 
    detailedErrorsEnabled: False, 
    threadSafetyChecksEnabled: True)
    .SingleOrDefault()'
2025-12-13 20:14:26.773 +01:00 [DBG] Creating DbConnection.
2025-12-13 20:14:26.774 +01:00 [DBG] Created DbConnection. (1ms).
2025-12-13 20:14:26.776 +01:00 [DBG] Opening connection to database 'shelter' on server '127.0.0.1'.
2025-12-13 20:14:26.779 +01:00 [DBG] Opened connection to database 'shelter' on server '127.0.0.1'.
2025-12-13 20:14:26.780 +01:00 [DBG] Creating DbCommand for 'ExecuteReader'.
2025-12-13 20:14:26.782 +01:00 [DBG] Created DbCommand for 'ExecuteReader' (1ms).
2025-12-13 20:14:26.796 +01:00 [DBG] Initialized DbCommand for 'ExecuteReader' (15ms).
2025-12-13 20:14:26.801 +01:00 [DBG] Executing DbCommand [Parameters=[@__model_Name_0='?' (Size = 4000)], CommandType='"Text"', CommandTimeout='30']
SELECT `u`.`UserId`, `u`.`Email`, `u`.`Name`, `u`.`password_hash`, `u`.`RegistrationDate`, `u`.`Role`
FROM `Users` AS `u`
WHERE `u`.`Name` = @__model_Name_0
LIMIT 1
2025-12-13 20:14:26.829 +01:00 [INF] Executed DbCommand (30ms) [Parameters=[@__model_Name_0='?' (Size = 4000)], CommandType='"Text"', CommandTimeout='30']
SELECT `u`.`UserId`, `u`.`Email`, `u`.`Name`, `u`.`password_hash`, `u`.`RegistrationDate`, `u`.`Role`
FROM `Users` AS `u`
WHERE `u`.`Name` = @__model_Name_0
LIMIT 1
2025-12-13 20:14:26.865 +01:00 [DBG] Context 'ShelterDbContext' started tracking 'User' entity. Consider using 'DbContextOptionsBuilder.EnableSensitiveDataLogging' to see key values.
2025-12-13 20:14:26.900 +01:00 [DBG] Closing data reader to 'shelter' on server '127.0.0.1'.
2025-12-13 20:14:26.902 +01:00 [DBG] A data reader for 'shelter' on server '127.0.0.1' is being disposed after spending 70ms reading results.
2025-12-13 20:14:26.904 +01:00 [DBG] Closing connection to database 'shelter' on server '127.0.0.1'.
2025-12-13 20:14:26.906 +01:00 [DBG] Closed connection to database 'shelter' on server '127.0.0.1' (2ms).
2025-12-13 20:14:26.939 +01:00 [INF] AuthenticationScheme: Cookies signed in.
2025-12-13 20:14:26.940 +01:00 [INF] Uživatel admin se úspěšně přihlásil.
2025-12-13 20:14:26.942 +01:00 [DBG] Found the endpoints ["Route: {controller=Home}/{action=Index}/{id?}"] for address (action=[Index],controller=[Home])
2025-12-13 20:14:26.944 +01:00 [DBG] Successfully processed template {controller=Home}/{action=Index}/{id?} for Route: {controller=Home}/{action=Index}/{id?} resulting in  and 
2025-12-13 20:14:26.946 +01:00 [DBG] Link generation succeeded for endpoints ["Route: {controller=Home}/{action=Index}/{id?}"] with result /
2025-12-13 20:14:26.948 +01:00 [INF] Executing RedirectResult, redirecting to /.
2025-12-13 20:14:26.949 +01:00 [INF] Executed action ValcharUtulek.Controllers.AccountController.Login (ValcharUtulek) in 302.2998ms
2025-12-13 20:14:26.951 +01:00 [INF] Executed endpoint 'ValcharUtulek.Controllers.AccountController.Login (ValcharUtulek)'
2025-12-13 20:14:26.952 +01:00 [DBG] 'ShelterDbContext' disposed.
2025-12-13 20:14:26.954 +01:00 [DBG] Disposing connection to database 'shelter' on server '127.0.0.1'.
2025-12-13 20:14:26.956 +01:00 [DBG] Disposed connection to database 'shelter' on server '127.0.0.1' (2ms).
2025-12-13 20:14:26.959 +01:00 [INF] Request finished HTTP/2 POST https://localhost:7079/Account/Login - 302 0 null 347.3016ms
2025-12-13 20:14:26.961 +01:00 [INF] Request starting HTTP/2 GET https://localhost:7079/ - null null
2025-12-13 20:14:26.968 +01:00 [DBG] The request path / does not match a supported file type
2025-12-13 20:14:26.969 +01:00 [DBG] 1 candidate(s) found for the request path '/'
2025-12-13 20:14:26.971 +01:00 [DBG] Endpoint 'ValcharUtulek.Controllers.HomeController.Index (ValcharUtulek)' with route pattern '{controller=Home}/{action=Index}/{id?}' is valid for the request path '/'
2025-12-13 20:14:26.973 +01:00 [DBG] Request matched endpoint 'ValcharUtulek.Controllers.HomeController.Index (ValcharUtulek)'
2025-12-13 20:14:26.975 +01:00 [DBG] AuthenticationScheme: Cookies was successfully authenticated.
2025-12-13 20:14:26.976 +01:00 [INF] Executing endpoint 'ValcharUtulek.Controllers.HomeController.Index (ValcharUtulek)'
2025-12-13 20:14:26.977 +01:00 [INF] Route matched with {action = "Index", controller = "Home"}. Executing controller action with signature Microsoft.AspNetCore.Mvc.IActionResult Index() on controller ValcharUtulek.Controllers.HomeController (ValcharUtulek).
2025-12-13 20:14:26.980 +01:00 [DBG] Execution plan of authorization filters (in the following order): ["None"]
2025-12-13 20:14:26.982 +01:00 [DBG] Execution plan of resource filters (in the following order): ["Microsoft.AspNetCore.Mvc.ViewFeatures.Filters.SaveTempDataFilter"]
2025-12-13 20:14:26.984 +01:00 [DBG] Execution plan of action filters (in the following order): ["Microsoft.AspNetCore.Mvc.Filters.ControllerActionFilter (Order: -2147483648)","Microsoft.AspNetCore.Mvc.ModelBinding.UnsupportedContentTypeFilter (Order: -3000)"]
2025-12-13 20:14:26.986 +01:00 [DBG] Execution plan of exception filters (in the following order): ["None"]
2025-12-13 20:14:26.988 +01:00 [DBG] Execution plan of result filters (in the following order): ["Microsoft.AspNetCore.Mvc.ViewFeatures.Filters.SaveTempDataFilter"]
2025-12-13 20:14:26.990 +01:00 [DBG] Executing controller factory for controller ValcharUtulek.Controllers.HomeController (ValcharUtulek)
2025-12-13 20:14:26.991 +01:00 [DBG] Executed controller factory for controller ValcharUtulek.Controllers.HomeController (ValcharUtulek)
2025-12-13 20:14:26.993 +01:00 [DBG] View lookup cache hit for view 'Index' in controller 'Home'.
2025-12-13 20:14:26.995 +01:00 [INF] Executing ViewResult, running view Index.
2025-12-13 20:14:26.996 +01:00 [DBG] The view path '/Views/Home/Index.cshtml' was found in 3.0034ms.
2025-12-13 20:14:26.998 +01:00 [DBG] View lookup cache hit for view '_Layout' in controller 'Home'.
2025-12-13 20:14:27.000 +01:00 [DBG] Found the endpoints ["Route: {controller=Home}/{action=Index}/{id?}"] for address (action=[Logout],controller=[Account])
2025-12-13 20:14:27.002 +01:00 [DBG] Successfully processed template {controller=Home}/{action=Index}/{id?} for Route: {controller=Home}/{action=Index}/{id?} resulting in /Account/Logout and 
2025-12-13 20:14:27.005 +01:00 [DBG] Link generation succeeded for endpoints ["Route: {controller=Home}/{action=Index}/{id?}"] with result /Account/Logout
2025-12-13 20:14:27.007 +01:00 [DBG] An antiforgery cookie token was reused.
2025-12-13 20:14:27.008 +01:00 [DBG] Response markup is scheduled to include Browser Link script injection.
2025-12-13 20:14:27.009 +01:00 [DBG] Response markup is scheduled to include browser refresh script injection.
2025-12-13 20:14:27.010 +01:00 [INF] Executed ViewResult - view Index executed in 16.9225ms.
2025-12-13 20:14:27.012 +01:00 [INF] Executed action ValcharUtulek.Controllers.HomeController.Index (ValcharUtulek) in 22.1171ms
2025-12-13 20:14:27.013 +01:00 [INF] Executed endpoint 'ValcharUtulek.Controllers.HomeController.Index (ValcharUtulek)'
2025-12-13 20:14:27.015 +01:00 [DBG] Response markup was updated to include Browser Link script injection.
2025-12-13 20:14:27.016 +01:00 [DBG] Response markup was updated to include browser refresh script injection.
2025-12-13 20:14:27.017 +01:00 [INF] Request finished HTTP/2 GET https://localhost:7079/ - 200 null text/html; charset=utf-8 56.0674ms
2025-12-13 20:14:27.069 +01:00 [INF] Request starting HTTP/2 GET https://localhost:7079/_vs/browserLink - null null
2025-12-13 20:14:27.070 +01:00 [INF] Request starting HTTP/2 GET https://localhost:7079/_framework/aspnetcore-browser-refresh.js - null null
2025-12-13 20:14:27.081 +01:00 [DBG] Script injected: /_framework/aspnetcore-browser-refresh.js
2025-12-13 20:14:27.082 +01:00 [INF] Request finished HTTP/2 GET https://localhost:7079/_vs/browserLink - 200 null text/javascript; charset=UTF-8 13.8862ms
2025-12-13 20:14:27.084 +01:00 [INF] Request finished HTTP/2 GET https://localhost:7079/_framework/aspnetcore-browser-refresh.js - 200 16511 application/javascript; charset=utf-8 14.1457ms
2025-12-13 20:14:47.012 +01:00 [INF] Request starting HTTP/2 GET https://localhost:7079/Adoptions - null null
2025-12-13 20:14:47.018 +01:00 [DBG] The request path /Adoptions does not match a supported file type
2025-12-13 20:14:47.019 +01:00 [DBG] 1 candidate(s) found for the request path '/Adoptions'
2025-12-13 20:14:47.021 +01:00 [DBG] Endpoint 'ValcharUtulek.Controllers.AdoptionsController.Index (ValcharUtulek)' with route pattern '{controller=Home}/{action=Index}/{id?}' is valid for the request path '/Adoptions'
2025-12-13 20:14:47.023 +01:00 [DBG] Request matched endpoint 'ValcharUtulek.Controllers.AdoptionsController.Index (ValcharUtulek)'
2025-12-13 20:14:47.025 +01:00 [DBG] AuthenticationScheme: Cookies was successfully authenticated.
2025-12-13 20:14:47.027 +01:00 [INF] Executing endpoint 'ValcharUtulek.Controllers.AdoptionsController.Index (ValcharUtulek)'
2025-12-13 20:14:47.028 +01:00 [INF] Route matched with {action = "Index", controller = "Adoptions"}. Executing controller action with signature System.Threading.Tasks.Task`1[Microsoft.AspNetCore.Mvc.IActionResult] Index() on controller ValcharUtulek.Controllers.AdoptionsController (ValcharUtulek).
2025-12-13 20:14:47.031 +01:00 [DBG] Execution plan of authorization filters (in the following order): ["None"]
2025-12-13 20:14:47.033 +01:00 [DBG] Execution plan of resource filters (in the following order): ["Microsoft.AspNetCore.Mvc.ViewFeatures.Filters.SaveTempDataFilter"]
2025-12-13 20:14:47.035 +01:00 [DBG] Execution plan of action filters (in the following order): ["Microsoft.AspNetCore.Mvc.Filters.ControllerActionFilter (Order: -2147483648)","Microsoft.AspNetCore.Mvc.ModelBinding.UnsupportedContentTypeFilter (Order: -3000)"]
2025-12-13 20:14:47.040 +01:00 [DBG] Execution plan of exception filters (in the following order): ["None"]
2025-12-13 20:14:47.042 +01:00 [DBG] Execution plan of result filters (in the following order): ["Microsoft.AspNetCore.Mvc.ViewFeatures.Filters.SaveTempDataFilter"]
2025-12-13 20:14:47.044 +01:00 [DBG] Executing controller factory for controller ValcharUtulek.Controllers.AdoptionsController (ValcharUtulek)
2025-12-13 20:14:47.054 +01:00 [DBG] Executed controller factory for controller ValcharUtulek.Controllers.AdoptionsController (ValcharUtulek)
2025-12-13 20:14:47.057 +01:00 [DBG] Entity Framework Core 9.0.10 initialized 'ShelterDbContext' using provider 'Pomelo.EntityFrameworkCore.MySql:9.0.0' with options: ParameterizedCollectionTranslationMode=Constantize ServerVersion=8.0.44-mysql 
2025-12-13 20:14:47.062 +01:00 [DBG] Creating DbConnection.
2025-12-13 20:14:47.063 +01:00 [DBG] Created DbConnection. (1ms).
2025-12-13 20:14:47.065 +01:00 [DBG] Opening connection to database 'shelter' on server '127.0.0.1'.
2025-12-13 20:14:47.067 +01:00 [DBG] Opened connection to database 'shelter' on server '127.0.0.1'.
2025-12-13 20:14:47.069 +01:00 [DBG] Creating DbCommand for 'ExecuteReader'.
2025-12-13 20:14:47.071 +01:00 [DBG] Created DbCommand for 'ExecuteReader' (1ms).
2025-12-13 20:14:47.073 +01:00 [DBG] Initialized DbCommand for 'ExecuteReader' (3ms).
2025-12-13 20:14:47.074 +01:00 [DBG] Executing DbCommand [Parameters=[], CommandType='"Text"', CommandTimeout='30']
SELECT `a`.`AnimalId`, `a`.`Age`, `a`.`Description`, `a`.`IsAvailable`, `a`.`Name`, `a`.`Photo`, `a`.`Species`
FROM `Animals` AS `a`
WHERE `a`.`IsAvailable`
2025-12-13 20:14:47.078 +01:00 [INF] Executed DbCommand (3ms) [Parameters=[], CommandType='"Text"', CommandTimeout='30']
SELECT `a`.`AnimalId`, `a`.`Age`, `a`.`Description`, `a`.`IsAvailable`, `a`.`Name`, `a`.`Photo`, `a`.`Species`
FROM `Animals` AS `a`
WHERE `a`.`IsAvailable`
2025-12-13 20:14:47.080 +01:00 [DBG] Closing data reader to 'shelter' on server '127.0.0.1'.
2025-12-13 20:14:47.083 +01:00 [DBG] A data reader for 'shelter' on server '127.0.0.1' is being disposed after spending 2ms reading results.
2025-12-13 20:14:47.085 +01:00 [DBG] Closing connection to database 'shelter' on server '127.0.0.1'.
2025-12-13 20:14:47.087 +01:00 [DBG] Closed connection to database 'shelter' on server '127.0.0.1' (1ms).
2025-12-13 20:14:47.089 +01:00 [DBG] View lookup cache hit for view 'Index' in controller 'Adoptions'.
2025-12-13 20:14:47.090 +01:00 [INF] Executing ViewResult, running view Index.
2025-12-13 20:14:47.092 +01:00 [DBG] The view path '/Views/Adoptions/Index.cshtml' was found in 2.932ms.
2025-12-13 20:14:47.094 +01:00 [DBG] Found the endpoints ["Route: {controller=Home}/{action=Index}/{id?}"] for address (action=[Create],controller=[Adoptions])
2025-12-13 20:14:47.095 +01:00 [DBG] Successfully processed template {controller=Home}/{action=Index}/{id?} for Route: {controller=Home}/{action=Index}/{id?} resulting in /Adoptions/Create and 
2025-12-13 20:14:47.098 +01:00 [DBG] Link generation succeeded for endpoints ["Route: {controller=Home}/{action=Index}/{id?}"] with result /Adoptions/Create
2025-12-13 20:14:47.103 +01:00 [DBG] View lookup cache hit for view '_Layout' in controller 'Adoptions'.
2025-12-13 20:14:47.106 +01:00 [DBG] Found the endpoints ["Route: {controller=Home}/{action=Index}/{id?}"] for address (action=[Logout],controller=[Account])
2025-12-13 20:14:47.108 +01:00 [DBG] Successfully processed template {controller=Home}/{action=Index}/{id?} for Route: {controller=Home}/{action=Index}/{id?} resulting in /Account/Logout and 
2025-12-13 20:14:47.110 +01:00 [DBG] Link generation succeeded for endpoints ["Route: {controller=Home}/{action=Index}/{id?}"] with result /Account/Logout
2025-12-13 20:14:47.113 +01:00 [DBG] An antiforgery cookie token was reused.
2025-12-13 20:14:47.115 +01:00 [DBG] Response markup is scheduled to include Browser Link script injection.
2025-12-13 20:14:47.116 +01:00 [DBG] Response markup is scheduled to include browser refresh script injection.
2025-12-13 20:14:47.118 +01:00 [INF] Executed ViewResult - view Index executed in 29.1835ms.
2025-12-13 20:14:47.120 +01:00 [INF] Executed action ValcharUtulek.Controllers.AdoptionsController.Index (ValcharUtulek) in 76.4454ms
2025-12-13 20:14:47.123 +01:00 [INF] Executed endpoint 'ValcharUtulek.Controllers.AdoptionsController.Index (ValcharUtulek)'
2025-12-13 20:14:47.124 +01:00 [DBG] Response markup was updated to include Browser Link script injection.
2025-12-13 20:14:47.125 +01:00 [DBG] Response markup was updated to include browser refresh script injection.
2025-12-13 20:14:47.126 +01:00 [DBG] 'ShelterDbContext' disposed.
2025-12-13 20:14:47.128 +01:00 [DBG] Disposing connection to database 'shelter' on server '127.0.0.1'.
2025-12-13 20:14:47.130 +01:00 [DBG] Disposed connection to database 'shelter' on server '127.0.0.1' (2ms).
2025-12-13 20:14:47.133 +01:00 [INF] Request finished HTTP/2 GET https://localhost:7079/Adoptions - 200 null text/html; charset=utf-8 121.1982ms
2025-12-13 20:14:47.174 +01:00 [INF] Request starting HTTP/2 GET https://localhost:7079/_vs/browserLink - null null
2025-12-13 20:14:47.175 +01:00 [INF] Request starting HTTP/2 GET https://localhost:7079/_framework/aspnetcore-browser-refresh.js - null null
2025-12-13 20:14:47.186 +01:00 [DBG] Script injected: /_framework/aspnetcore-browser-refresh.js
2025-12-13 20:14:47.194 +01:00 [INF] Request finished HTTP/2 GET https://localhost:7079/_framework/aspnetcore-browser-refresh.js - 200 16511 application/javascript; charset=utf-8 18.6451ms
2025-12-13 20:14:47.194 +01:00 [INF] Request finished HTTP/2 GET https://localhost:7079/_vs/browserLink - 200 null text/javascript; charset=UTF-8 20.1232ms
2025-12-13 20:14:49.220 +01:00 [INF] Request starting HTTP/2 POST https://localhost:7079/Account/Logout - application/x-www-form-urlencoded 225
2025-12-13 20:14:49.227 +01:00 [DBG] POST requests are not supported
2025-12-13 20:14:49.228 +01:00 [DBG] 1 candidate(s) found for the request path '/Account/Logout'
2025-12-13 20:14:49.230 +01:00 [DBG] Endpoint 'ValcharUtulek.Controllers.AccountController.Logout (ValcharUtulek)' with route pattern '{controller=Home}/{action=Index}/{id?}' is valid for the request path '/Account/Logout'
2025-12-13 20:14:49.232 +01:00 [DBG] Request matched endpoint 'ValcharUtulek.Controllers.AccountController.Logout (ValcharUtulek)'
2025-12-13 20:14:49.234 +01:00 [DBG] AuthenticationScheme: Cookies was successfully authenticated.
2025-12-13 20:14:49.236 +01:00 [INF] Executing endpoint 'ValcharUtulek.Controllers.AccountController.Logout (ValcharUtulek)'
2025-12-13 20:14:49.238 +01:00 [INF] Route matched with {action = "Logout", controller = "Account"}. Executing controller action with signature System.Threading.Tasks.Task`1[Microsoft.AspNetCore.Mvc.IActionResult] Logout() on controller ValcharUtulek.Controllers.AccountController (ValcharUtulek).
2025-12-13 20:14:49.240 +01:00 [DBG] Execution plan of authorization filters (in the following order): ["Microsoft.AspNetCore.Mvc.ViewFeatures.Filters.ValidateAntiforgeryTokenAuthorizationFilter"]
2025-12-13 20:14:49.242 +01:00 [DBG] Execution plan of resource filters (in the following order): ["Microsoft.AspNetCore.Mvc.ViewFeatures.Filters.SaveTempDataFilter"]
2025-12-13 20:14:49.244 +01:00 [DBG] Execution plan of action filters (in the following order): ["Microsoft.AspNetCore.Mvc.Filters.ControllerActionFilter (Order: -2147483648)","Microsoft.AspNetCore.Mvc.ModelBinding.UnsupportedContentTypeFilter (Order: -3000)"]
2025-12-13 20:14:49.247 +01:00 [DBG] Execution plan of exception filters (in the following order): ["None"]
2025-12-13 20:14:49.249 +01:00 [DBG] Execution plan of result filters (in the following order): ["Microsoft.AspNetCore.Mvc.ViewFeatures.Filters.SaveTempDataFilter"]
2025-12-13 20:14:49.251 +01:00 [DBG] Connection id "0HNHQFF67S7VB", Request id "0HNHQFF67S7VB:0000002F": started reading request body.
2025-12-13 20:14:49.253 +01:00 [DBG] Connection id "0HNHQFF67S7VB", Request id "0HNHQFF67S7VB:0000002F": done reading request body.
2025-12-13 20:14:49.254 +01:00 [DBG] Antiforgery successfully validated a request.
2025-12-13 20:14:49.256 +01:00 [DBG] Executing controller factory for controller ValcharUtulek.Controllers.AccountController (ValcharUtulek)
2025-12-13 20:14:49.265 +01:00 [DBG] Executed controller factory for controller ValcharUtulek.Controllers.AccountController (ValcharUtulek)
2025-12-13 20:14:49.267 +01:00 [INF] AuthenticationScheme: Cookies signed out.
2025-12-13 20:14:49.268 +01:00 [INF] User logged out.
2025-12-13 20:14:49.270 +01:00 [DBG] Found the endpoints ["Route: {controller=Home}/{action=Index}/{id?}"] for address (action=[Index],controller=[Home])
2025-12-13 20:14:49.272 +01:00 [DBG] Successfully processed template {controller=Home}/{action=Index}/{id?} for Route: {controller=Home}/{action=Index}/{id?} resulting in  and 
2025-12-13 20:14:49.274 +01:00 [DBG] Link generation succeeded for endpoints ["Route: {controller=Home}/{action=Index}/{id?}"] with result /
2025-12-13 20:14:49.276 +01:00 [INF] Executing RedirectResult, redirecting to /.
2025-12-13 20:14:49.277 +01:00 [INF] Executed action ValcharUtulek.Controllers.AccountController.Logout (ValcharUtulek) in 26.3878ms
2025-12-13 20:14:49.279 +01:00 [INF] Executed endpoint 'ValcharUtulek.Controllers.AccountController.Logout (ValcharUtulek)'
2025-12-13 20:14:49.280 +01:00 [INF] Request finished HTTP/2 POST https://localhost:7079/Account/Logout - 302 0 null 60.4507ms
2025-12-13 20:14:49.288 +01:00 [INF] Request starting HTTP/2 GET https://localhost:7079/ - null null
2025-12-13 20:14:49.293 +01:00 [DBG] The request path / does not match a supported file type
2025-12-13 20:14:49.295 +01:00 [DBG] 1 candidate(s) found for the request path '/'
2025-12-13 20:14:49.297 +01:00 [DBG] Endpoint 'ValcharUtulek.Controllers.HomeController.Index (ValcharUtulek)' with route pattern '{controller=Home}/{action=Index}/{id?}' is valid for the request path '/'
2025-12-13 20:14:49.299 +01:00 [DBG] Request matched endpoint 'ValcharUtulek.Controllers.HomeController.Index (ValcharUtulek)'
2025-12-13 20:14:49.301 +01:00 [DBG] AuthenticationScheme: Cookies was not authenticated.
2025-12-13 20:14:49.303 +01:00 [INF] Executing endpoint 'ValcharUtulek.Controllers.HomeController.Index (ValcharUtulek)'
2025-12-13 20:14:49.304 +01:00 [INF] Route matched with {action = "Index", controller = "Home"}. Executing controller action with signature Microsoft.AspNetCore.Mvc.IActionResult Index() on controller ValcharUtulek.Controllers.HomeController (ValcharUtulek).
2025-12-13 20:14:49.307 +01:00 [DBG] Execution plan of authorization filters (in the following order): ["None"]
2025-12-13 20:14:49.309 +01:00 [DBG] Execution plan of resource filters (in the following order): ["Microsoft.AspNetCore.Mvc.ViewFeatures.Filters.SaveTempDataFilter"]
2025-12-13 20:14:49.311 +01:00 [DBG] Execution plan of action filters (in the following order): ["Microsoft.AspNetCore.Mvc.Filters.ControllerActionFilter (Order: -2147483648)","Microsoft.AspNetCore.Mvc.ModelBinding.UnsupportedContentTypeFilter (Order: -3000)"]
2025-12-13 20:14:49.313 +01:00 [DBG] Execution plan of exception filters (in the following order): ["None"]
2025-12-13 20:14:49.315 +01:00 [DBG] Execution plan of result filters (in the following order): ["Microsoft.AspNetCore.Mvc.ViewFeatures.Filters.SaveTempDataFilter"]
2025-12-13 20:14:49.317 +01:00 [DBG] Executing controller factory for controller ValcharUtulek.Controllers.HomeController (ValcharUtulek)
2025-12-13 20:14:49.319 +01:00 [DBG] Executed controller factory for controller ValcharUtulek.Controllers.HomeController (ValcharUtulek)
2025-12-13 20:14:49.321 +01:00 [DBG] View lookup cache hit for view 'Index' in controller 'Home'.
2025-12-13 20:14:49.322 +01:00 [INF] Executing ViewResult, running view Index.
2025-12-13 20:14:49.324 +01:00 [DBG] The view path '/Views/Home/Index.cshtml' was found in 2.6298ms.
2025-12-13 20:14:49.326 +01:00 [DBG] View lookup cache hit for view '_Layout' in controller 'Home'.
2025-12-13 20:14:49.327 +01:00 [DBG] Response markup is scheduled to include Browser Link script injection.
2025-12-13 20:14:49.328 +01:00 [DBG] Response markup is scheduled to include browser refresh script injection.
2025-12-13 20:14:49.329 +01:00 [INF] Executed ViewResult - view Index executed in 8.5457ms.
2025-12-13 20:14:49.331 +01:00 [INF] Executed action ValcharUtulek.Controllers.HomeController.Index (ValcharUtulek) in 13.9316ms
2025-12-13 20:14:49.333 +01:00 [INF] Executed endpoint 'ValcharUtulek.Controllers.HomeController.Index (ValcharUtulek)'
2025-12-13 20:14:49.334 +01:00 [DBG] Response markup was updated to include Browser Link script injection.
2025-12-13 20:14:49.335 +01:00 [DBG] Response markup was updated to include browser refresh script injection.
2025-12-13 20:14:49.337 +01:00 [INF] Request finished HTTP/2 GET https://localhost:7079/ - 200 null text/html; charset=utf-8 48.6424ms
2025-12-13 20:14:49.381 +01:00 [INF] Request starting HTTP/2 GET https://localhost:7079/_vs/browserLink - null null
2025-12-13 20:14:49.382 +01:00 [INF] Request starting HTTP/2 GET https://localhost:7079/_framework/aspnetcore-browser-refresh.js - null null
2025-12-13 20:14:49.389 +01:00 [DBG] Script injected: /_framework/aspnetcore-browser-refresh.js
2025-12-13 20:14:49.390 +01:00 [INF] Request finished HTTP/2 GET https://localhost:7079/_vs/browserLink - 200 null text/javascript; charset=UTF-8 9.2995ms
2025-12-13 20:14:49.390 +01:00 [INF] Request finished HTTP/2 GET https://localhost:7079/_framework/aspnetcore-browser-refresh.js - 200 16511 application/javascript; charset=utf-8 8.7907ms
2025-12-13 20:14:50.163 +01:00 [INF] Request starting HTTP/2 GET https://localhost:7079/Account/Login - null null
2025-12-13 20:14:50.170 +01:00 [DBG] The request path /Account/Login does not match a supported file type
2025-12-13 20:14:50.172 +01:00 [DBG] 1 candidate(s) found for the request path '/Account/Login'
2025-12-13 20:14:50.174 +01:00 [DBG] Endpoint 'ValcharUtulek.Controllers.AccountController.Login (ValcharUtulek)' with route pattern '{controller=Home}/{action=Index}/{id?}' is valid for the request path '/Account/Login'
2025-12-13 20:14:50.176 +01:00 [DBG] Request matched endpoint 'ValcharUtulek.Controllers.AccountController.Login (ValcharUtulek)'
2025-12-13 20:14:50.178 +01:00 [DBG] AuthenticationScheme: Cookies was not authenticated.
2025-12-13 20:14:50.181 +01:00 [INF] Executing endpoint 'ValcharUtulek.Controllers.AccountController.Login (ValcharUtulek)'
2025-12-13 20:14:50.183 +01:00 [INF] Route matched with {action = "Login", controller = "Account"}. Executing controller action with signature Microsoft.AspNetCore.Mvc.IActionResult Login(System.String) on controller ValcharUtulek.Controllers.AccountController (ValcharUtulek).
2025-12-13 20:14:50.185 +01:00 [DBG] Execution plan of authorization filters (in the following order): ["None"]
2025-12-13 20:14:50.187 +01:00 [DBG] Execution plan of resource filters (in the following order): ["Microsoft.AspNetCore.Mvc.ViewFeatures.Filters.SaveTempDataFilter"]
2025-12-13 20:14:50.189 +01:00 [DBG] Execution plan of action filters (in the following order): ["Microsoft.AspNetCore.Mvc.Filters.ControllerActionFilter (Order: -2147483648)","Microsoft.AspNetCore.Mvc.ModelBinding.UnsupportedContentTypeFilter (Order: -3000)"]
2025-12-13 20:14:50.192 +01:00 [DBG] Execution plan of exception filters (in the following order): ["None"]
2025-12-13 20:14:50.195 +01:00 [DBG] Execution plan of result filters (in the following order): ["Microsoft.AspNetCore.Mvc.ViewFeatures.Filters.SaveTempDataFilter"]
2025-12-13 20:14:50.198 +01:00 [DBG] Executing controller factory for controller ValcharUtulek.Controllers.AccountController (ValcharUtulek)
2025-12-13 20:14:50.208 +01:00 [DBG] Executed controller factory for controller ValcharUtulek.Controllers.AccountController (ValcharUtulek)
2025-12-13 20:14:50.210 +01:00 [DBG] Attempting to bind parameter 'returnUrl' of type 'System.String' ...
2025-12-13 20:14:50.212 +01:00 [DBG] Attempting to bind parameter 'returnUrl' of type 'System.String' using the name '' in request data ...
2025-12-13 20:14:50.214 +01:00 [DBG] Could not find a value in the request with name '' for binding parameter 'returnUrl' of type 'System.String'.
2025-12-13 20:14:50.216 +01:00 [DBG] Done attempting to bind parameter 'returnUrl' of type 'System.String'.
2025-12-13 20:14:50.218 +01:00 [DBG] Done attempting to bind parameter 'returnUrl' of type 'System.String'.
2025-12-13 20:14:50.220 +01:00 [DBG] Attempting to validate the bound parameter 'returnUrl' of type 'System.String' ...
2025-12-13 20:14:50.222 +01:00 [DBG] Done attempting to validate the bound parameter 'returnUrl' of type 'System.String'.
2025-12-13 20:14:50.223 +01:00 [DBG] View lookup cache hit for view 'Login' in controller 'Account'.
2025-12-13 20:14:50.225 +01:00 [INF] Executing ViewResult, running view Login.
2025-12-13 20:14:50.227 +01:00 [DBG] The view path '/Views/Account/Login.cshtml' was found in 3.1037ms.
2025-12-13 20:14:50.229 +01:00 [DBG] Found the endpoints ["Route: {controller=Home}/{action=Index}/{id?}"] for address (returnurl=[],action=[Login],controller=[Account])
2025-12-13 20:14:50.231 +01:00 [DBG] Successfully processed template {controller=Home}/{action=Index}/{id?} for Route: {controller=Home}/{action=Index}/{id?} resulting in /Account/Login and 
2025-12-13 20:14:50.233 +01:00 [DBG] Link generation succeeded for endpoints ["Route: {controller=Home}/{action=Index}/{id?}"] with result /Account/Login
2025-12-13 20:14:50.235 +01:00 [DBG] An antiforgery cookie token was reused.
2025-12-13 20:14:50.238 +01:00 [DBG] Found the endpoints ["Route: {controller=Home}/{action=Index}/{id?}"] for address (action=[Register],controller=[Account])
2025-12-13 20:14:50.240 +01:00 [DBG] Successfully processed template {controller=Home}/{action=Index}/{id?} for Route: {controller=Home}/{action=Index}/{id?} resulting in /Account/Register and 
2025-12-13 20:14:50.242 +01:00 [DBG] Link generation succeeded for endpoints ["Route: {controller=Home}/{action=Index}/{id?}"] with result /Account/Register
2025-12-13 20:14:50.243 +01:00 [DBG] View lookup cache hit for view '_Layout' in controller 'Account'.
2025-12-13 20:14:50.246 +01:00 [DBG] View lookup cache hit for view '_ValidationScriptsPartial' in controller 'Account'.
2025-12-13 20:14:50.248 +01:00 [DBG] Response markup is scheduled to include Browser Link script injection.
2025-12-13 20:14:50.249 +01:00 [DBG] Response markup is scheduled to include browser refresh script injection.
2025-12-13 20:14:50.250 +01:00 [INF] Executed ViewResult - view Login executed in 26.8716ms.
2025-12-13 20:14:50.252 +01:00 [INF] Executed action ValcharUtulek.Controllers.AccountController.Login (ValcharUtulek) in 54.78ms
2025-12-13 20:14:50.254 +01:00 [INF] Executed endpoint 'ValcharUtulek.Controllers.AccountController.Login (ValcharUtulek)'
2025-12-13 20:14:50.255 +01:00 [DBG] Response markup was updated to include Browser Link script injection.
2025-12-13 20:14:50.256 +01:00 [DBG] Response markup was updated to include browser refresh script injection.
2025-12-13 20:14:50.258 +01:00 [INF] Request finished HTTP/2 GET https://localhost:7079/Account/Login - 200 null text/html; charset=utf-8 94.9152ms
2025-12-13 20:14:50.300 +01:00 [INF] Request starting HTTP/2 GET https://localhost:7079/_framework/aspnetcore-browser-refresh.js - null null
2025-12-13 20:14:50.300 +01:00 [INF] Request starting HTTP/2 GET https://localhost:7079/_vs/browserLink - null null
2025-12-13 20:14:50.304 +01:00 [DBG] Script injected: /_framework/aspnetcore-browser-refresh.js
2025-12-13 20:14:50.309 +01:00 [INF] Request finished HTTP/2 GET https://localhost:7079/_framework/aspnetcore-browser-refresh.js - 200 16511 application/javascript; charset=utf-8 8.7013ms
2025-12-13 20:14:50.317 +01:00 [INF] Request finished HTTP/2 GET https://localhost:7079/_vs/browserLink - 200 null text/javascript; charset=UTF-8 17.4056ms
2025-12-13 20:15:02.188 +01:00 [INF] Request starting HTTP/2 POST https://localhost:7079/Account/Login - application/x-www-form-urlencoded 208
2025-12-13 20:15:02.195 +01:00 [DBG] POST requests are not supported
2025-12-13 20:15:02.197 +01:00 [DBG] 1 candidate(s) found for the request path '/Account/Login'
2025-12-13 20:15:02.198 +01:00 [DBG] Endpoint 'ValcharUtulek.Controllers.AccountController.Login (ValcharUtulek)' with route pattern '{controller=Home}/{action=Index}/{id?}' is valid for the request path '/Account/Login'
2025-12-13 20:15:02.200 +01:00 [DBG] Request matched endpoint 'ValcharUtulek.Controllers.AccountController.Login (ValcharUtulek)'
2025-12-13 20:15:02.202 +01:00 [DBG] AuthenticationScheme: Cookies was not authenticated.
2025-12-13 20:15:02.203 +01:00 [INF] Executing endpoint 'ValcharUtulek.Controllers.AccountController.Login (ValcharUtulek)'
2025-12-13 20:15:02.204 +01:00 [INF] Route matched with {action = "Login", controller = "Account"}. Executing controller action with signature System.Threading.Tasks.Task`1[Microsoft.AspNetCore.Mvc.IActionResult] Login(ValcharUtulek.Models.LoginViewModel, System.String) on controller ValcharUtulek.Controllers.AccountController (ValcharUtulek).
2025-12-13 20:15:02.206 +01:00 [DBG] Execution plan of authorization filters (in the following order): ["Microsoft.AspNetCore.Mvc.ViewFeatures.Filters.ValidateAntiforgeryTokenAuthorizationFilter"]
2025-12-13 20:15:02.208 +01:00 [DBG] Execution plan of resource filters (in the following order): ["Microsoft.AspNetCore.Mvc.ViewFeatures.Filters.SaveTempDataFilter"]
2025-12-13 20:15:02.210 +01:00 [DBG] Execution plan of action filters (in the following order): ["Microsoft.AspNetCore.Mvc.Filters.ControllerActionFilter (Order: -2147483648)","Microsoft.AspNetCore.Mvc.ModelBinding.UnsupportedContentTypeFilter (Order: -3000)"]
2025-12-13 20:15:02.212 +01:00 [DBG] Execution plan of exception filters (in the following order): ["None"]
2025-12-13 20:15:02.214 +01:00 [DBG] Execution plan of result filters (in the following order): ["Microsoft.AspNetCore.Mvc.ViewFeatures.Filters.SaveTempDataFilter"]
2025-12-13 20:15:02.216 +01:00 [DBG] Connection id "0HNHQFF67S7VB", Request id "0HNHQFF67S7VB:0000003D": started reading request body.
2025-12-13 20:15:02.217 +01:00 [DBG] Connection id "0HNHQFF67S7VB", Request id "0HNHQFF67S7VB:0000003D": done reading request body.
2025-12-13 20:15:02.219 +01:00 [DBG] Antiforgery successfully validated a request.
2025-12-13 20:15:02.220 +01:00 [DBG] Executing controller factory for controller ValcharUtulek.Controllers.AccountController (ValcharUtulek)
2025-12-13 20:15:02.232 +01:00 [DBG] Executed controller factory for controller ValcharUtulek.Controllers.AccountController (ValcharUtulek)
2025-12-13 20:15:02.234 +01:00 [DBG] Attempting to bind parameter 'model' of type 'ValcharUtulek.Models.LoginViewModel' ...
2025-12-13 20:15:02.236 +01:00 [DBG] Attempting to bind parameter 'model' of type 'ValcharUtulek.Models.LoginViewModel' using the name '' in request data ...
2025-12-13 20:15:02.238 +01:00 [DBG] Attempting to bind property 'ValcharUtulek.Models.LoginViewModel.Name' of type 'System.String' using the name 'Name' in request data ...
2025-12-13 20:15:02.241 +01:00 [DBG] Done attempting to bind property 'ValcharUtulek.Models.LoginViewModel.Name' of type 'System.String'.
2025-12-13 20:15:02.243 +01:00 [DBG] Attempting to bind property 'ValcharUtulek.Models.LoginViewModel.Password' of type 'System.String' using the name 'Password' in request data ...
2025-12-13 20:15:02.246 +01:00 [DBG] Done attempting to bind property 'ValcharUtulek.Models.LoginViewModel.Password' of type 'System.String'.
2025-12-13 20:15:02.248 +01:00 [DBG] Done attempting to bind parameter 'model' of type 'ValcharUtulek.Models.LoginViewModel'.
2025-12-13 20:15:02.249 +01:00 [DBG] Done attempting to bind parameter 'model' of type 'ValcharUtulek.Models.LoginViewModel'.
2025-12-13 20:15:02.250 +01:00 [DBG] Attempting to validate the bound parameter 'model' of type 'ValcharUtulek.Models.LoginViewModel' ...
2025-12-13 20:15:02.252 +01:00 [DBG] Done attempting to validate the bound parameter 'model' of type 'ValcharUtulek.Models.LoginViewModel'.
2025-12-13 20:15:02.254 +01:00 [DBG] Attempting to bind parameter 'returnUrl' of type 'System.String' ...
2025-12-13 20:15:02.256 +01:00 [DBG] Attempting to bind parameter 'returnUrl' of type 'System.String' using the name '' in request data ...
2025-12-13 20:15:02.257 +01:00 [DBG] Could not find a value in the request with name '' for binding parameter 'returnUrl' of type 'System.String'.
2025-12-13 20:15:02.259 +01:00 [DBG] Done attempting to bind parameter 'returnUrl' of type 'System.String'.
2025-12-13 20:15:02.260 +01:00 [DBG] Done attempting to bind parameter 'returnUrl' of type 'System.String'.
2025-12-13 20:15:02.262 +01:00 [DBG] Attempting to validate the bound parameter 'returnUrl' of type 'System.String' ...
2025-12-13 20:15:02.263 +01:00 [DBG] Done attempting to validate the bound parameter 'returnUrl' of type 'System.String'.
2025-12-13 20:15:02.265 +01:00 [DBG] Entity Framework Core 9.0.10 initialized 'ShelterDbContext' using provider 'Pomelo.EntityFrameworkCore.MySql:9.0.0' with options: ParameterizedCollectionTranslationMode=Constantize ServerVersion=8.0.44-mysql 
2025-12-13 20:15:02.268 +01:00 [DBG] Creating DbConnection.
2025-12-13 20:15:02.269 +01:00 [DBG] Created DbConnection. (1ms).
2025-12-13 20:15:02.270 +01:00 [DBG] Opening connection to database 'shelter' on server '127.0.0.1'.
2025-12-13 20:15:02.272 +01:00 [DBG] Opened connection to database 'shelter' on server '127.0.0.1'.
2025-12-13 20:15:02.274 +01:00 [DBG] Creating DbCommand for 'ExecuteReader'.
2025-12-13 20:15:02.275 +01:00 [DBG] Created DbCommand for 'ExecuteReader' (1ms).
2025-12-13 20:15:02.277 +01:00 [DBG] Initialized DbCommand for 'ExecuteReader' (3ms).
2025-12-13 20:15:02.279 +01:00 [DBG] Executing DbCommand [Parameters=[@__model_Name_0='?' (Size = 4000)], CommandType='"Text"', CommandTimeout='30']
SELECT `u`.`UserId`, `u`.`Email`, `u`.`Name`, `u`.`password_hash`, `u`.`RegistrationDate`, `u`.`Role`
FROM `Users` AS `u`
WHERE `u`.`Name` = @__model_Name_0
LIMIT 1
2025-12-13 20:15:02.282 +01:00 [INF] Executed DbCommand (4ms) [Parameters=[@__model_Name_0='?' (Size = 4000)], CommandType='"Text"', CommandTimeout='30']
SELECT `u`.`UserId`, `u`.`Email`, `u`.`Name`, `u`.`password_hash`, `u`.`RegistrationDate`, `u`.`Role`
FROM `Users` AS `u`
WHERE `u`.`Name` = @__model_Name_0
LIMIT 1
2025-12-13 20:15:02.286 +01:00 [DBG] Context 'ShelterDbContext' started tracking 'User' entity. Consider using 'DbContextOptionsBuilder.EnableSensitiveDataLogging' to see key values.
2025-12-13 20:15:02.288 +01:00 [DBG] Closing data reader to 'shelter' on server '127.0.0.1'.
2025-12-13 20:15:02.289 +01:00 [DBG] A data reader for 'shelter' on server '127.0.0.1' is being disposed after spending 4ms reading results.
2025-12-13 20:15:02.291 +01:00 [DBG] Closing connection to database 'shelter' on server '127.0.0.1'.
2025-12-13 20:15:02.293 +01:00 [DBG] Closed connection to database 'shelter' on server '127.0.0.1' (1ms).
2025-12-13 20:15:02.305 +01:00 [INF] AuthenticationScheme: Cookies signed in.
2025-12-13 20:15:02.307 +01:00 [INF] Uživatel adam se úspěšně přihlásil.
2025-12-13 20:15:02.308 +01:00 [DBG] Found the endpoints ["Route: {controller=Home}/{action=Index}/{id?}"] for address (action=[Index],controller=[Home])
2025-12-13 20:15:02.310 +01:00 [DBG] Successfully processed template {controller=Home}/{action=Index}/{id?} for Route: {controller=Home}/{action=Index}/{id?} resulting in  and 
2025-12-13 20:15:02.312 +01:00 [DBG] Link generation succeeded for endpoints ["Route: {controller=Home}/{action=Index}/{id?}"] with result /
2025-12-13 20:15:02.313 +01:00 [INF] Executing RedirectResult, redirecting to /.
2025-12-13 20:15:02.315 +01:00 [INF] Executed action ValcharUtulek.Controllers.AccountController.Login (ValcharUtulek) in 99.6146ms
2025-12-13 20:15:02.317 +01:00 [INF] Executed endpoint 'ValcharUtulek.Controllers.AccountController.Login (ValcharUtulek)'
2025-12-13 20:15:02.318 +01:00 [DBG] 'ShelterDbContext' disposed.
2025-12-13 20:15:02.320 +01:00 [DBG] Disposing connection to database 'shelter' on server '127.0.0.1'.
2025-12-13 20:15:02.321 +01:00 [DBG] Disposed connection to database 'shelter' on server '127.0.0.1' (1ms).
2025-12-13 20:15:02.323 +01:00 [INF] Request finished HTTP/2 POST https://localhost:7079/Account/Login - 302 0 null 135.1432ms
2025-12-13 20:15:02.325 +01:00 [INF] Request starting HTTP/2 GET https://localhost:7079/ - null null
2025-12-13 20:15:02.331 +01:00 [DBG] The request path / does not match a supported file type
2025-12-13 20:15:02.332 +01:00 [DBG] 1 candidate(s) found for the request path '/'
2025-12-13 20:15:02.334 +01:00 [DBG] Endpoint 'ValcharUtulek.Controllers.HomeController.Index (ValcharUtulek)' with route pattern '{controller=Home}/{action=Index}/{id?}' is valid for the request path '/'
2025-12-13 20:15:02.336 +01:00 [DBG] Request matched endpoint 'ValcharUtulek.Controllers.HomeController.Index (ValcharUtulek)'
2025-12-13 20:15:02.337 +01:00 [DBG] AuthenticationScheme: Cookies was successfully authenticated.
2025-12-13 20:15:02.338 +01:00 [INF] Executing endpoint 'ValcharUtulek.Controllers.HomeController.Index (ValcharUtulek)'
2025-12-13 20:15:02.340 +01:00 [INF] Route matched with {action = "Index", controller = "Home"}. Executing controller action with signature Microsoft.AspNetCore.Mvc.IActionResult Index() on controller ValcharUtulek.Controllers.HomeController (ValcharUtulek).
2025-12-13 20:15:02.342 +01:00 [DBG] Execution plan of authorization filters (in the following order): ["None"]
2025-12-13 20:15:02.344 +01:00 [DBG] Execution plan of resource filters (in the following order): ["Microsoft.AspNetCore.Mvc.ViewFeatures.Filters.SaveTempDataFilter"]
2025-12-13 20:15:02.346 +01:00 [DBG] Execution plan of action filters (in the following order): ["Microsoft.AspNetCore.Mvc.Filters.ControllerActionFilter (Order: -2147483648)","Microsoft.AspNetCore.Mvc.ModelBinding.UnsupportedContentTypeFilter (Order: -3000)"]
2025-12-13 20:15:02.348 +01:00 [DBG] Execution plan of exception filters (in the following order): ["None"]
2025-12-13 20:15:02.350 +01:00 [DBG] Execution plan of result filters (in the following order): ["Microsoft.AspNetCore.Mvc.ViewFeatures.Filters.SaveTempDataFilter"]
2025-12-13 20:15:02.352 +01:00 [DBG] Executing controller factory for controller ValcharUtulek.Controllers.HomeController (ValcharUtulek)
2025-12-13 20:15:02.353 +01:00 [DBG] Executed controller factory for controller ValcharUtulek.Controllers.HomeController (ValcharUtulek)
2025-12-13 20:15:02.355 +01:00 [DBG] View lookup cache hit for view 'Index' in controller 'Home'.
2025-12-13 20:15:02.356 +01:00 [INF] Executing ViewResult, running view Index.
2025-12-13 20:15:02.357 +01:00 [DBG] The view path '/Views/Home/Index.cshtml' was found in 2.6567ms.
2025-12-13 20:15:02.359 +01:00 [DBG] View lookup cache hit for view '_Layout' in controller 'Home'.
2025-12-13 20:15:02.361 +01:00 [DBG] Found the endpoints ["Route: {controller=Home}/{action=Index}/{id?}"] for address (action=[Logout],controller=[Account])
2025-12-13 20:15:02.363 +01:00 [DBG] Successfully processed template {controller=Home}/{action=Index}/{id?} for Route: {controller=Home}/{action=Index}/{id?} resulting in /Account/Logout and 
2025-12-13 20:15:02.365 +01:00 [DBG] Link generation succeeded for endpoints ["Route: {controller=Home}/{action=Index}/{id?}"] with result /Account/Logout
2025-12-13 20:15:02.367 +01:00 [DBG] An antiforgery cookie token was reused.
2025-12-13 20:15:02.368 +01:00 [DBG] Response markup is scheduled to include Browser Link script injection.
2025-12-13 20:15:02.369 +01:00 [DBG] Response markup is scheduled to include browser refresh script injection.
2025-12-13 20:15:02.370 +01:00 [INF] Executed ViewResult - view Index executed in 15.811ms.
2025-12-13 20:15:02.372 +01:00 [INF] Executed action ValcharUtulek.Controllers.HomeController.Index (ValcharUtulek) in 20.382ms
2025-12-13 20:15:02.374 +01:00 [INF] Executed endpoint 'ValcharUtulek.Controllers.HomeController.Index (ValcharUtulek)'
2025-12-13 20:15:02.375 +01:00 [DBG] Response markup was updated to include Browser Link script injection.
2025-12-13 20:15:02.376 +01:00 [DBG] Response markup was updated to include browser refresh script injection.
2025-12-13 20:15:02.378 +01:00 [INF] Request finished HTTP/2 GET https://localhost:7079/ - 200 null text/html; charset=utf-8 53.0541ms
2025-12-13 20:15:02.430 +01:00 [INF] Request starting HTTP/2 GET https://localhost:7079/_vs/browserLink - null null
2025-12-13 20:15:02.430 +01:00 [INF] Request starting HTTP/2 GET https://localhost:7079/_framework/aspnetcore-browser-refresh.js - null null
2025-12-13 20:15:02.437 +01:00 [DBG] Script injected: /_framework/aspnetcore-browser-refresh.js
2025-12-13 20:15:02.438 +01:00 [INF] Request finished HTTP/2 GET https://localhost:7079/_vs/browserLink - 200 null text/javascript; charset=UTF-8 8.2451ms
2025-12-13 20:15:02.439 +01:00 [INF] Request finished HTTP/2 GET https://localhost:7079/_framework/aspnetcore-browser-refresh.js - 200 16511 application/javascript; charset=utf-8 8.8936ms
2025-12-13 20:15:03.620 +01:00 [INF] Request starting HTTP/2 GET https://localhost:7079/Adoptions - null null
2025-12-13 20:15:03.625 +01:00 [DBG] The request path /Adoptions does not match a supported file type
2025-12-13 20:15:03.627 +01:00 [DBG] 1 candidate(s) found for the request path '/Adoptions'
2025-12-13 20:15:03.628 +01:00 [DBG] Endpoint 'ValcharUtulek.Controllers.AdoptionsController.Index (ValcharUtulek)' with route pattern '{controller=Home}/{action=Index}/{id?}' is valid for the request path '/Adoptions'
2025-12-13 20:15:03.630 +01:00 [DBG] Request matched endpoint 'ValcharUtulek.Controllers.AdoptionsController.Index (ValcharUtulek)'
2025-12-13 20:15:03.632 +01:00 [DBG] AuthenticationScheme: Cookies was successfully authenticated.
2025-12-13 20:15:03.633 +01:00 [INF] Executing endpoint 'ValcharUtulek.Controllers.AdoptionsController.Index (ValcharUtulek)'
2025-12-13 20:15:03.635 +01:00 [INF] Route matched with {action = "Index", controller = "Adoptions"}. Executing controller action with signature System.Threading.Tasks.Task`1[Microsoft.AspNetCore.Mvc.IActionResult] Index() on controller ValcharUtulek.Controllers.AdoptionsController (ValcharUtulek).
2025-12-13 20:15:03.638 +01:00 [DBG] Execution plan of authorization filters (in the following order): ["None"]
2025-12-13 20:15:03.639 +01:00 [DBG] Execution plan of resource filters (in the following order): ["Microsoft.AspNetCore.Mvc.ViewFeatures.Filters.SaveTempDataFilter"]
2025-12-13 20:15:03.641 +01:00 [DBG] Execution plan of action filters (in the following order): ["Microsoft.AspNetCore.Mvc.Filters.ControllerActionFilter (Order: -2147483648)","Microsoft.AspNetCore.Mvc.ModelBinding.UnsupportedContentTypeFilter (Order: -3000)"]
2025-12-13 20:15:03.643 +01:00 [DBG] Execution plan of exception filters (in the following order): ["None"]
2025-12-13 20:15:03.645 +01:00 [DBG] Execution plan of result filters (in the following order): ["Microsoft.AspNetCore.Mvc.ViewFeatures.Filters.SaveTempDataFilter"]
2025-12-13 20:15:03.647 +01:00 [DBG] Executing controller factory for controller ValcharUtulek.Controllers.AdoptionsController (ValcharUtulek)
2025-12-13 20:15:03.657 +01:00 [DBG] Executed controller factory for controller ValcharUtulek.Controllers.AdoptionsController (ValcharUtulek)
2025-12-13 20:15:03.660 +01:00 [DBG] Entity Framework Core 9.0.10 initialized 'ShelterDbContext' using provider 'Pomelo.EntityFrameworkCore.MySql:9.0.0' with options: ParameterizedCollectionTranslationMode=Constantize ServerVersion=8.0.44-mysql 
2025-12-13 20:15:03.663 +01:00 [DBG] Creating DbConnection.
2025-12-13 20:15:03.664 +01:00 [DBG] Created DbConnection. (1ms).
2025-12-13 20:15:03.665 +01:00 [DBG] Opening connection to database 'shelter' on server '127.0.0.1'.
2025-12-13 20:15:03.667 +01:00 [DBG] Opened connection to database 'shelter' on server '127.0.0.1'.
2025-12-13 20:15:03.669 +01:00 [DBG] Creating DbCommand for 'ExecuteReader'.
2025-12-13 20:15:03.671 +01:00 [DBG] Created DbCommand for 'ExecuteReader' (1ms).
2025-12-13 20:15:03.673 +01:00 [DBG] Initialized DbCommand for 'ExecuteReader' (3ms).
2025-12-13 20:15:03.674 +01:00 [DBG] Executing DbCommand [Parameters=[], CommandType='"Text"', CommandTimeout='30']
SELECT `a`.`AnimalId`, `a`.`Age`, `a`.`Description`, `a`.`IsAvailable`, `a`.`Name`, `a`.`Photo`, `a`.`Species`
FROM `Animals` AS `a`
WHERE `a`.`IsAvailable`
2025-12-13 20:15:03.677 +01:00 [INF] Executed DbCommand (3ms) [Parameters=[], CommandType='"Text"', CommandTimeout='30']
SELECT `a`.`AnimalId`, `a`.`Age`, `a`.`Description`, `a`.`IsAvailable`, `a`.`Name`, `a`.`Photo`, `a`.`Species`
FROM `Animals` AS `a`
WHERE `a`.`IsAvailable`
2025-12-13 20:15:03.680 +01:00 [DBG] Closing data reader to 'shelter' on server '127.0.0.1'.
2025-12-13 20:15:03.682 +01:00 [DBG] A data reader for 'shelter' on server '127.0.0.1' is being disposed after spending 1ms reading results.
2025-12-13 20:15:03.684 +01:00 [DBG] Closing connection to database 'shelter' on server '127.0.0.1'.
2025-12-13 20:15:03.687 +01:00 [DBG] Closed connection to database 'shelter' on server '127.0.0.1' (3ms).
2025-12-13 20:15:03.690 +01:00 [DBG] View lookup cache hit for view 'Index' in controller 'Adoptions'.
2025-12-13 20:15:03.692 +01:00 [INF] Executing ViewResult, running view Index.
2025-12-13 20:15:03.694 +01:00 [DBG] The view path '/Views/Adoptions/Index.cshtml' was found in 3.6722ms.
2025-12-13 20:15:03.696 +01:00 [DBG] View lookup cache hit for view '_Layout' in controller 'Adoptions'.
2025-12-13 20:15:03.698 +01:00 [DBG] Found the endpoints ["Route: {controller=Home}/{action=Index}/{id?}"] for address (action=[Logout],controller=[Account])
2025-12-13 20:15:03.700 +01:00 [DBG] Successfully processed template {controller=Home}/{action=Index}/{id?} for Route: {controller=Home}/{action=Index}/{id?} resulting in /Account/Logout and 
2025-12-13 20:15:03.702 +01:00 [DBG] Link generation succeeded for endpoints ["Route: {controller=Home}/{action=Index}/{id?}"] with result /Account/Logout
2025-12-13 20:15:03.705 +01:00 [DBG] An antiforgery cookie token was reused.
2025-12-13 20:15:03.706 +01:00 [DBG] Response markup is scheduled to include Browser Link script injection.
2025-12-13 20:15:03.707 +01:00 [DBG] Response markup is scheduled to include browser refresh script injection.
2025-12-13 20:15:03.708 +01:00 [INF] Executed ViewResult - view Index executed in 18.2551ms.
2025-12-13 20:15:03.711 +01:00 [INF] Executed action ValcharUtulek.Controllers.AdoptionsController.Index (ValcharUtulek) in 63.2907ms
2025-12-13 20:15:03.713 +01:00 [INF] Executed endpoint 'ValcharUtulek.Controllers.AdoptionsController.Index (ValcharUtulek)'
2025-12-13 20:15:03.715 +01:00 [DBG] Response markup was updated to include Browser Link script injection.
2025-12-13 20:15:03.719 +01:00 [DBG] Response markup was updated to include browser refresh script injection.
2025-12-13 20:15:03.720 +01:00 [DBG] 'ShelterDbContext' disposed.
2025-12-13 20:15:03.722 +01:00 [DBG] Disposing connection to database 'shelter' on server '127.0.0.1'.
2025-12-13 20:15:03.723 +01:00 [DBG] Disposed connection to database 'shelter' on server '127.0.0.1' (1ms).
2025-12-13 20:15:03.726 +01:00 [INF] Request finished HTTP/2 GET https://localhost:7079/Adoptions - 200 null text/html; charset=utf-8 105.6635ms
2025-12-13 20:15:03.763 +01:00 [INF] Request starting HTTP/2 GET https://localhost:7079/_vs/browserLink - null null
2025-12-13 20:15:03.764 +01:00 [INF] Request starting HTTP/2 GET https://localhost:7079/_framework/aspnetcore-browser-refresh.js - null null
2025-12-13 20:15:03.771 +01:00 [DBG] Script injected: /_framework/aspnetcore-browser-refresh.js
2025-12-13 20:15:03.772 +01:00 [INF] Request finished HTTP/2 GET https://localhost:7079/_vs/browserLink - 200 null text/javascript; charset=UTF-8 9.4314ms
2025-12-13 20:15:03.773 +01:00 [INF] Request finished HTTP/2 GET https://localhost:7079/_framework/aspnetcore-browser-refresh.js - 200 16511 application/javascript; charset=utf-8 8.2736ms
2025-12-13 20:15:06.151 +01:00 [INF] Request starting HTTP/2 GET https://localhost:7079/Gifts - null null
2025-12-13 20:15:06.158 +01:00 [DBG] The request path /Gifts does not match a supported file type
2025-12-13 20:15:06.160 +01:00 [DBG] 1 candidate(s) found for the request path '/Gifts'
2025-12-13 20:15:06.161 +01:00 [DBG] Endpoint 'ValcharUtulek.Controllers.GiftsController.Index (ValcharUtulek)' with route pattern '{controller=Home}/{action=Index}/{id?}' is valid for the request path '/Gifts'
2025-12-13 20:15:06.163 +01:00 [DBG] Request matched endpoint 'ValcharUtulek.Controllers.GiftsController.Index (ValcharUtulek)'
2025-12-13 20:15:06.165 +01:00 [DBG] AuthenticationScheme: Cookies was successfully authenticated.
2025-12-13 20:15:06.167 +01:00 [INF] Executing endpoint 'ValcharUtulek.Controllers.GiftsController.Index (ValcharUtulek)'
2025-12-13 20:15:06.168 +01:00 [INF] Route matched with {action = "Index", controller = "Gifts"}. Executing controller action with signature System.Threading.Tasks.Task`1[Microsoft.AspNetCore.Mvc.IActionResult] Index() on controller ValcharUtulek.Controllers.GiftsController (ValcharUtulek).
2025-12-13 20:15:06.171 +01:00 [DBG] Execution plan of authorization filters (in the following order): ["None"]
2025-12-13 20:15:06.173 +01:00 [DBG] Execution plan of resource filters (in the following order): ["Microsoft.AspNetCore.Mvc.ViewFeatures.Filters.SaveTempDataFilter"]
2025-12-13 20:15:06.175 +01:00 [DBG] Execution plan of action filters (in the following order): ["Microsoft.AspNetCore.Mvc.Filters.ControllerActionFilter (Order: -2147483648)","Microsoft.AspNetCore.Mvc.ModelBinding.UnsupportedContentTypeFilter (Order: -3000)"]
2025-12-13 20:15:06.178 +01:00 [DBG] Execution plan of exception filters (in the following order): ["None"]
2025-12-13 20:15:06.180 +01:00 [DBG] Execution plan of result filters (in the following order): ["Microsoft.AspNetCore.Mvc.ViewFeatures.Filters.SaveTempDataFilter"]
2025-12-13 20:15:06.183 +01:00 [DBG] Executing controller factory for controller ValcharUtulek.Controllers.GiftsController (ValcharUtulek)
2025-12-13 20:15:06.194 +01:00 [DBG] Executed controller factory for controller ValcharUtulek.Controllers.GiftsController (ValcharUtulek)
2025-12-13 20:15:06.196 +01:00 [DBG] Entity Framework Core 9.0.10 initialized 'ShelterDbContext' using provider 'Pomelo.EntityFrameworkCore.MySql:9.0.0' with options: ParameterizedCollectionTranslationMode=Constantize ServerVersion=8.0.44-mysql 
2025-12-13 20:15:06.199 +01:00 [DBG] Creating DbConnection.
2025-12-13 20:15:06.200 +01:00 [DBG] Created DbConnection. (1ms).
2025-12-13 20:15:06.202 +01:00 [DBG] Opening connection to database 'shelter' on server '127.0.0.1'.
2025-12-13 20:15:06.204 +01:00 [DBG] Opened connection to database 'shelter' on server '127.0.0.1'.
2025-12-13 20:15:06.206 +01:00 [DBG] Creating DbCommand for 'ExecuteReader'.
2025-12-13 20:15:06.207 +01:00 [DBG] Created DbCommand for 'ExecuteReader' (1ms).
2025-12-13 20:15:06.209 +01:00 [DBG] Initialized DbCommand for 'ExecuteReader' (2ms).
2025-12-13 20:15:06.210 +01:00 [DBG] Executing DbCommand [Parameters=[], CommandType='"Text"', CommandTimeout='30']
SELECT `g`.`GiftId`, `g`.`Amount`, `g`.`GiftDate`, `g`.`UserId`
FROM `Gifts` AS `g`
2025-12-13 20:15:06.213 +01:00 [INF] Executed DbCommand (3ms) [Parameters=[], CommandType='"Text"', CommandTimeout='30']
SELECT `g`.`GiftId`, `g`.`Amount`, `g`.`GiftDate`, `g`.`UserId`
FROM `Gifts` AS `g`
2025-12-13 20:15:06.216 +01:00 [DBG] Closing data reader to 'shelter' on server '127.0.0.1'.
2025-12-13 20:15:06.218 +01:00 [DBG] A data reader for 'shelter' on server '127.0.0.1' is being disposed after spending 1ms reading results.
2025-12-13 20:15:06.219 +01:00 [DBG] Closing connection to database 'shelter' on server '127.0.0.1'.
2025-12-13 20:15:06.221 +01:00 [DBG] Closed connection to database 'shelter' on server '127.0.0.1' (2ms).
2025-12-13 20:15:06.224 +01:00 [DBG] View lookup cache hit for view 'Index' in controller 'Gifts'.
2025-12-13 20:15:06.225 +01:00 [INF] Executing ViewResult, running view Index.
2025-12-13 20:15:06.226 +01:00 [DBG] The view path '/Views/Gifts/Index.cshtml' was found in 2.7833ms.
2025-12-13 20:15:06.228 +01:00 [DBG] Found the endpoints ["Route: {controller=Home}/{action=Index}/{id?}"] for address (action=[Create],controller=[Gifts])
2025-12-13 20:15:06.230 +01:00 [DBG] Successfully processed template {controller=Home}/{action=Index}/{id?} for Route: {controller=Home}/{action=Index}/{id?} resulting in /Gifts/Create and 
2025-12-13 20:15:06.232 +01:00 [DBG] Link generation succeeded for endpoints ["Route: {controller=Home}/{action=Index}/{id?}"] with result /Gifts/Create
2025-12-13 20:15:06.234 +01:00 [DBG] View lookup cache hit for view '_Layout' in controller 'Gifts'.
2025-12-13 20:15:06.236 +01:00 [DBG] Found the endpoints ["Route: {controller=Home}/{action=Index}/{id?}"] for address (action=[Logout],controller=[Account])
2025-12-13 20:15:06.237 +01:00 [DBG] Successfully processed template {controller=Home}/{action=Index}/{id?} for Route: {controller=Home}/{action=Index}/{id?} resulting in /Account/Logout and 
2025-12-13 20:15:06.239 +01:00 [DBG] Link generation succeeded for endpoints ["Route: {controller=Home}/{action=Index}/{id?}"] with result /Account/Logout
2025-12-13 20:15:06.241 +01:00 [DBG] An antiforgery cookie token was reused.
2025-12-13 20:15:06.243 +01:00 [DBG] Response markup is scheduled to include Browser Link script injection.
2025-12-13 20:15:06.243 +01:00 [DBG] Response markup is scheduled to include browser refresh script injection.
2025-12-13 20:15:06.244 +01:00 [INF] Executed ViewResult - view Index executed in 20.7094ms.
2025-12-13 20:15:06.246 +01:00 [INF] Executed action ValcharUtulek.Controllers.GiftsController.Index (ValcharUtulek) in 63.5261ms
2025-12-13 20:15:06.249 +01:00 [INF] Executed endpoint 'ValcharUtulek.Controllers.GiftsController.Index (ValcharUtulek)'
2025-12-13 20:15:06.252 +01:00 [DBG] Response markup was updated to include Browser Link script injection.
2025-12-13 20:15:06.253 +01:00 [DBG] Response markup was updated to include browser refresh script injection.
2025-12-13 20:15:06.254 +01:00 [DBG] 'ShelterDbContext' disposed.
2025-12-13 20:15:06.256 +01:00 [DBG] Disposing connection to database 'shelter' on server '127.0.0.1'.
2025-12-13 20:15:06.258 +01:00 [DBG] Disposed connection to database 'shelter' on server '127.0.0.1' (2ms).
2025-12-13 20:15:06.260 +01:00 [INF] Request finished HTTP/2 GET https://localhost:7079/Gifts - 200 null text/html; charset=utf-8 109.1031ms
2025-12-13 20:15:06.292 +01:00 [INF] Request starting HTTP/2 GET https://localhost:7079/_vs/browserLink - null null
2025-12-13 20:15:06.292 +01:00 [INF] Request starting HTTP/2 GET https://localhost:7079/_framework/aspnetcore-browser-refresh.js - null null
2025-12-13 20:15:06.300 +01:00 [DBG] Script injected: /_framework/aspnetcore-browser-refresh.js
2025-12-13 20:15:06.301 +01:00 [INF] Request finished HTTP/2 GET https://localhost:7079/_vs/browserLink - 200 null text/javascript; charset=UTF-8 9.5113ms
2025-12-13 20:15:06.302 +01:00 [INF] Request finished HTTP/2 GET https://localhost:7079/_framework/aspnetcore-browser-refresh.js - 200 16511 application/javascript; charset=utf-8 9.4285ms
2025-12-13 20:15:07.689 +01:00 [INF] Request starting HTTP/2 GET https://localhost:7079/News - null null
2025-12-13 20:15:07.695 +01:00 [DBG] The request path /News does not match a supported file type
2025-12-13 20:15:07.697 +01:00 [DBG] 1 candidate(s) found for the request path '/News'
2025-12-13 20:15:07.699 +01:00 [DBG] Endpoint 'ValcharUtulek.Controllers.NewsController.Index (ValcharUtulek)' with route pattern '{controller=Home}/{action=Index}/{id?}' is valid for the request path '/News'
2025-12-13 20:15:07.702 +01:00 [DBG] Request matched endpoint 'ValcharUtulek.Controllers.NewsController.Index (ValcharUtulek)'
2025-12-13 20:15:07.704 +01:00 [DBG] AuthenticationScheme: Cookies was successfully authenticated.
2025-12-13 20:15:07.705 +01:00 [INF] Executing endpoint 'ValcharUtulek.Controllers.NewsController.Index (ValcharUtulek)'
2025-12-13 20:15:07.711 +01:00 [INF] Route matched with {action = "Index", controller = "News"}. Executing controller action with signature System.Threading.Tasks.Task`1[Microsoft.AspNetCore.Mvc.IActionResult] Index() on controller ValcharUtulek.Controllers.NewsController (ValcharUtulek).
2025-12-13 20:15:07.714 +01:00 [DBG] Execution plan of authorization filters (in the following order): ["None"]
2025-12-13 20:15:07.716 +01:00 [DBG] Execution plan of resource filters (in the following order): ["Microsoft.AspNetCore.Mvc.ViewFeatures.Filters.SaveTempDataFilter"]
2025-12-13 20:15:07.718 +01:00 [DBG] Execution plan of action filters (in the following order): ["Microsoft.AspNetCore.Mvc.Filters.ControllerActionFilter (Order: -2147483648)","Microsoft.AspNetCore.Mvc.ModelBinding.UnsupportedContentTypeFilter (Order: -3000)"]
2025-12-13 20:15:07.720 +01:00 [DBG] Execution plan of exception filters (in the following order): ["None"]
2025-12-13 20:15:07.722 +01:00 [DBG] Execution plan of result filters (in the following order): ["Microsoft.AspNetCore.Mvc.ViewFeatures.Filters.SaveTempDataFilter"]
2025-12-13 20:15:07.725 +01:00 [DBG] Executing controller factory for controller ValcharUtulek.Controllers.NewsController (ValcharUtulek)
2025-12-13 20:15:07.734 +01:00 [DBG] Executed controller factory for controller ValcharUtulek.Controllers.NewsController (ValcharUtulek)
2025-12-13 20:15:07.737 +01:00 [DBG] Entity Framework Core 9.0.10 initialized 'ShelterDbContext' using provider 'Pomelo.EntityFrameworkCore.MySql:9.0.0' with options: ParameterizedCollectionTranslationMode=Constantize ServerVersion=8.0.44-mysql 
2025-12-13 20:15:07.741 +01:00 [DBG] Compiling query expression: 
'DbSet<News>()'
2025-12-13 20:15:07.748 +01:00 [DBG] Generated query execution expression: 
'queryContext => SingleQueryingEnumerable.Create<News>(
    relationalQueryContext: (RelationalQueryContext)queryContext, 
    relationalCommandResolver: parameters => [LIFTABLE Constant: RelationalCommandCache.QueryExpression(
        Projection Mapping:
            EmptyProjectionMember -> Dictionary<IProperty, int> { [Property: News.NewsId (int) Required PK AfterSave:Throw ValueGenerated.OnAdd, 0], [Property: News.AuthorId (int) Required, 1], [Property: News.Content (string), 2], [Property: News.DateAdded (DateOnly) Required, 3], [Property: News.Photo (string), 4], [Property: News.Title (string), 5] }
        SELECT n.NewsId, n.AuthorId, n.Content, n.DateAdded, n.Photo, n.Title
        FROM News AS n) | Resolver: c => new RelationalCommandCache(
        c.Dependencies.MemoryCache, 
        c.RelationalDependencies.QuerySqlGeneratorFactory, 
        c.RelationalDependencies.RelationalParameterBasedSqlProcessorFactory, 
        Projection Mapping:
            EmptyProjectionMember -> Dictionary<IProperty, int> { [Property: News.NewsId (int) Required PK AfterSave:Throw ValueGenerated.OnAdd, 0], [Property: News.AuthorId (int) Required, 1], [Property: News.Content (string), 2], [Property: News.DateAdded (DateOnly) Required, 3], [Property: News.Photo (string), 4], [Property: News.Title (string), 5] }
        SELECT n.NewsId, n.AuthorId, n.Content, n.DateAdded, n.Photo, n.Title
        FROM News AS n, 
        False, 
        new HashSet<string>(
            new string[]{ }, 
            StringComparer.Ordinal
        )
    )].GetRelationalCommandTemplate(parameters), 
    readerColumns: null, 
    shaper: (queryContext, dataReader, resultContext, resultCoordinator) => 
    {
        News entity;
        entity = 
        {
            MaterializationContext materializationContext1;
            IEntityType entityType1;
            News instance1;
            InternalEntityEntry entry1;
            bool hasNullKey1;
            materializationContext1 = new MaterializationContext(
                [LIFTABLE Constant: ValueBuffer | Resolver: _ => (object)ValueBuffer.Empty], 
                queryContext.Context
            );
            instance1 = default(News);
            entry1 = queryContext.TryGetEntry(
                key: Key: News.NewsId PK, 
                keyValues: new object[]{ (object)dataReader.GetInt32(0) }, 
                throwOnNullKey: True, 
                hasNullKey: hasNullKey1);
            !(hasNullKey1) ? entry1 != default(InternalEntityEntry) ? 
            {
                entityType1 = entry1.EntityType;
                return instance1 = (News)entry1.Entity;
            } : 
            {
                ISnapshot shadowSnapshot1;
                shadowSnapshot1 = Snapshot;
                entityType1 = EntityType: News;
                instance1 = switch (entityType1)
                {
                    case EntityType: News: 
                        {
                            return 
                            {
                                News instance;
                                instance = new News();
                                instance.<NewsId>k__BackingField = dataReader.GetInt32(0);
                                instance.<AuthorId>k__BackingField = dataReader.GetInt32(1);
                                instance.<Content>k__BackingField = dataReader.IsDBNull(2) ? default(string) : dataReader.GetString(2);
                                instance.<DateAdded>k__BackingField = dataReader.GetFieldValue<DateOnly>(3);
                                instance.<Photo>k__BackingField = dataReader.IsDBNull(4) ? default(string) : dataReader.GetString(4);
                                instance.<Title>k__BackingField = dataReader.IsDBNull(5) ? default(string) : dataReader.GetString(5);
                                (instance is IInjectableService) ? ((IInjectableService)instance).Injected(
                                    context: materializationContext1.Context, 
                                    entity: instance, 
                                    queryTrackingBehavior: TrackAll, 
                                    structuralType: EntityType: News) : default(void);
                                return instance;
                            }}
                    default: 
                        default(News)
                }
                ;
                entry1 = entityType1 == default(IEntityType) ? default(InternalEntityEntry) : queryContext.StartTracking(
                    entityType: entityType1, 
                    entity: instance1, 
                    snapshot: shadowSnapshot1);
                return instance1;
            } : default(void);
            return instance1;
        };
        return entity;
    }, 
    contextType: ValcharUtulek.Database.ShelterDbContext, 
    standAloneStateManager: False, 
    detailedErrorsEnabled: False, 
    threadSafetyChecksEnabled: True)'
2025-12-13 20:15:07.753 +01:00 [DBG] Creating DbConnection.
2025-12-13 20:15:07.755 +01:00 [DBG] Created DbConnection. (1ms).
2025-12-13 20:15:07.756 +01:00 [DBG] Opening connection to database 'shelter' on server '127.0.0.1'.
2025-12-13 20:15:07.758 +01:00 [DBG] Opened connection to database 'shelter' on server '127.0.0.1'.
2025-12-13 20:15:07.760 +01:00 [DBG] Creating DbCommand for 'ExecuteReader'.
2025-12-13 20:15:07.762 +01:00 [DBG] Created DbCommand for 'ExecuteReader' (1ms).
2025-12-13 20:15:07.763 +01:00 [DBG] Initialized DbCommand for 'ExecuteReader' (3ms).
2025-12-13 20:15:07.765 +01:00 [DBG] Executing DbCommand [Parameters=[], CommandType='"Text"', CommandTimeout='30']
SELECT `n`.`NewsId`, `n`.`AuthorId`, `n`.`Content`, `n`.`DateAdded`, `n`.`Photo`, `n`.`Title`
FROM `News` AS `n`
2025-12-13 20:15:07.768 +01:00 [INF] Executed DbCommand (3ms) [Parameters=[], CommandType='"Text"', CommandTimeout='30']
SELECT `n`.`NewsId`, `n`.`AuthorId`, `n`.`Content`, `n`.`DateAdded`, `n`.`Photo`, `n`.`Title`
FROM `News` AS `n`
2025-12-13 20:15:07.773 +01:00 [DBG] Context 'ShelterDbContext' started tracking 'News' entity. Consider using 'DbContextOptionsBuilder.EnableSensitiveDataLogging' to see key values.
2025-12-13 20:15:07.783 +01:00 [DBG] Closing data reader to 'shelter' on server '127.0.0.1'.
2025-12-13 20:15:07.785 +01:00 [DBG] A data reader for 'shelter' on server '127.0.0.1' is being disposed after spending 14ms reading results.
2025-12-13 20:15:07.788 +01:00 [DBG] Closing connection to database 'shelter' on server '127.0.0.1'.
2025-12-13 20:15:07.789 +01:00 [DBG] Closed connection to database 'shelter' on server '127.0.0.1' (1ms).
2025-12-13 20:15:07.791 +01:00 [DBG] View lookup cache miss for view 'Index' in controller 'News'.
2025-12-13 20:15:07.794 +01:00 [INF] Executing ViewResult, running view Index.
2025-12-13 20:15:07.795 +01:00 [DBG] The view path '/Views/News/Index.cshtml' was found in 3.5534ms.
2025-12-13 20:15:07.808 +01:00 [DBG] Found the endpoints ["Route: {controller=Home}/{action=Index}/{id?}"] for address (action=[Create],controller=[News])
2025-12-13 20:15:07.810 +01:00 [DBG] Successfully processed template {controller=Home}/{action=Index}/{id?} for Route: {controller=Home}/{action=Index}/{id?} resulting in /News/Create and 
2025-12-13 20:15:07.811 +01:00 [DBG] Link generation succeeded for endpoints ["Route: {controller=Home}/{action=Index}/{id?}"] with result /News/Create
2025-12-13 20:15:07.819 +01:00 [DBG] View lookup cache miss for view 'DisplayTemplates/String' in controller 'News'.
2025-12-13 20:15:07.821 +01:00 [DBG] View lookup cache hit for view 'DisplayTemplates/String' in controller 'News'.
2025-12-13 20:15:07.825 +01:00 [DBG] View lookup cache miss for view 'DisplayTemplates/DateOnly' in controller 'News'.
2025-12-13 20:15:07.826 +01:00 [DBG] View lookup cache hit for view 'DisplayTemplates/String' in controller 'News'.
2025-12-13 20:15:07.834 +01:00 [DBG] View lookup cache hit for view 'DisplayTemplates/String' in controller 'News'.
2025-12-13 20:15:07.837 +01:00 [DBG] View lookup cache miss for view 'DisplayTemplates/Int32' in controller 'News'.
2025-12-13 20:15:07.839 +01:00 [DBG] View lookup cache hit for view 'DisplayTemplates/String' in controller 'News'.
2025-12-13 20:15:07.840 +01:00 [DBG] Found the endpoints ["Route: {controller=Home}/{action=Index}/{id?}"] for address (id=[1],action=[Edit],controller=[News])
2025-12-13 20:15:07.842 +01:00 [DBG] Successfully processed template {controller=Home}/{action=Index}/{id?} for Route: {controller=Home}/{action=Index}/{id?} resulting in /News/Edit/1 and 
2025-12-13 20:15:07.844 +01:00 [DBG] Link generation succeeded for endpoints ["Route: {controller=Home}/{action=Index}/{id?}"] with result /News/Edit/1
2025-12-13 20:15:07.846 +01:00 [DBG] Found the endpoints ["Route: {controller=Home}/{action=Index}/{id?}"] for address (id=[1],action=[Details],controller=[News])
2025-12-13 20:15:07.848 +01:00 [DBG] Successfully processed template {controller=Home}/{action=Index}/{id?} for Route: {controller=Home}/{action=Index}/{id?} resulting in /News/Details/1 and 
2025-12-13 20:15:07.850 +01:00 [DBG] Link generation succeeded for endpoints ["Route: {controller=Home}/{action=Index}/{id?}"] with result /News/Details/1
2025-12-13 20:15:07.853 +01:00 [DBG] Found the endpoints ["Route: {controller=Home}/{action=Index}/{id?}"] for address (id=[1],action=[Delete],controller=[News])
2025-12-13 20:15:07.854 +01:00 [DBG] Successfully processed template {controller=Home}/{action=Index}/{id?} for Route: {controller=Home}/{action=Index}/{id?} resulting in /News/Delete/1 and 
2025-12-13 20:15:07.856 +01:00 [DBG] Link generation succeeded for endpoints ["Route: {controller=Home}/{action=Index}/{id?}"] with result /News/Delete/1
2025-12-13 20:15:07.859 +01:00 [DBG] View lookup cache miss for view '_Layout' in controller 'News'.
2025-12-13 20:15:07.861 +01:00 [DBG] Found the endpoints ["Route: {controller=Home}/{action=Index}/{id?}"] for address (action=[Logout],controller=[Account])
2025-12-13 20:15:07.863 +01:00 [DBG] Successfully processed template {controller=Home}/{action=Index}/{id?} for Route: {controller=Home}/{action=Index}/{id?} resulting in /Account/Logout and 
2025-12-13 20:15:07.865 +01:00 [DBG] Link generation succeeded for endpoints ["Route: {controller=Home}/{action=Index}/{id?}"] with result /Account/Logout
2025-12-13 20:15:07.867 +01:00 [DBG] An antiforgery cookie token was reused.
2025-12-13 20:15:07.868 +01:00 [DBG] Response markup is scheduled to include Browser Link script injection.
2025-12-13 20:15:07.869 +01:00 [DBG] Response markup is scheduled to include browser refresh script injection.
2025-12-13 20:15:07.870 +01:00 [INF] Executed ViewResult - view Index executed in 79.108ms.
2025-12-13 20:15:07.872 +01:00 [INF] Executed action ValcharUtulek.Controllers.NewsController.Index (ValcharUtulek) in 147.6597ms
2025-12-13 20:15:07.874 +01:00 [INF] Executed endpoint 'ValcharUtulek.Controllers.NewsController.Index (ValcharUtulek)'
2025-12-13 20:15:07.875 +01:00 [DBG] Response markup was updated to include Browser Link script injection.
2025-12-13 20:15:07.876 +01:00 [DBG] Response markup was updated to include browser refresh script injection.
2025-12-13 20:15:07.878 +01:00 [DBG] 'ShelterDbContext' disposed.
2025-12-13 20:15:07.881 +01:00 [DBG] Disposing connection to database 'shelter' on server '127.0.0.1'.
2025-12-13 20:15:07.882 +01:00 [DBG] Disposed connection to database 'shelter' on server '127.0.0.1' (1ms).
2025-12-13 20:15:07.885 +01:00 [INF] Request finished HTTP/2 GET https://localhost:7079/News - 200 null text/html; charset=utf-8 196.1065ms
2025-12-13 20:15:07.924 +01:00 [INF] Request starting HTTP/2 GET https://localhost:7079/_vs/browserLink - null null
2025-12-13 20:15:07.924 +01:00 [INF] Request starting HTTP/2 GET https://localhost:7079/_framework/aspnetcore-browser-refresh.js - null null
2025-12-13 20:15:07.941 +01:00 [INF] Request finished HTTP/2 GET https://localhost:7079/_vs/browserLink - 200 null text/javascript; charset=UTF-8 16.5035ms
2025-12-13 20:15:07.946 +01:00 [DBG] Script injected: /_framework/aspnetcore-browser-refresh.js
2025-12-13 20:15:07.950 +01:00 [INF] Request finished HTTP/2 GET https://localhost:7079/_framework/aspnetcore-browser-refresh.js - 200 16511 application/javascript; charset=utf-8 26.2175ms
2025-12-13 20:15:09.596 +01:00 [INF] Request starting HTTP/2 GET https://localhost:7079/Adoptions - null null
2025-12-13 20:15:09.603 +01:00 [DBG] The request path /Adoptions does not match a supported file type
2025-12-13 20:15:09.605 +01:00 [DBG] 1 candidate(s) found for the request path '/Adoptions'
2025-12-13 20:15:09.607 +01:00 [DBG] Endpoint 'ValcharUtulek.Controllers.AdoptionsController.Index (ValcharUtulek)' with route pattern '{controller=Home}/{action=Index}/{id?}' is valid for the request path '/Adoptions'
2025-12-13 20:15:09.609 +01:00 [DBG] Request matched endpoint 'ValcharUtulek.Controllers.AdoptionsController.Index (ValcharUtulek)'
2025-12-13 20:15:09.611 +01:00 [DBG] AuthenticationScheme: Cookies was successfully authenticated.
2025-12-13 20:15:09.612 +01:00 [INF] Executing endpoint 'ValcharUtulek.Controllers.AdoptionsController.Index (ValcharUtulek)'
2025-12-13 20:15:09.614 +01:00 [INF] Route matched with {action = "Index", controller = "Adoptions"}. Executing controller action with signature System.Threading.Tasks.Task`1[Microsoft.AspNetCore.Mvc.IActionResult] Index() on controller ValcharUtulek.Controllers.AdoptionsController (ValcharUtulek).
2025-12-13 20:15:09.617 +01:00 [DBG] Execution plan of authorization filters (in the following order): ["None"]
2025-12-13 20:15:09.618 +01:00 [DBG] Execution plan of resource filters (in the following order): ["Microsoft.AspNetCore.Mvc.ViewFeatures.Filters.SaveTempDataFilter"]
2025-12-13 20:15:09.620 +01:00 [DBG] Execution plan of action filters (in the following order): ["Microsoft.AspNetCore.Mvc.Filters.ControllerActionFilter (Order: -2147483648)","Microsoft.AspNetCore.Mvc.ModelBinding.UnsupportedContentTypeFilter (Order: -3000)"]
2025-12-13 20:15:09.623 +01:00 [DBG] Execution plan of exception filters (in the following order): ["None"]
2025-12-13 20:15:09.625 +01:00 [DBG] Execution plan of result filters (in the following order): ["Microsoft.AspNetCore.Mvc.ViewFeatures.Filters.SaveTempDataFilter"]
2025-12-13 20:15:09.627 +01:00 [DBG] Executing controller factory for controller ValcharUtulek.Controllers.AdoptionsController (ValcharUtulek)
2025-12-13 20:15:09.636 +01:00 [DBG] Executed controller factory for controller ValcharUtulek.Controllers.AdoptionsController (ValcharUtulek)
2025-12-13 20:15:09.639 +01:00 [DBG] Entity Framework Core 9.0.10 initialized 'ShelterDbContext' using provider 'Pomelo.EntityFrameworkCore.MySql:9.0.0' with options: ParameterizedCollectionTranslationMode=Constantize ServerVersion=8.0.44-mysql 
2025-12-13 20:15:09.642 +01:00 [DBG] Creating DbConnection.
2025-12-13 20:15:09.643 +01:00 [DBG] Created DbConnection. (1ms).
2025-12-13 20:15:09.644 +01:00 [DBG] Opening connection to database 'shelter' on server '127.0.0.1'.
2025-12-13 20:15:09.647 +01:00 [DBG] Opened connection to database 'shelter' on server '127.0.0.1'.
2025-12-13 20:15:09.649 +01:00 [DBG] Creating DbCommand for 'ExecuteReader'.
2025-12-13 20:15:09.650 +01:00 [DBG] Created DbCommand for 'ExecuteReader' (1ms).
2025-12-13 20:15:09.652 +01:00 [DBG] Initialized DbCommand for 'ExecuteReader' (3ms).
2025-12-13 20:15:09.654 +01:00 [DBG] Executing DbCommand [Parameters=[], CommandType='"Text"', CommandTimeout='30']
SELECT `a`.`AnimalId`, `a`.`Age`, `a`.`Description`, `a`.`IsAvailable`, `a`.`Name`, `a`.`Photo`, `a`.`Species`
FROM `Animals` AS `a`
WHERE `a`.`IsAvailable`
2025-12-13 20:15:09.657 +01:00 [INF] Executed DbCommand (3ms) [Parameters=[], CommandType='"Text"', CommandTimeout='30']
SELECT `a`.`AnimalId`, `a`.`Age`, `a`.`Description`, `a`.`IsAvailable`, `a`.`Name`, `a`.`Photo`, `a`.`Species`
FROM `Animals` AS `a`
WHERE `a`.`IsAvailable`
2025-12-13 20:15:09.660 +01:00 [DBG] Closing data reader to 'shelter' on server '127.0.0.1'.
2025-12-13 20:15:09.662 +01:00 [DBG] A data reader for 'shelter' on server '127.0.0.1' is being disposed after spending 2ms reading results.
2025-12-13 20:15:09.665 +01:00 [DBG] Closing connection to database 'shelter' on server '127.0.0.1'.
2025-12-13 20:15:09.666 +01:00 [DBG] Closed connection to database 'shelter' on server '127.0.0.1' (1ms).
2025-12-13 20:15:09.668 +01:00 [DBG] View lookup cache hit for view 'Index' in controller 'Adoptions'.
2025-12-13 20:15:09.670 +01:00 [INF] Executing ViewResult, running view Index.
2025-12-13 20:15:09.671 +01:00 [DBG] The view path '/Views/Adoptions/Index.cshtml' was found in 2.9205ms.
2025-12-13 20:15:09.673 +01:00 [DBG] View lookup cache hit for view '_Layout' in controller 'Adoptions'.
2025-12-13 20:15:09.675 +01:00 [DBG] Found the endpoints ["Route: {controller=Home}/{action=Index}/{id?}"] for address (action=[Logout],controller=[Account])
2025-12-13 20:15:09.677 +01:00 [DBG] Successfully processed template {controller=Home}/{action=Index}/{id?} for Route: {controller=Home}/{action=Index}/{id?} resulting in /Account/Logout and 
2025-12-13 20:15:09.679 +01:00 [DBG] Link generation succeeded for endpoints ["Route: {controller=Home}/{action=Index}/{id?}"] with result /Account/Logout
2025-12-13 20:15:09.682 +01:00 [DBG] An antiforgery cookie token was reused.
2025-12-13 20:15:09.683 +01:00 [DBG] Response markup is scheduled to include Browser Link script injection.
2025-12-13 20:15:09.684 +01:00 [DBG] Response markup is scheduled to include browser refresh script injection.
2025-12-13 20:15:09.686 +01:00 [INF] Executed ViewResult - view Index executed in 17.4958ms.
2025-12-13 20:15:09.688 +01:00 [INF] Executed action ValcharUtulek.Controllers.AdoptionsController.Index (ValcharUtulek) in 61.4265ms
2025-12-13 20:15:09.690 +01:00 [INF] Executed endpoint 'ValcharUtulek.Controllers.AdoptionsController.Index (ValcharUtulek)'
2025-12-13 20:15:09.691 +01:00 [DBG] Response markup was updated to include Browser Link script injection.
2025-12-13 20:15:09.692 +01:00 [DBG] Response markup was updated to include browser refresh script injection.
2025-12-13 20:15:09.694 +01:00 [DBG] 'ShelterDbContext' disposed.
2025-12-13 20:15:09.695 +01:00 [DBG] Disposing connection to database 'shelter' on server '127.0.0.1'.
2025-12-13 20:15:09.697 +01:00 [DBG] Disposed connection to database 'shelter' on server '127.0.0.1' (1ms).
2025-12-13 20:15:09.699 +01:00 [INF] Request finished HTTP/2 GET https://localhost:7079/Adoptions - 200 null text/html; charset=utf-8 103.439ms
2025-12-13 20:15:09.738 +01:00 [INF] Request starting HTTP/2 GET https://localhost:7079/_vs/browserLink - null null
2025-12-13 20:15:09.738 +01:00 [INF] Request starting HTTP/2 GET https://localhost:7079/_framework/aspnetcore-browser-refresh.js - null null
2025-12-13 20:15:09.746 +01:00 [DBG] Script injected: /_framework/aspnetcore-browser-refresh.js
2025-12-13 20:15:09.748 +01:00 [INF] Request finished HTTP/2 GET https://localhost:7079/_vs/browserLink - 200 null text/javascript; charset=UTF-8 10.1713ms
2025-12-13 20:15:09.748 +01:00 [INF] Request finished HTTP/2 GET https://localhost:7079/_framework/aspnetcore-browser-refresh.js - 200 16511 application/javascript; charset=utf-8 10.5525ms
2025-12-13 21:04:04.662 +01:00 [INF] Starting web application
2025-12-13 21:04:04.993 +01:00 [FTL] Application terminated unexpectedly
Microsoft.Extensions.Hosting.HostAbortedException: The host was aborted.
   at Microsoft.Extensions.Hosting.HostFactoryResolver.HostingListener.ThrowHostAborted()
   at Microsoft.Extensions.Hosting.HostFactoryResolver.HostingListener.OnNext(KeyValuePair`2 value)
   at System.Diagnostics.DiagnosticListener.Write(String name, Object value)
   at System.Diagnostics.DiagnosticSource.Write[T](String name, T value)
   at Microsoft.Extensions.Hosting.HostBuilder.ResolveHost(IServiceProvider serviceProvider, DiagnosticListener diagnosticListener)
   at Microsoft.Extensions.Hosting.HostApplicationBuilder.Build()
   at Microsoft.AspNetCore.Builder.WebApplicationBuilder.Build()
   at ValcharUtulek.Program.Main(String[] args) in C:\Users\David\source\repos\ValcharUtulek\ValcharUtulek\Program.cs:line 62
2025-12-13 21:04:29.315 +01:00 [INF] Starting web application
2025-12-13 21:04:29.651 +01:00 [FTL] Application terminated unexpectedly
Microsoft.Extensions.Hosting.HostAbortedException: The host was aborted.
   at Microsoft.Extensions.Hosting.HostFactoryResolver.HostingListener.ThrowHostAborted()
   at Microsoft.Extensions.Hosting.HostFactoryResolver.HostingListener.OnNext(KeyValuePair`2 value)
   at System.Diagnostics.DiagnosticListener.Write(String name, Object value)
   at System.Diagnostics.DiagnosticSource.Write[T](String name, T value)
   at Microsoft.Extensions.Hosting.HostBuilder.ResolveHost(IServiceProvider serviceProvider, DiagnosticListener diagnosticListener)
   at Microsoft.Extensions.Hosting.HostApplicationBuilder.Build()
   at Microsoft.AspNetCore.Builder.WebApplicationBuilder.Build()
   at ValcharUtulek.Program.Main(String[] args) in C:\Users\David\source\repos\ValcharUtulek\ValcharUtulek\Program.cs:line 62
2025-12-13 21:05:18.735 +01:00 [INF] Starting web application
2025-12-13 21:05:20.010 +01:00 [DBG] An 'IServiceProvider' was created for internal use by Entity Framework.
2025-12-13 21:05:20.705 +01:00 [DBG] Entity Framework Core 9.0.10 initialized 'ShelterDbContext' using provider 'Pomelo.EntityFrameworkCore.MySql:9.0.0' with options: ParameterizedCollectionTranslationMode=Constantize ServerVersion=8.0.44-mysql 
2025-12-13 21:05:20.957 +01:00 [DBG] Creating DbConnection.
2025-12-13 21:05:20.966 +01:00 [DBG] Created DbConnection. (5ms).
2025-12-13 21:05:20.976 +01:00 [DBG] Migrating using database 'shelter' on server '127.0.0.1'.
2025-12-13 21:05:20.988 +01:00 [DBG] Creating DbConnection.
2025-12-13 21:05:20.990 +01:00 [DBG] Created DbConnection. (2ms).
2025-12-13 21:05:20.996 +01:00 [DBG] Opening connection to database '' on server '127.0.0.1'.
2025-12-13 21:05:21.043 +01:00 [DBG] Opened connection to database '' on server '127.0.0.1'.
2025-12-13 21:05:21.092 +01:00 [DBG] Disposing connection to database '' on server '127.0.0.1'.
2025-12-13 21:05:21.100 +01:00 [DBG] Disposed connection to database '' on server '127.0.0.1' (2ms).
2025-12-13 21:05:21.103 +01:00 [DBG] Opening connection to database 'shelter' on server '127.0.0.1'.
2025-12-13 21:05:21.128 +01:00 [DBG] Opened connection to database 'shelter' on server '127.0.0.1'.
2025-12-13 21:05:21.141 +01:00 [DBG] Creating DbCommand for 'ExecuteNonQuery'.
2025-12-13 21:05:21.148 +01:00 [DBG] Created DbCommand for 'ExecuteNonQuery' (6ms).
2025-12-13 21:05:21.151 +01:00 [DBG] Initialized DbCommand for 'ExecuteNonQuery' (14ms).
2025-12-13 21:05:21.162 +01:00 [DBG] Executing DbCommand [Parameters=[], CommandType='"Text"', CommandTimeout='30']
SELECT GET_LOCK('__shelter_EFMigrationsLock', 259200)
2025-12-13 21:05:21.198 +01:00 [INF] Executed DbCommand (24ms) [Parameters=[], CommandType='"Text"', CommandTimeout='30']
SELECT GET_LOCK('__shelter_EFMigrationsLock', 259200)
2025-12-13 21:05:21.318 +01:00 [DBG] Beginning transaction with isolation level 'Unspecified'.
2025-12-13 21:05:21.327 +01:00 [DBG] Began transaction with isolation level 'Unspecified'.
2025-12-13 21:05:21.330 +01:00 [DBG] Creating DbCommand for 'ExecuteNonQuery'.
2025-12-13 21:05:21.331 +01:00 [DBG] Created DbCommand for 'ExecuteNonQuery' (1ms).
2025-12-13 21:05:21.333 +01:00 [DBG] Initialized DbCommand for 'ExecuteNonQuery' (3ms).
2025-12-13 21:05:21.335 +01:00 [DBG] Executing DbCommand [Parameters=[], CommandType='"Text"', CommandTimeout='30']
CREATE TABLE IF NOT EXISTS `__EFMigrationsHistory` (
    `MigrationId` varchar(150) CHARACTER SET utf8mb4 NOT NULL,
    `ProductVersion` varchar(32) CHARACTER SET utf8mb4 NOT NULL,
    CONSTRAINT `PK___EFMigrationsHistory` PRIMARY KEY (`MigrationId`)
) CHARACTER SET=utf8mb4;
2025-12-13 21:05:21.345 +01:00 [INF] Executed DbCommand (10ms) [Parameters=[], CommandType='"Text"', CommandTimeout='30']
CREATE TABLE IF NOT EXISTS `__EFMigrationsHistory` (
    `MigrationId` varchar(150) CHARACTER SET utf8mb4 NOT NULL,
    `ProductVersion` varchar(32) CHARACTER SET utf8mb4 NOT NULL,
    CONSTRAINT `PK___EFMigrationsHistory` PRIMARY KEY (`MigrationId`)
) CHARACTER SET=utf8mb4;
2025-12-13 21:05:21.352 +01:00 [DBG] Committing transaction.
2025-12-13 21:05:21.357 +01:00 [DBG] Committed transaction.
2025-12-13 21:05:21.361 +01:00 [DBG] Disposing transaction.
2025-12-13 21:05:21.371 +01:00 [DBG] Beginning transaction with isolation level 'Unspecified'.
2025-12-13 21:05:21.377 +01:00 [DBG] Began transaction with isolation level 'Unspecified'.
2025-12-13 21:05:21.383 +01:00 [DBG] Creating DbConnection.
2025-12-13 21:05:21.384 +01:00 [DBG] Created DbConnection. (1ms).
2025-12-13 21:05:21.386 +01:00 [DBG] Opening connection to database '' on server '127.0.0.1'.
2025-12-13 21:05:21.397 +01:00 [DBG] Opened connection to database '' on server '127.0.0.1'.
2025-12-13 21:05:21.400 +01:00 [DBG] Disposing connection to database '' on server '127.0.0.1'.
2025-12-13 21:05:21.402 +01:00 [DBG] Disposed connection to database '' on server '127.0.0.1' (1ms).
2025-12-13 21:05:21.408 +01:00 [DBG] Creating DbCommand for 'ExecuteScalar'.
2025-12-13 21:05:21.409 +01:00 [DBG] Created DbCommand for 'ExecuteScalar' (1ms).
2025-12-13 21:05:21.411 +01:00 [DBG] Initialized DbCommand for 'ExecuteScalar' (2ms).
2025-12-13 21:05:21.413 +01:00 [DBG] Executing DbCommand [Parameters=[], CommandType='"Text"', CommandTimeout='30']
SELECT 1 FROM INFORMATION_SCHEMA.TABLES WHERE TABLE_SCHEMA='shelter' AND TABLE_NAME='__EFMigrationsHistory';
2025-12-13 21:05:21.423 +01:00 [INF] Executed DbCommand (10ms) [Parameters=[], CommandType='"Text"', CommandTimeout='30']
SELECT 1 FROM INFORMATION_SCHEMA.TABLES WHERE TABLE_SCHEMA='shelter' AND TABLE_NAME='__EFMigrationsHistory';
2025-12-13 21:05:21.430 +01:00 [DBG] Creating DbCommand for 'ExecuteReader'.
2025-12-13 21:05:21.432 +01:00 [DBG] Created DbCommand for 'ExecuteReader' (1ms).
2025-12-13 21:05:21.434 +01:00 [DBG] Initialized DbCommand for 'ExecuteReader' (3ms).
2025-12-13 21:05:21.436 +01:00 [DBG] Executing DbCommand [Parameters=[], CommandType='"Text"', CommandTimeout='30']
SELECT `MigrationId`, `ProductVersion`
FROM `__EFMigrationsHistory`
ORDER BY `MigrationId`;
2025-12-13 21:05:21.445 +01:00 [INF] Executed DbCommand (9ms) [Parameters=[], CommandType='"Text"', CommandTimeout='30']
SELECT `MigrationId`, `ProductVersion`
FROM `__EFMigrationsHistory`
ORDER BY `MigrationId`;
2025-12-13 21:05:21.453 +01:00 [DBG] Closing data reader to 'shelter' on server '127.0.0.1'.
2025-12-13 21:05:21.456 +01:00 [DBG] A data reader for 'shelter' on server '127.0.0.1' is being disposed after spending 6ms reading results.
2025-12-13 21:05:21.466 +01:00 [INF] Applying migration '20251201175334_InitialMigration'.
2025-12-13 21:05:21.518 +01:00 [DBG] Creating DbCommand for 'ExecuteNonQuery'.
2025-12-13 21:05:21.520 +01:00 [DBG] Created DbCommand for 'ExecuteNonQuery' (1ms).
2025-12-13 21:05:21.522 +01:00 [DBG] Initialized DbCommand for 'ExecuteNonQuery' (3ms).
2025-12-13 21:05:21.524 +01:00 [DBG] Executing DbCommand [Parameters=[], CommandType='"Text"', CommandTimeout='30']
ALTER DATABASE CHARACTER SET utf8mb4;
2025-12-13 21:05:21.533 +01:00 [INF] Executed DbCommand (8ms) [Parameters=[], CommandType='"Text"', CommandTimeout='30']
ALTER DATABASE CHARACTER SET utf8mb4;
2025-12-13 21:05:21.535 +01:00 [DBG] Creating DbCommand for 'ExecuteNonQuery'.
2025-12-13 21:05:21.537 +01:00 [DBG] Created DbCommand for 'ExecuteNonQuery' (1ms).
2025-12-13 21:05:21.549 +01:00 [DBG] Initialized DbCommand for 'ExecuteNonQuery' (13ms).
2025-12-13 21:05:21.551 +01:00 [DBG] Executing DbCommand [Parameters=[], CommandType='"Text"', CommandTimeout='30']
CREATE TABLE `Adoptions` (
    `AdoptionId` int NOT NULL AUTO_INCREMENT,
    `UserId` int NOT NULL,
    `AnimalId` int NOT NULL,
    `AdoptionDate` date NOT NULL,
    `Amount` double NOT NULL,
    CONSTRAINT `PK_Adoptions` PRIMARY KEY (`AdoptionId`)
) CHARACTER SET=utf8mb4;
2025-12-13 21:05:21.572 +01:00 [ERR] Failed executing DbCommand (19ms) [Parameters=[], CommandType='"Text"', CommandTimeout='30']
CREATE TABLE `Adoptions` (
    `AdoptionId` int NOT NULL AUTO_INCREMENT,
    `UserId` int NOT NULL,
    `AnimalId` int NOT NULL,
    `AdoptionDate` date NOT NULL,
    `Amount` double NOT NULL,
    CONSTRAINT `PK_Adoptions` PRIMARY KEY (`AdoptionId`)
) CHARACTER SET=utf8mb4;
2025-12-13 21:05:21.582 +01:00 [DBG] Disposing transaction.
2025-12-13 21:05:21.588 +01:00 [DBG] Creating DbCommand for 'ExecuteScalar'.
2025-12-13 21:05:21.589 +01:00 [DBG] Created DbCommand for 'ExecuteScalar' (1ms).
2025-12-13 21:05:21.591 +01:00 [DBG] Initialized DbCommand for 'ExecuteScalar' (3ms).
2025-12-13 21:05:21.595 +01:00 [DBG] Executing DbCommand [Parameters=[], CommandType='"Text"', CommandTimeout='30']
SELECT RELEASE_LOCK('__shelter_EFMigrationsLock')
2025-12-13 21:05:21.600 +01:00 [INF] Executed DbCommand (5ms) [Parameters=[], CommandType='"Text"', CommandTimeout='30']
SELECT RELEASE_LOCK('__shelter_EFMigrationsLock')
2025-12-13 21:05:21.609 +01:00 [DBG] Closing connection to database 'shelter' on server '127.0.0.1'.
2025-12-13 21:05:21.616 +01:00 [DBG] Closed connection to database 'shelter' on server '127.0.0.1' (7ms).
2025-12-13 21:05:21.696 +01:00 [ERR] An error occurred while seeding the database.
MySqlConnector.MySqlException (0x80004005): Table 'adoptions' already exists
   at MySqlConnector.Core.ServerSession.ReceiveReplyAsync(IOBehavior ioBehavior, CancellationToken cancellationToken) in /_/src/MySqlConnector/Core/ServerSession.cs:line 1081
   at MySqlConnector.Core.ResultSet.ReadResultSetHeaderAsync(IOBehavior ioBehavior) in /_/src/MySqlConnector/Core/ResultSet.cs:line 37
   at MySqlConnector.MySqlDataReader.ActivateResultSet(CancellationToken cancellationToken) in /_/src/MySqlConnector/MySqlDataReader.cs:line 131
   at MySqlConnector.MySqlDataReader.InitAsync(CommandListPosition commandListPosition, ICommandPayloadCreator payloadCreator, IDictionary`2 cachedProcedures, IMySqlCommand command, CommandBehavior behavior, Activity activity, IOBehavior ioBehavior, CancellationToken cancellationToken) in /_/src/MySqlConnector/MySqlDataReader.cs:line 487
   at MySqlConnector.Core.CommandExecutor.ExecuteReaderAsync(CommandListPosition commandListPosition, ICommandPayloadCreator payloadCreator, CommandBehavior behavior, Activity activity, IOBehavior ioBehavior, CancellationToken cancellationToken) in /_/src/MySqlConnector/Core/CommandExecutor.cs:line 56
   at MySqlConnector.MySqlCommand.ExecuteNonQueryAsync(IOBehavior ioBehavior, CancellationToken cancellationToken) in /_/src/MySqlConnector/MySqlCommand.cs:line 309
   at Microsoft.EntityFrameworkCore.Storage.RelationalCommand.ExecuteNonQueryAsync(RelationalCommandParameterObject parameterObject, CancellationToken cancellationToken)
   at Microsoft.EntityFrameworkCore.Storage.RelationalCommand.ExecuteNonQueryAsync(RelationalCommandParameterObject parameterObject, CancellationToken cancellationToken)
   at Microsoft.EntityFrameworkCore.Storage.RelationalCommand.ExecuteNonQueryAsync(RelationalCommandParameterObject parameterObject, CancellationToken cancellationToken)
   at Microsoft.EntityFrameworkCore.Migrations.Internal.MigrationCommandExecutor.ExecuteAsync(IReadOnlyList`1 migrationCommands, IRelationalConnection connection, MigrationExecutionState executionState, Boolean beginTransaction, Boolean commitTransaction, Nullable`1 isolationLevel, CancellationToken cancellationToken)
   at Microsoft.EntityFrameworkCore.Migrations.Internal.MigrationCommandExecutor.ExecuteAsync(IReadOnlyList`1 migrationCommands, IRelationalConnection connection, MigrationExecutionState executionState, Boolean beginTransaction, Boolean commitTransaction, Nullable`1 isolationLevel, CancellationToken cancellationToken)
   at Pomelo.EntityFrameworkCore.MySql.Storage.Internal.MySqlExecutionStrategy.ExecuteAsync[TState,TResult](TState state, Func`4 operation, Func`4 verifySucceeded, CancellationToken cancellationToken)
   at Microsoft.EntityFrameworkCore.Migrations.Internal.MigrationCommandExecutor.ExecuteNonQueryAsync(IReadOnlyList`1 migrationCommands, IRelationalConnection connection, MigrationExecutionState executionState, Boolean commitTransaction, Nullable`1 isolationLevel, CancellationToken cancellationToken)
   at Microsoft.EntityFrameworkCore.Migrations.Internal.Migrator.MigrateImplementationAsync(DbContext context, String targetMigration, MigrationExecutionState state, Boolean useTransaction, CancellationToken cancellationToken)
   at Microsoft.EntityFrameworkCore.Migrations.Internal.Migrator.MigrateImplementationAsync(DbContext context, String targetMigration, MigrationExecutionState state, Boolean useTransaction, CancellationToken cancellationToken)
   at Microsoft.EntityFrameworkCore.Migrations.Internal.Migrator.<>c.<<MigrateAsync>b__22_1>d.MoveNext()
--- End of stack trace from previous location ---
   at Pomelo.EntityFrameworkCore.MySql.Storage.Internal.MySqlExecutionStrategy.ExecuteAsync[TState,TResult](TState state, Func`4 operation, Func`4 verifySucceeded, CancellationToken cancellationToken)
   at Microsoft.EntityFrameworkCore.Migrations.Internal.Migrator.MigrateAsync(String targetMigration, CancellationToken cancellationToken)
   at Microsoft.EntityFrameworkCore.Migrations.Internal.Migrator.MigrateAsync(String targetMigration, CancellationToken cancellationToken)
   at ValcharUtulek.Program.Main(String[] args) in C:\Users\David\source\repos\ValcharUtulek\ValcharUtulek\Program.cs:line 75
2025-12-13 21:05:21.770 +01:00 [DBG] 'ShelterDbContext' disposed.
2025-12-13 21:05:21.773 +01:00 [DBG] Disposing connection to database 'shelter' on server '127.0.0.1'.
2025-12-13 21:05:21.775 +01:00 [DBG] Disposed connection to database 'shelter' on server '127.0.0.1' (2ms).
2025-12-13 21:05:21.845 +01:00 [DBG] Initializing Razor view compiler with compiled view: '/Views/Account/Login.cshtml'.
2025-12-13 21:05:21.847 +01:00 [DBG] Initializing Razor view compiler with compiled view: '/Views/Account/Register.cshtml'.
2025-12-13 21:05:21.849 +01:00 [DBG] Initializing Razor view compiler with compiled view: '/Views/Adoptions/Create.cshtml'.
2025-12-13 21:05:21.850 +01:00 [DBG] Initializing Razor view compiler with compiled view: '/Views/Adoptions/Delete.cshtml'.
2025-12-13 21:05:21.852 +01:00 [DBG] Initializing Razor view compiler with compiled view: '/Views/Adoptions/Details.cshtml'.
2025-12-13 21:05:21.853 +01:00 [DBG] Initializing Razor view compiler with compiled view: '/Views/Adoptions/Edit.cshtml'.
2025-12-13 21:05:21.855 +01:00 [DBG] Initializing Razor view compiler with compiled view: '/Views/Adoptions/Index.cshtml'.
2025-12-13 21:05:21.856 +01:00 [DBG] Initializing Razor view compiler with compiled view: '/Views/Gifts/Create.cshtml'.
2025-12-13 21:05:21.858 +01:00 [DBG] Initializing Razor view compiler with compiled view: '/Views/Gifts/Delete.cshtml'.
2025-12-13 21:05:21.859 +01:00 [DBG] Initializing Razor view compiler with compiled view: '/Views/Gifts/Details.cshtml'.
2025-12-13 21:05:21.861 +01:00 [DBG] Initializing Razor view compiler with compiled view: '/Views/Gifts/Edit.cshtml'.
2025-12-13 21:05:21.863 +01:00 [DBG] Initializing Razor view compiler with compiled view: '/Views/Gifts/Index.cshtml'.
2025-12-13 21:05:21.865 +01:00 [DBG] Initializing Razor view compiler with compiled view: '/Views/Home/Index.cshtml'.
2025-12-13 21:05:21.867 +01:00 [DBG] Initializing Razor view compiler with compiled view: '/Views/Home/Privacy.cshtml'.
2025-12-13 21:05:21.869 +01:00 [DBG] Initializing Razor view compiler with compiled view: '/Views/News/Create.cshtml'.
2025-12-13 21:05:21.870 +01:00 [DBG] Initializing Razor view compiler with compiled view: '/Views/News/Delete.cshtml'.
2025-12-13 21:05:21.872 +01:00 [DBG] Initializing Razor view compiler with compiled view: '/Views/News/Details.cshtml'.
2025-12-13 21:05:21.873 +01:00 [DBG] Initializing Razor view compiler with compiled view: '/Views/News/Edit.cshtml'.
2025-12-13 21:05:21.876 +01:00 [DBG] Initializing Razor view compiler with compiled view: '/Views/News/Index.cshtml'.
2025-12-13 21:05:21.877 +01:00 [DBG] Initializing Razor view compiler with compiled view: '/Views/Shared/Error.cshtml'.
2025-12-13 21:05:21.879 +01:00 [DBG] Initializing Razor view compiler with compiled view: '/Views/Shared/_ValidationScriptsPartial.cshtml'.
2025-12-13 21:05:21.881 +01:00 [DBG] Initializing Razor view compiler with compiled view: '/Views/Users/Index.cshtml'.
2025-12-13 21:05:21.882 +01:00 [DBG] Initializing Razor view compiler with compiled view: '/Views/_ViewImports.cshtml'.
2025-12-13 21:05:21.884 +01:00 [DBG] Initializing Razor view compiler with compiled view: '/Views/_ViewStart.cshtml'.
2025-12-13 21:05:21.885 +01:00 [DBG] Initializing Razor view compiler with compiled view: '/Views/Shared/_Layout.cshtml'.
2025-12-13 21:05:21.912 +01:00 [DBG] Registered model binder providers, in the following order: ["Microsoft.AspNetCore.Mvc.ModelBinding.Binders.BinderTypeModelBinderProvider","Microsoft.AspNetCore.Mvc.ModelBinding.Binders.ServicesModelBinderProvider","Microsoft.AspNetCore.Mvc.ModelBinding.Binders.BodyModelBinderProvider","Microsoft.AspNetCore.Mvc.ModelBinding.Binders.HeaderModelBinderProvider","Microsoft.AspNetCore.Mvc.ModelBinding.Binders.FloatingPointTypeModelBinderProvider","Microsoft.AspNetCore.Mvc.ModelBinding.Binders.EnumTypeModelBinderProvider","Microsoft.AspNetCore.Mvc.ModelBinding.Binders.DateTimeModelBinderProvider","Microsoft.AspNetCore.Mvc.ModelBinding.Binders.SimpleTypeModelBinderProvider","Microsoft.AspNetCore.Mvc.ModelBinding.Binders.TryParseModelBinderProvider","Microsoft.AspNetCore.Mvc.ModelBinding.Binders.CancellationTokenModelBinderProvider","Microsoft.AspNetCore.Mvc.ModelBinding.Binders.ByteArrayModelBinderProvider","Microsoft.AspNetCore.Mvc.ModelBinding.Binders.FormFileModelBinderProvider","Microsoft.AspNetCore.Mvc.ModelBinding.Binders.FormCollectionModelBinderProvider","Microsoft.AspNetCore.Mvc.ModelBinding.Binders.KeyValuePairModelBinderProvider","Microsoft.AspNetCore.Mvc.ModelBinding.Binders.DictionaryModelBinderProvider","Microsoft.AspNetCore.Mvc.ModelBinding.Binders.ArrayModelBinderProvider","Microsoft.AspNetCore.Mvc.ModelBinding.Binders.CollectionModelBinderProvider","Microsoft.AspNetCore.Mvc.ModelBinding.Binders.ComplexObjectModelBinderProvider"]
2025-12-13 21:05:22.003 +01:00 [DBG] Hosting starting
2025-12-13 21:05:22.036 +01:00 [INF] User profile is available. Using 'C:\Users\David\AppData\Local\ASP.NET\DataProtection-Keys' as key repository and Windows DPAPI to encrypt keys at rest.
2025-12-13 21:05:22.076 +01:00 [DBG] Reading data from file 'C:\Users\David\AppData\Local\ASP.NET\DataProtection-Keys\key-f5c154a5-e5b4-4c9b-b7eb-6e5e819bbbdf.xml'.
2025-12-13 21:05:22.093 +01:00 [DBG] Found key {f5c154a5-e5b4-4c9b-b7eb-6e5e819bbbdf}.
2025-12-13 21:05:22.118 +01:00 [DBG] Considering key {f5c154a5-e5b4-4c9b-b7eb-6e5e819bbbdf} with expiration date 2025-12-22 06:21:24Z as default key.
2025-12-13 21:05:22.126 +01:00 [DBG] Forwarded activator type request from Microsoft.AspNetCore.DataProtection.XmlEncryption.DpapiXmlDecryptor, Microsoft.AspNetCore.DataProtection, Version=9.0.0.0, Culture=neutral, PublicKeyToken=adb9793829ddae60 to Microsoft.AspNetCore.DataProtection.XmlEncryption.DpapiXmlDecryptor, Microsoft.AspNetCore.DataProtection, Culture=neutral, PublicKeyToken=adb9793829ddae60
2025-12-13 21:05:22.130 +01:00 [DBG] Decrypting secret element using Windows DPAPI.
2025-12-13 21:05:22.133 +01:00 [DBG] Forwarded activator type request from Microsoft.AspNetCore.DataProtection.AuthenticatedEncryption.ConfigurationModel.AuthenticatedEncryptorDescriptorDeserializer, Microsoft.AspNetCore.DataProtection, Version=9.0.0.0, Culture=neutral, PublicKeyToken=adb9793829ddae60 to Microsoft.AspNetCore.DataProtection.AuthenticatedEncryption.ConfigurationModel.AuthenticatedEncryptorDescriptorDeserializer, Microsoft.AspNetCore.DataProtection, Culture=neutral, PublicKeyToken=adb9793829ddae60
2025-12-13 21:05:22.140 +01:00 [DBG] Opening CNG algorithm 'AES' from provider 'null' with chaining mode CBC.
2025-12-13 21:05:22.144 +01:00 [DBG] Opening CNG algorithm 'SHA256' from provider 'null' with HMAC.
2025-12-13 21:05:22.150 +01:00 [DBG] Using key {f5c154a5-e5b4-4c9b-b7eb-6e5e819bbbdf} as the default key.
2025-12-13 21:05:22.153 +01:00 [DBG] Key ring with default key {f5c154a5-e5b4-4c9b-b7eb-6e5e819bbbdf} was loaded during application startup.
2025-12-13 21:05:22.169 +01:00 [DBG] Middleware loaded
2025-12-13 21:05:22.175 +01:00 [DBG] Middleware loaded. Script /_framework/aspnetcore-browser-refresh.js (16511 B).
2025-12-13 21:05:22.178 +01:00 [DBG] Middleware loaded. Script /_framework/blazor-hotreload.js (799 B).
2025-12-13 21:05:22.240 +01:00 [DBG] Middleware configuration started with options: {AllowedHosts = *, AllowEmptyHosts = True, IncludeFailureMessage = True}
2025-12-13 21:05:22.244 +01:00 [DBG] Wildcard detected, all requests with hosts will be allowed.
2025-12-13 21:05:22.255 +01:00 [DBG] Middleware loaded: DOTNET_MODIFIABLE_ASSEMBLIES=debug, __ASPNETCORE_BROWSER_TOOLS=true
2025-12-13 21:05:22.331 +01:00 [INF] Now listening on: https://localhost:7079
2025-12-13 21:05:22.332 +01:00 [INF] Now listening on: http://localhost:5048
2025-12-13 21:05:22.333 +01:00 [DBG] Loaded hosting startup assembly ValcharUtulek
2025-12-13 21:05:22.335 +01:00 [DBG] Loaded hosting startup assembly Microsoft.WebTools.ApiEndpointDiscovery
2025-12-13 21:05:22.336 +01:00 [DBG] Loaded hosting startup assembly Microsoft.AspNetCore.Watch.BrowserRefresh
2025-12-13 21:05:22.337 +01:00 [DBG] Loaded hosting startup assembly Microsoft.WebTools.BrowserLink.Net
2025-12-13 21:05:22.349 +01:00 [DBG] Executing API description provider 'EndpointMetadataApiDescriptionProvider' from assembly Microsoft.AspNetCore.Mvc.ApiExplorer v9.0.0.0.
2025-12-13 21:05:22.352 +01:00 [DBG] Executing API description provider 'DefaultApiDescriptionProvider' from assembly Microsoft.AspNetCore.Mvc.ApiExplorer v9.0.0.0.
2025-12-13 21:05:22.369 +01:00 [DBG] Connection id "0HNHQGBP9OUGE" accepted.
2025-12-13 21:05:22.370 +01:00 [DBG] Connection id "0HNHQGBP9OUGF" accepted.
2025-12-13 21:05:22.373 +01:00 [DBG] Connection id "0HNHQGBP9OUGE" started.
2025-12-13 21:05:22.374 +01:00 [DBG] Connection id "0HNHQGBP9OUGF" started.
2025-12-13 21:05:22.389 +01:00 [DBG] Connection id "0HNHQGBP9OUGE" received FIN.
2025-12-13 21:05:22.389 +01:00 [DBG] Connection id "0HNHQGBP9OUGF" received FIN.
2025-12-13 21:05:22.409 +01:00 [DBG] Failed to authenticate HTTPS connection.
System.IO.IOException: Received an unexpected EOF or 0 bytes from the transport stream.
   at System.Net.Security.SslStream.ReceiveHandshakeFrameAsync[TIOAdapter](CancellationToken cancellationToken)
   at System.Net.Security.SslStream.ForceAuthenticationAsync[TIOAdapter](Boolean receiveFirst, Byte[] reAuthenticationData, CancellationToken cancellationToken)
   at System.Net.Security.SslStream.ProcessAuthenticationWithTelemetryAsync(Boolean isAsync, CancellationToken cancellationToken)
   at Microsoft.AspNetCore.Server.Kestrel.Https.Internal.HttpsConnectionMiddleware.OnConnectionAsync(ConnectionContext context)
2025-12-13 21:05:22.409 +01:00 [DBG] Failed to authenticate HTTPS connection.
System.IO.IOException: Received an unexpected EOF or 0 bytes from the transport stream.
   at System.Net.Security.SslStream.ReceiveHandshakeFrameAsync[TIOAdapter](CancellationToken cancellationToken)
   at System.Net.Security.SslStream.ForceAuthenticationAsync[TIOAdapter](Boolean receiveFirst, Byte[] reAuthenticationData, CancellationToken cancellationToken)
   at System.Net.Security.SslStream.ProcessAuthenticationWithTelemetryAsync(Boolean isAsync, CancellationToken cancellationToken)
   at Microsoft.AspNetCore.Server.Kestrel.Https.Internal.HttpsConnectionMiddleware.OnConnectionAsync(ConnectionContext context)
2025-12-13 21:05:22.423 +01:00 [DBG] Connection id "0HNHQGBP9OUGF" stopped.
2025-12-13 21:05:22.423 +01:00 [DBG] Connection id "0HNHQGBP9OUGE" stopped.
2025-12-13 21:05:22.429 +01:00 [DBG] Connection id "0HNHQGBP9OUGF" sending FIN because: "The Socket transport's send loop completed gracefully."
2025-12-13 21:05:22.429 +01:00 [DBG] Connection id "0HNHQGBP9OUGE" sending FIN because: "The Socket transport's send loop completed gracefully."
2025-12-13 21:05:22.449 +01:00 [INF] Application started. Press Ctrl+C to shut down.
2025-12-13 21:05:22.451 +01:00 [INF] Hosting environment: Development
2025-12-13 21:05:22.453 +01:00 [INF] Content root path: C:\Users\David\source\repos\ValcharUtulek\ValcharUtulek
2025-12-13 21:05:22.454 +01:00 [DBG] Hosting started
2025-12-13 21:05:22.820 +01:00 [DBG] Connection id "0HNHQGBP9OUGG" accepted.
2025-12-13 21:05:22.823 +01:00 [DBG] Connection id "0HNHQGBP9OUGG" started.
2025-12-13 21:05:22.868 +01:00 [DBG] Connection 0HNHQGBP9OUGG established using the following protocol: "Tls13"
2025-12-13 21:05:22.967 +01:00 [INF] Request starting HTTP/2 GET https://localhost:7079/ - null null
2025-12-13 21:05:23.119 +01:00 [DBG] The request path / does not match a supported file type
2025-12-13 21:05:23.157 +01:00 [DBG] 1 candidate(s) found for the request path '/'
2025-12-13 21:05:23.159 +01:00 [DBG] Endpoint 'ValcharUtulek.Controllers.HomeController.Index (ValcharUtulek)' with route pattern '{controller=Home}/{action=Index}/{id?}' is valid for the request path '/'
2025-12-13 21:05:23.163 +01:00 [DBG] Request matched endpoint 'ValcharUtulek.Controllers.HomeController.Index (ValcharUtulek)'
2025-12-13 21:05:23.207 +01:00 [DBG] AuthenticationScheme: Cookies was successfully authenticated.
2025-12-13 21:05:23.212 +01:00 [INF] Executing endpoint 'ValcharUtulek.Controllers.HomeController.Index (ValcharUtulek)'
2025-12-13 21:05:23.235 +01:00 [INF] Route matched with {action = "Index", controller = "Home"}. Executing controller action with signature Microsoft.AspNetCore.Mvc.IActionResult Index() on controller ValcharUtulek.Controllers.HomeController (ValcharUtulek).
2025-12-13 21:05:23.240 +01:00 [DBG] Execution plan of authorization filters (in the following order): ["None"]
2025-12-13 21:05:23.242 +01:00 [DBG] Execution plan of resource filters (in the following order): ["Microsoft.AspNetCore.Mvc.ViewFeatures.Filters.SaveTempDataFilter"]
2025-12-13 21:05:23.245 +01:00 [DBG] Execution plan of action filters (in the following order): ["Microsoft.AspNetCore.Mvc.Filters.ControllerActionFilter (Order: -2147483648)","Microsoft.AspNetCore.Mvc.ModelBinding.UnsupportedContentTypeFilter (Order: -3000)"]
2025-12-13 21:05:23.248 +01:00 [DBG] Execution plan of exception filters (in the following order): ["None"]
2025-12-13 21:05:23.251 +01:00 [DBG] Execution plan of result filters (in the following order): ["Microsoft.AspNetCore.Mvc.ViewFeatures.Filters.SaveTempDataFilter"]
2025-12-13 21:05:23.256 +01:00 [DBG] Executing controller factory for controller ValcharUtulek.Controllers.HomeController (ValcharUtulek)
2025-12-13 21:05:23.260 +01:00 [DBG] Executed controller factory for controller ValcharUtulek.Controllers.HomeController (ValcharUtulek)
2025-12-13 21:05:23.269 +01:00 [DBG] View lookup cache miss for view 'Index' in controller 'Home'.
2025-12-13 21:05:23.281 +01:00 [INF] Executing ViewResult, running view Index.
2025-12-13 21:05:23.287 +01:00 [DBG] The view path '/Views/Home/Index.cshtml' was found in 14.7834ms.
2025-12-13 21:05:23.327 +01:00 [DBG] View lookup cache miss for view '_Layout' in controller 'Home'.
2025-12-13 21:05:23.405 +01:00 [DBG] Found the endpoints ["Route: {controller=Home}/{action=Index}/{id?}"] for address (action=[Logout],controller=[Account])
2025-12-13 21:05:23.412 +01:00 [DBG] Successfully processed template {controller=Home}/{action=Index}/{id?} for Route: {controller=Home}/{action=Index}/{id?} resulting in /Account/Logout and 
2025-12-13 21:05:23.416 +01:00 [DBG] Link generation succeeded for endpoints ["Route: {controller=Home}/{action=Index}/{id?}"] with result /Account/Logout
2025-12-13 21:05:23.425 +01:00 [DBG] An antiforgery cookie token was reused.
2025-12-13 21:05:23.439 +01:00 [DBG] Response markup is scheduled to include Browser Link script injection.
2025-12-13 21:05:23.447 +01:00 [DBG] Response markup is scheduled to include browser refresh script injection.
2025-12-13 21:05:23.454 +01:00 [INF] Executed ViewResult - view Index executed in 186.2919ms.
2025-12-13 21:05:23.458 +01:00 [INF] Executed action ValcharUtulek.Controllers.HomeController.Index (ValcharUtulek) in 204.4975ms
2025-12-13 21:05:23.460 +01:00 [INF] Executed endpoint 'ValcharUtulek.Controllers.HomeController.Index (ValcharUtulek)'
2025-12-13 21:05:23.462 +01:00 [DBG] Response markup was updated to include Browser Link script injection.
2025-12-13 21:05:23.465 +01:00 [DBG] Response markup was updated to include browser refresh script injection.
2025-12-13 21:05:23.479 +01:00 [INF] Request finished HTTP/2 GET https://localhost:7079/ - 200 null text/html; charset=utf-8 527.9926ms
2025-12-13 21:05:23.538 +01:00 [INF] Request starting HTTP/2 GET https://localhost:7079/_framework/aspnetcore-browser-refresh.js - null null
2025-12-13 21:05:23.538 +01:00 [INF] Request starting HTTP/2 GET https://localhost:7079/_vs/browserLink - null null
2025-12-13 21:05:23.556 +01:00 [DBG] Script injected: /_framework/aspnetcore-browser-refresh.js
2025-12-13 21:05:23.559 +01:00 [INF] Request finished HTTP/2 GET https://localhost:7079/_framework/aspnetcore-browser-refresh.js - 200 16511 application/javascript; charset=utf-8 21.1664ms
2025-12-13 21:05:23.600 +01:00 [INF] Request finished HTTP/2 GET https://localhost:7079/_vs/browserLink - 200 null text/javascript; charset=UTF-8 61.8343ms
2025-12-13 21:05:25.518 +01:00 [INF] Request starting HTTP/2 GET https://localhost:7079/Adoptions - null null
2025-12-13 21:05:25.530 +01:00 [DBG] The request path /Adoptions does not match a supported file type
2025-12-13 21:05:25.534 +01:00 [DBG] 1 candidate(s) found for the request path '/Adoptions'
2025-12-13 21:05:25.535 +01:00 [DBG] Endpoint 'ValcharUtulek.Controllers.AdoptionsController.Index (ValcharUtulek)' with route pattern '{controller=Home}/{action=Index}/{id?}' is valid for the request path '/Adoptions'
2025-12-13 21:05:25.538 +01:00 [DBG] Request matched endpoint 'ValcharUtulek.Controllers.AdoptionsController.Index (ValcharUtulek)'
2025-12-13 21:05:25.541 +01:00 [DBG] AuthenticationScheme: Cookies was successfully authenticated.
2025-12-13 21:05:25.544 +01:00 [INF] Executing endpoint 'ValcharUtulek.Controllers.AdoptionsController.Index (ValcharUtulek)'
2025-12-13 21:05:25.554 +01:00 [INF] Route matched with {action = "Index", controller = "Adoptions"}. Executing controller action with signature System.Threading.Tasks.Task`1[Microsoft.AspNetCore.Mvc.IActionResult] Index() on controller ValcharUtulek.Controllers.AdoptionsController (ValcharUtulek).
2025-12-13 21:05:25.557 +01:00 [DBG] Execution plan of authorization filters (in the following order): ["None"]
2025-12-13 21:05:25.559 +01:00 [DBG] Execution plan of resource filters (in the following order): ["Microsoft.AspNetCore.Mvc.ViewFeatures.Filters.SaveTempDataFilter"]
2025-12-13 21:05:25.562 +01:00 [DBG] Execution plan of action filters (in the following order): ["Microsoft.AspNetCore.Mvc.Filters.ControllerActionFilter (Order: -2147483648)","Microsoft.AspNetCore.Mvc.ModelBinding.UnsupportedContentTypeFilter (Order: -3000)"]
2025-12-13 21:05:25.565 +01:00 [DBG] Execution plan of exception filters (in the following order): ["None"]
2025-12-13 21:05:25.567 +01:00 [DBG] Execution plan of result filters (in the following order): ["Microsoft.AspNetCore.Mvc.ViewFeatures.Filters.SaveTempDataFilter"]
2025-12-13 21:05:25.570 +01:00 [DBG] Executing controller factory for controller ValcharUtulek.Controllers.AdoptionsController (ValcharUtulek)
2025-12-13 21:05:25.582 +01:00 [DBG] Executed controller factory for controller ValcharUtulek.Controllers.AdoptionsController (ValcharUtulek)
2025-12-13 21:05:25.599 +01:00 [DBG] Entity Framework Core 9.0.10 initialized 'ShelterDbContext' using provider 'Pomelo.EntityFrameworkCore.MySql:9.0.0' with options: ParameterizedCollectionTranslationMode=Constantize ServerVersion=8.0.44-mysql 
2025-12-13 21:05:25.646 +01:00 [DBG] Compiling query expression: 
'DbSet<Animal>()
    .Where(a => a.IsAvailable)'
2025-12-13 21:05:25.931 +01:00 [DBG] Generated query execution expression: 
'queryContext => SingleQueryingEnumerable.Create<Animal>(
    relationalQueryContext: (RelationalQueryContext)queryContext, 
    relationalCommandResolver: parameters => [LIFTABLE Constant: RelationalCommandCache.QueryExpression(
        Projection Mapping:
            EmptyProjectionMember -> Dictionary<IProperty, int> { [Property: Animal.AnimalId (int) Required PK AfterSave:Throw ValueGenerated.OnAdd, 0], [Property: Animal.Age (int) Required, 1], [Property: Animal.Description (string), 2], [Property: Animal.IsAvailable (bool) Required, 3], [Property: Animal.Name (string) Required, 4], [Property: Animal.Photo (string), 5], [Property: Animal.Species (string), 6] }
        SELECT a.AnimalId, a.Age, a.Description, a.IsAvailable, a.Name, a.Photo, a.Species
        FROM Animals AS a
        WHERE a.IsAvailable) | Resolver: c => new RelationalCommandCache(
        c.Dependencies.MemoryCache, 
        c.RelationalDependencies.QuerySqlGeneratorFactory, 
        c.RelationalDependencies.RelationalParameterBasedSqlProcessorFactory, 
        Projection Mapping:
            EmptyProjectionMember -> Dictionary<IProperty, int> { [Property: Animal.AnimalId (int) Required PK AfterSave:Throw ValueGenerated.OnAdd, 0], [Property: Animal.Age (int) Required, 1], [Property: Animal.Description (string), 2], [Property: Animal.IsAvailable (bool) Required, 3], [Property: Animal.Name (string) Required, 4], [Property: Animal.Photo (string), 5], [Property: Animal.Species (string), 6] }
        SELECT a.AnimalId, a.Age, a.Description, a.IsAvailable, a.Name, a.Photo, a.Species
        FROM Animals AS a
        WHERE a.IsAvailable, 
        False, 
        new HashSet<string>(
            new string[]{ }, 
            StringComparer.Ordinal
        )
    )].GetRelationalCommandTemplate(parameters), 
    readerColumns: null, 
    shaper: (queryContext, dataReader, resultContext, resultCoordinator) => 
    {
        Animal entity;
        entity = 
        {
            MaterializationContext materializationContext1;
            IEntityType entityType1;
            Animal instance1;
            InternalEntityEntry entry1;
            bool hasNullKey1;
            materializationContext1 = new MaterializationContext(
                [LIFTABLE Constant: ValueBuffer | Resolver: _ => (object)ValueBuffer.Empty], 
                queryContext.Context
            );
            instance1 = default(Animal);
            entry1 = queryContext.TryGetEntry(
                key: Key: Animal.AnimalId PK, 
                keyValues: new object[]{ (object)dataReader.GetInt32(0) }, 
                throwOnNullKey: True, 
                hasNullKey: hasNullKey1);
            !(hasNullKey1) ? entry1 != default(InternalEntityEntry) ? 
            {
                entityType1 = entry1.EntityType;
                return instance1 = (Animal)entry1.Entity;
            } : 
            {
                ISnapshot shadowSnapshot1;
                shadowSnapshot1 = Snapshot;
                entityType1 = EntityType: Animal;
                instance1 = switch (entityType1)
                {
                    case EntityType: Animal: 
                        {
                            return 
                            {
                                Animal instance;
                                instance = new Animal();
                                instance.<AnimalId>k__BackingField = dataReader.GetInt32(0);
                                instance.<Age>k__BackingField = dataReader.GetInt32(1);
                                instance.<Description>k__BackingField = dataReader.IsDBNull(2) ? default(string) : dataReader.GetString(2);
                                instance.<IsAvailable>k__BackingField = dataReader.GetBoolean(3);
                                instance.<Name>k__BackingField = dataReader.GetString(4);
                                instance.<Photo>k__BackingField = dataReader.IsDBNull(5) ? default(string) : dataReader.GetString(5);
                                instance.<Species>k__BackingField = dataReader.IsDBNull(6) ? default(string) : dataReader.GetString(6);
                                (instance is IInjectableService) ? ((IInjectableService)instance).Injected(
                                    context: materializationContext1.Context, 
                                    entity: instance, 
                                    queryTrackingBehavior: TrackAll, 
                                    structuralType: EntityType: Animal) : default(void);
                                return instance;
                            }}
                    default: 
                        default(Animal)
                }
                ;
                entry1 = entityType1 == default(IEntityType) ? default(InternalEntityEntry) : queryContext.StartTracking(
                    entityType: entityType1, 
                    entity: instance1, 
                    snapshot: shadowSnapshot1);
                return instance1;
            } : default(void);
            return instance1;
        };
        return entity;
    }, 
    contextType: ValcharUtulek.Database.ShelterDbContext, 
    standAloneStateManager: False, 
    detailedErrorsEnabled: False, 
    threadSafetyChecksEnabled: True)'
2025-12-13 21:05:25.966 +01:00 [DBG] Creating DbConnection.
2025-12-13 21:05:25.968 +01:00 [DBG] Created DbConnection. (1ms).
2025-12-13 21:05:25.970 +01:00 [DBG] Opening connection to database 'shelter' on server '127.0.0.1'.
2025-12-13 21:05:25.978 +01:00 [DBG] Opened connection to database 'shelter' on server '127.0.0.1'.
2025-12-13 21:05:25.980 +01:00 [DBG] Creating DbCommand for 'ExecuteReader'.
2025-12-13 21:05:25.981 +01:00 [DBG] Created DbCommand for 'ExecuteReader' (1ms).
2025-12-13 21:05:25.983 +01:00 [DBG] Initialized DbCommand for 'ExecuteReader' (3ms).
2025-12-13 21:05:25.985 +01:00 [DBG] Executing DbCommand [Parameters=[], CommandType='"Text"', CommandTimeout='30']
SELECT `a`.`AnimalId`, `a`.`Age`, `a`.`Description`, `a`.`IsAvailable`, `a`.`Name`, `a`.`Photo`, `a`.`Species`
FROM `Animals` AS `a`
WHERE `a`.`IsAvailable`
2025-12-13 21:05:25.989 +01:00 [INF] Executed DbCommand (4ms) [Parameters=[], CommandType='"Text"', CommandTimeout='30']
SELECT `a`.`AnimalId`, `a`.`Age`, `a`.`Description`, `a`.`IsAvailable`, `a`.`Name`, `a`.`Photo`, `a`.`Species`
FROM `Animals` AS `a`
WHERE `a`.`IsAvailable`
2025-12-13 21:05:25.996 +01:00 [DBG] Closing data reader to 'shelter' on server '127.0.0.1'.
2025-12-13 21:05:25.998 +01:00 [DBG] A data reader for 'shelter' on server '127.0.0.1' is being disposed after spending 5ms reading results.
2025-12-13 21:05:26.000 +01:00 [DBG] Closing connection to database 'shelter' on server '127.0.0.1'.
2025-12-13 21:05:26.002 +01:00 [DBG] Closed connection to database 'shelter' on server '127.0.0.1' (1ms).
2025-12-13 21:05:26.009 +01:00 [DBG] View lookup cache miss for view 'Index' in controller 'Adoptions'.
2025-12-13 21:05:26.012 +01:00 [INF] Executing ViewResult, running view Index.
2025-12-13 21:05:26.014 +01:00 [DBG] The view path '/Views/Adoptions/Index.cshtml' was found in 5.119ms.
2025-12-13 21:05:26.035 +01:00 [DBG] View lookup cache miss for view '_Layout' in controller 'Adoptions'.
2025-12-13 21:05:26.045 +01:00 [DBG] Found the endpoints ["Route: {controller=Home}/{action=Index}/{id?}"] for address (action=[Logout],controller=[Account])
2025-12-13 21:05:26.048 +01:00 [DBG] Successfully processed template {controller=Home}/{action=Index}/{id?} for Route: {controller=Home}/{action=Index}/{id?} resulting in /Account/Logout and 
2025-12-13 21:05:26.051 +01:00 [DBG] Link generation succeeded for endpoints ["Route: {controller=Home}/{action=Index}/{id?}"] with result /Account/Logout
2025-12-13 21:05:26.054 +01:00 [DBG] An antiforgery cookie token was reused.
2025-12-13 21:05:26.057 +01:00 [DBG] Response markup is scheduled to include Browser Link script injection.
2025-12-13 21:05:26.058 +01:00 [DBG] Response markup is scheduled to include browser refresh script injection.
2025-12-13 21:05:26.060 +01:00 [INF] Executed ViewResult - view Index executed in 50.8605ms.
2025-12-13 21:05:26.064 +01:00 [INF] Executed action ValcharUtulek.Controllers.AdoptionsController.Index (ValcharUtulek) in 494.0789ms
2025-12-13 21:05:26.067 +01:00 [INF] Executed endpoint 'ValcharUtulek.Controllers.AdoptionsController.Index (ValcharUtulek)'
2025-12-13 21:05:26.071 +01:00 [DBG] Response markup was updated to include Browser Link script injection.
2025-12-13 21:05:26.073 +01:00 [DBG] Response markup was updated to include browser refresh script injection.
2025-12-13 21:05:26.075 +01:00 [DBG] 'ShelterDbContext' disposed.
2025-12-13 21:05:26.081 +01:00 [DBG] Disposing connection to database 'shelter' on server '127.0.0.1'.
2025-12-13 21:05:26.085 +01:00 [DBG] Disposed connection to database 'shelter' on server '127.0.0.1' (4ms).
2025-12-13 21:05:26.089 +01:00 [INF] Request finished HTTP/2 GET https://localhost:7079/Adoptions - 200 null text/html; charset=utf-8 570.5666ms
2025-12-13 21:05:26.134 +01:00 [INF] Request starting HTTP/2 GET https://localhost:7079/_framework/aspnetcore-browser-refresh.js - null null
2025-12-13 21:05:26.135 +01:00 [INF] Request starting HTTP/2 GET https://localhost:7079/_vs/browserLink - null null
2025-12-13 21:05:26.139 +01:00 [DBG] Script injected: /_framework/aspnetcore-browser-refresh.js
2025-12-13 21:05:26.144 +01:00 [INF] Request finished HTTP/2 GET https://localhost:7079/_framework/aspnetcore-browser-refresh.js - 200 16511 application/javascript; charset=utf-8 10.3769ms
2025-12-13 21:05:26.169 +01:00 [INF] Request finished HTTP/2 GET https://localhost:7079/_vs/browserLink - 200 null text/javascript; charset=UTF-8 34.4338ms
2025-12-13 21:05:30.444 +01:00 [INF] Request starting HTTP/2 POST https://localhost:7079/Account/Logout - application/x-www-form-urlencoded 225
2025-12-13 21:05:30.451 +01:00 [DBG] POST requests are not supported
2025-12-13 21:05:30.457 +01:00 [DBG] 1 candidate(s) found for the request path '/Account/Logout'
2025-12-13 21:05:30.460 +01:00 [DBG] Endpoint 'ValcharUtulek.Controllers.AccountController.Logout (ValcharUtulek)' with route pattern '{controller=Home}/{action=Index}/{id?}' is valid for the request path '/Account/Logout'
2025-12-13 21:05:30.463 +01:00 [DBG] Request matched endpoint 'ValcharUtulek.Controllers.AccountController.Logout (ValcharUtulek)'
2025-12-13 21:05:30.468 +01:00 [DBG] AuthenticationScheme: Cookies was successfully authenticated.
2025-12-13 21:05:30.470 +01:00 [INF] Executing endpoint 'ValcharUtulek.Controllers.AccountController.Logout (ValcharUtulek)'
2025-12-13 21:05:30.477 +01:00 [INF] Route matched with {action = "Logout", controller = "Account"}. Executing controller action with signature System.Threading.Tasks.Task`1[Microsoft.AspNetCore.Mvc.IActionResult] Logout() on controller ValcharUtulek.Controllers.AccountController (ValcharUtulek).
2025-12-13 21:05:30.480 +01:00 [DBG] Execution plan of authorization filters (in the following order): ["Microsoft.AspNetCore.Mvc.ViewFeatures.Filters.ValidateAntiforgeryTokenAuthorizationFilter"]
2025-12-13 21:05:30.482 +01:00 [DBG] Execution plan of resource filters (in the following order): ["Microsoft.AspNetCore.Mvc.ViewFeatures.Filters.SaveTempDataFilter"]
2025-12-13 21:05:30.484 +01:00 [DBG] Execution plan of action filters (in the following order): ["Microsoft.AspNetCore.Mvc.Filters.ControllerActionFilter (Order: -2147483648)","Microsoft.AspNetCore.Mvc.ModelBinding.UnsupportedContentTypeFilter (Order: -3000)"]
2025-12-13 21:05:30.486 +01:00 [DBG] Execution plan of exception filters (in the following order): ["None"]
2025-12-13 21:05:30.488 +01:00 [DBG] Execution plan of result filters (in the following order): ["Microsoft.AspNetCore.Mvc.ViewFeatures.Filters.SaveTempDataFilter"]
2025-12-13 21:05:30.498 +01:00 [DBG] Connection id "0HNHQGBP9OUGG", Request id "0HNHQGBP9OUGG:0000000D": started reading request body.
2025-12-13 21:05:30.500 +01:00 [DBG] Connection id "0HNHQGBP9OUGG", Request id "0HNHQGBP9OUGG:0000000D": done reading request body.
2025-12-13 21:05:30.504 +01:00 [DBG] Antiforgery successfully validated a request.
2025-12-13 21:05:30.505 +01:00 [DBG] Executing controller factory for controller ValcharUtulek.Controllers.AccountController (ValcharUtulek)
2025-12-13 21:05:30.521 +01:00 [DBG] Executed controller factory for controller ValcharUtulek.Controllers.AccountController (ValcharUtulek)
2025-12-13 21:05:30.530 +01:00 [INF] AuthenticationScheme: Cookies signed out.
2025-12-13 21:05:30.531 +01:00 [INF] User logged out.
2025-12-13 21:05:30.533 +01:00 [DBG] Found the endpoints ["Route: {controller=Home}/{action=Index}/{id?}"] for address (action=[Index],controller=[Home])
2025-12-13 21:05:30.537 +01:00 [DBG] Successfully processed template {controller=Home}/{action=Index}/{id?} for Route: {controller=Home}/{action=Index}/{id?} resulting in  and 
2025-12-13 21:05:30.539 +01:00 [DBG] Link generation succeeded for endpoints ["Route: {controller=Home}/{action=Index}/{id?}"] with result /
2025-12-13 21:05:30.542 +01:00 [INF] Executing RedirectResult, redirecting to /.
2025-12-13 21:05:30.544 +01:00 [INF] Executed action ValcharUtulek.Controllers.AccountController.Logout (ValcharUtulek) in 53.5774ms
2025-12-13 21:05:30.546 +01:00 [INF] Executed endpoint 'ValcharUtulek.Controllers.AccountController.Logout (ValcharUtulek)'
2025-12-13 21:05:30.548 +01:00 [INF] Request finished HTTP/2 POST https://localhost:7079/Account/Logout - 302 0 null 103.5863ms
2025-12-13 21:05:30.557 +01:00 [INF] Request starting HTTP/2 GET https://localhost:7079/ - null null
2025-12-13 21:05:30.562 +01:00 [DBG] The request path / does not match a supported file type
2025-12-13 21:05:30.564 +01:00 [DBG] 1 candidate(s) found for the request path '/'
2025-12-13 21:05:30.565 +01:00 [DBG] Endpoint 'ValcharUtulek.Controllers.HomeController.Index (ValcharUtulek)' with route pattern '{controller=Home}/{action=Index}/{id?}' is valid for the request path '/'
2025-12-13 21:05:30.567 +01:00 [DBG] Request matched endpoint 'ValcharUtulek.Controllers.HomeController.Index (ValcharUtulek)'
2025-12-13 21:05:30.569 +01:00 [DBG] AuthenticationScheme: Cookies was not authenticated.
2025-12-13 21:05:30.571 +01:00 [INF] Executing endpoint 'ValcharUtulek.Controllers.HomeController.Index (ValcharUtulek)'
2025-12-13 21:05:30.573 +01:00 [INF] Route matched with {action = "Index", controller = "Home"}. Executing controller action with signature Microsoft.AspNetCore.Mvc.IActionResult Index() on controller ValcharUtulek.Controllers.HomeController (ValcharUtulek).
2025-12-13 21:05:30.575 +01:00 [DBG] Execution plan of authorization filters (in the following order): ["None"]
2025-12-13 21:05:30.577 +01:00 [DBG] Execution plan of resource filters (in the following order): ["Microsoft.AspNetCore.Mvc.ViewFeatures.Filters.SaveTempDataFilter"]
2025-12-13 21:05:30.579 +01:00 [DBG] Execution plan of action filters (in the following order): ["Microsoft.AspNetCore.Mvc.Filters.ControllerActionFilter (Order: -2147483648)","Microsoft.AspNetCore.Mvc.ModelBinding.UnsupportedContentTypeFilter (Order: -3000)"]
2025-12-13 21:05:30.581 +01:00 [DBG] Execution plan of exception filters (in the following order): ["None"]
2025-12-13 21:05:30.583 +01:00 [DBG] Execution plan of result filters (in the following order): ["Microsoft.AspNetCore.Mvc.ViewFeatures.Filters.SaveTempDataFilter"]
2025-12-13 21:05:30.585 +01:00 [DBG] Executing controller factory for controller ValcharUtulek.Controllers.HomeController (ValcharUtulek)
2025-12-13 21:05:30.587 +01:00 [DBG] Executed controller factory for controller ValcharUtulek.Controllers.HomeController (ValcharUtulek)
2025-12-13 21:05:30.589 +01:00 [DBG] View lookup cache hit for view 'Index' in controller 'Home'.
2025-12-13 21:05:30.590 +01:00 [INF] Executing ViewResult, running view Index.
2025-12-13 21:05:30.592 +01:00 [DBG] The view path '/Views/Home/Index.cshtml' was found in 3.4635ms.
2025-12-13 21:05:30.594 +01:00 [DBG] View lookup cache hit for view '_Layout' in controller 'Home'.
2025-12-13 21:05:30.597 +01:00 [DBG] Response markup is scheduled to include Browser Link script injection.
2025-12-13 21:05:30.598 +01:00 [DBG] Response markup is scheduled to include browser refresh script injection.
2025-12-13 21:05:30.599 +01:00 [INF] Executed ViewResult - view Index executed in 10.3804ms.
2025-12-13 21:05:30.601 +01:00 [INF] Executed action ValcharUtulek.Controllers.HomeController.Index (ValcharUtulek) in 16.2836ms
2025-12-13 21:05:30.603 +01:00 [INF] Executed endpoint 'ValcharUtulek.Controllers.HomeController.Index (ValcharUtulek)'
2025-12-13 21:05:30.604 +01:00 [DBG] Response markup was updated to include Browser Link script injection.
2025-12-13 21:05:30.605 +01:00 [DBG] Response markup was updated to include browser refresh script injection.
2025-12-13 21:05:30.606 +01:00 [INF] Request finished HTTP/2 GET https://localhost:7079/ - 200 null text/html; charset=utf-8 49.3895ms
2025-12-13 21:05:30.645 +01:00 [INF] Request starting HTTP/2 GET https://localhost:7079/_vs/browserLink - null null
2025-12-13 21:05:30.646 +01:00 [INF] Request starting HTTP/2 GET https://localhost:7079/_framework/aspnetcore-browser-refresh.js - null null
2025-12-13 21:05:30.655 +01:00 [DBG] Script injected: /_framework/aspnetcore-browser-refresh.js
2025-12-13 21:05:30.657 +01:00 [INF] Request finished HTTP/2 GET https://localhost:7079/_framework/aspnetcore-browser-refresh.js - 200 16511 application/javascript; charset=utf-8 11.3505ms
2025-12-13 21:05:30.658 +01:00 [INF] Request finished HTTP/2 GET https://localhost:7079/_vs/browserLink - 200 null text/javascript; charset=UTF-8 13.9119ms
2025-12-13 21:05:32.539 +01:00 [INF] Request starting HTTP/2 GET https://localhost:7079/Gifts - null null
2025-12-13 21:05:32.545 +01:00 [DBG] The request path /Gifts does not match a supported file type
2025-12-13 21:05:32.547 +01:00 [DBG] 1 candidate(s) found for the request path '/Gifts'
2025-12-13 21:05:32.548 +01:00 [DBG] Endpoint 'ValcharUtulek.Controllers.GiftsController.Index (ValcharUtulek)' with route pattern '{controller=Home}/{action=Index}/{id?}' is valid for the request path '/Gifts'
2025-12-13 21:05:32.551 +01:00 [DBG] Request matched endpoint 'ValcharUtulek.Controllers.GiftsController.Index (ValcharUtulek)'
2025-12-13 21:05:32.552 +01:00 [DBG] AuthenticationScheme: Cookies was not authenticated.
2025-12-13 21:05:32.554 +01:00 [INF] Executing endpoint 'ValcharUtulek.Controllers.GiftsController.Index (ValcharUtulek)'
2025-12-13 21:05:32.559 +01:00 [INF] Route matched with {action = "Index", controller = "Gifts"}. Executing controller action with signature System.Threading.Tasks.Task`1[Microsoft.AspNetCore.Mvc.IActionResult] Index() on controller ValcharUtulek.Controllers.GiftsController (ValcharUtulek).
2025-12-13 21:05:32.562 +01:00 [DBG] Execution plan of authorization filters (in the following order): ["None"]
2025-12-13 21:05:32.564 +01:00 [DBG] Execution plan of resource filters (in the following order): ["Microsoft.AspNetCore.Mvc.ViewFeatures.Filters.SaveTempDataFilter"]
2025-12-13 21:05:32.565 +01:00 [DBG] Execution plan of action filters (in the following order): ["Microsoft.AspNetCore.Mvc.Filters.ControllerActionFilter (Order: -2147483648)","Microsoft.AspNetCore.Mvc.ModelBinding.UnsupportedContentTypeFilter (Order: -3000)"]
2025-12-13 21:05:32.567 +01:00 [DBG] Execution plan of exception filters (in the following order): ["None"]
2025-12-13 21:05:32.569 +01:00 [DBG] Execution plan of result filters (in the following order): ["Microsoft.AspNetCore.Mvc.ViewFeatures.Filters.SaveTempDataFilter"]
2025-12-13 21:05:32.571 +01:00 [DBG] Executing controller factory for controller ValcharUtulek.Controllers.GiftsController (ValcharUtulek)
2025-12-13 21:05:32.582 +01:00 [DBG] Executed controller factory for controller ValcharUtulek.Controllers.GiftsController (ValcharUtulek)
2025-12-13 21:05:32.643 +01:00 [DBG] Entity Framework Core 9.0.10 initialized 'ShelterDbContext' using provider 'Pomelo.EntityFrameworkCore.MySql:9.0.0' with options: ParameterizedCollectionTranslationMode=Constantize ServerVersion=8.0.44-mysql 
2025-12-13 21:05:32.647 +01:00 [DBG] Compiling query expression: 
'DbSet<Gift>()'
2025-12-13 21:05:32.654 +01:00 [DBG] Generated query execution expression: 
'queryContext => SingleQueryingEnumerable.Create<Gift>(
    relationalQueryContext: (RelationalQueryContext)queryContext, 
    relationalCommandResolver: parameters => [LIFTABLE Constant: RelationalCommandCache.QueryExpression(
        Projection Mapping:
            EmptyProjectionMember -> Dictionary<IProperty, int> { [Property: Gift.GiftId (int) Required PK AfterSave:Throw ValueGenerated.OnAdd, 0], [Property: Gift.Amount (double) Required, 1], [Property: Gift.GiftDate (DateOnly) Required, 2], [Property: Gift.UserId (int) Required, 3] }
        SELECT g.GiftId, g.Amount, g.GiftDate, g.UserId
        FROM Gifts AS g) | Resolver: c => new RelationalCommandCache(
        c.Dependencies.MemoryCache, 
        c.RelationalDependencies.QuerySqlGeneratorFactory, 
        c.RelationalDependencies.RelationalParameterBasedSqlProcessorFactory, 
        Projection Mapping:
            EmptyProjectionMember -> Dictionary<IProperty, int> { [Property: Gift.GiftId (int) Required PK AfterSave:Throw ValueGenerated.OnAdd, 0], [Property: Gift.Amount (double) Required, 1], [Property: Gift.GiftDate (DateOnly) Required, 2], [Property: Gift.UserId (int) Required, 3] }
        SELECT g.GiftId, g.Amount, g.GiftDate, g.UserId
        FROM Gifts AS g, 
        False, 
        new HashSet<string>(
            new string[]{ }, 
            StringComparer.Ordinal
        )
    )].GetRelationalCommandTemplate(parameters), 
    readerColumns: null, 
    shaper: (queryContext, dataReader, resultContext, resultCoordinator) => 
    {
        Gift entity;
        entity = 
        {
            MaterializationContext materializationContext1;
            IEntityType entityType1;
            Gift instance1;
            InternalEntityEntry entry1;
            bool hasNullKey1;
            materializationContext1 = new MaterializationContext(
                [LIFTABLE Constant: ValueBuffer | Resolver: _ => (object)ValueBuffer.Empty], 
                queryContext.Context
            );
            instance1 = default(Gift);
            entry1 = queryContext.TryGetEntry(
                key: Key: Gift.GiftId PK, 
                keyValues: new object[]{ (object)dataReader.GetInt32(0) }, 
                throwOnNullKey: True, 
                hasNullKey: hasNullKey1);
            !(hasNullKey1) ? entry1 != default(InternalEntityEntry) ? 
            {
                entityType1 = entry1.EntityType;
                return instance1 = (Gift)entry1.Entity;
            } : 
            {
                ISnapshot shadowSnapshot1;
                shadowSnapshot1 = Snapshot;
                entityType1 = EntityType: Gift;
                instance1 = switch (entityType1)
                {
                    case EntityType: Gift: 
                        {
                            return 
                            {
                                Gift instance;
                                instance = new Gift();
                                instance.<GiftId>k__BackingField = dataReader.GetInt32(0);
                                instance.<Amount>k__BackingField = dataReader.GetDouble(1);
                                instance.<GiftDate>k__BackingField = dataReader.GetFieldValue<DateOnly>(2);
                                instance.<UserId>k__BackingField = dataReader.GetInt32(3);
                                (instance is IInjectableService) ? ((IInjectableService)instance).Injected(
                                    context: materializationContext1.Context, 
                                    entity: instance, 
                                    queryTrackingBehavior: TrackAll, 
                                    structuralType: EntityType: Gift) : default(void);
                                return instance;
                            }}
                    default: 
                        default(Gift)
                }
                ;
                entry1 = entityType1 == default(IEntityType) ? default(InternalEntityEntry) : queryContext.StartTracking(
                    entityType: entityType1, 
                    entity: instance1, 
                    snapshot: shadowSnapshot1);
                return instance1;
            } : default(void);
            return instance1;
        };
        return entity;
    }, 
    contextType: ValcharUtulek.Database.ShelterDbContext, 
    standAloneStateManager: False, 
    detailedErrorsEnabled: False, 
    threadSafetyChecksEnabled: True)'
2025-12-13 21:05:32.658 +01:00 [DBG] Creating DbConnection.
2025-12-13 21:05:32.659 +01:00 [DBG] Created DbConnection. (1ms).
2025-12-13 21:05:32.660 +01:00 [DBG] Opening connection to database 'shelter' on server '127.0.0.1'.
2025-12-13 21:05:32.663 +01:00 [DBG] Opened connection to database 'shelter' on server '127.0.0.1'.
2025-12-13 21:05:32.664 +01:00 [DBG] Creating DbCommand for 'ExecuteReader'.
2025-12-13 21:05:32.665 +01:00 [DBG] Created DbCommand for 'ExecuteReader' (1ms).
2025-12-13 21:05:32.667 +01:00 [DBG] Initialized DbCommand for 'ExecuteReader' (2ms).
2025-12-13 21:05:32.669 +01:00 [DBG] Executing DbCommand [Parameters=[], CommandType='"Text"', CommandTimeout='30']
SELECT `g`.`GiftId`, `g`.`Amount`, `g`.`GiftDate`, `g`.`UserId`
FROM `Gifts` AS `g`
2025-12-13 21:05:32.672 +01:00 [INF] Executed DbCommand (3ms) [Parameters=[], CommandType='"Text"', CommandTimeout='30']
SELECT `g`.`GiftId`, `g`.`Amount`, `g`.`GiftDate`, `g`.`UserId`
FROM `Gifts` AS `g`
2025-12-13 21:05:32.675 +01:00 [DBG] Closing data reader to 'shelter' on server '127.0.0.1'.
2025-12-13 21:05:32.677 +01:00 [DBG] A data reader for 'shelter' on server '127.0.0.1' is being disposed after spending 2ms reading results.
2025-12-13 21:05:32.678 +01:00 [DBG] Closing connection to database 'shelter' on server '127.0.0.1'.
2025-12-13 21:05:32.680 +01:00 [DBG] Closed connection to database 'shelter' on server '127.0.0.1' (1ms).
2025-12-13 21:05:32.682 +01:00 [DBG] View lookup cache miss for view 'Index' in controller 'Gifts'.
2025-12-13 21:05:32.685 +01:00 [INF] Executing ViewResult, running view Index.
2025-12-13 21:05:32.686 +01:00 [DBG] The view path '/Views/Gifts/Index.cshtml' was found in 4.1037ms.
2025-12-13 21:05:32.695 +01:00 [DBG] Found the endpoints ["Route: {controller=Home}/{action=Index}/{id?}"] for address (action=[Create],controller=[Gifts])
2025-12-13 21:05:32.697 +01:00 [DBG] Successfully processed template {controller=Home}/{action=Index}/{id?} for Route: {controller=Home}/{action=Index}/{id?} resulting in /Gifts/Create and 
2025-12-13 21:05:32.700 +01:00 [DBG] Link generation succeeded for endpoints ["Route: {controller=Home}/{action=Index}/{id?}"] with result /Gifts/Create
2025-12-13 21:05:32.709 +01:00 [DBG] View lookup cache miss for view '_Layout' in controller 'Gifts'.
2025-12-13 21:05:32.712 +01:00 [DBG] Response markup is scheduled to include Browser Link script injection.
2025-12-13 21:05:32.713 +01:00 [DBG] Response markup is scheduled to include browser refresh script injection.
2025-12-13 21:05:32.714 +01:00 [INF] Executed ViewResult - view Index executed in 31.5622ms.
2025-12-13 21:05:32.715 +01:00 [INF] Executed action ValcharUtulek.Controllers.GiftsController.Index (ValcharUtulek) in 143.8799ms
2025-12-13 21:05:32.717 +01:00 [INF] Executed endpoint 'ValcharUtulek.Controllers.GiftsController.Index (ValcharUtulek)'
2025-12-13 21:05:32.718 +01:00 [DBG] Response markup was updated to include Browser Link script injection.
2025-12-13 21:05:32.719 +01:00 [DBG] Response markup was updated to include browser refresh script injection.
2025-12-13 21:05:32.721 +01:00 [DBG] 'ShelterDbContext' disposed.
2025-12-13 21:05:32.723 +01:00 [DBG] Disposing connection to database 'shelter' on server '127.0.0.1'.
2025-12-13 21:05:32.725 +01:00 [DBG] Disposed connection to database 'shelter' on server '127.0.0.1' (2ms).
2025-12-13 21:05:32.727 +01:00 [INF] Request finished HTTP/2 GET https://localhost:7079/Gifts - 200 null text/html; charset=utf-8 188.5211ms
2025-12-13 21:05:32.768 +01:00 [INF] Request starting HTTP/2 GET https://localhost:7079/_vs/browserLink - null null
2025-12-13 21:05:32.768 +01:00 [INF] Request starting HTTP/2 GET https://localhost:7079/_framework/aspnetcore-browser-refresh.js - null null
2025-12-13 21:05:32.775 +01:00 [DBG] Script injected: /_framework/aspnetcore-browser-refresh.js
2025-12-13 21:05:32.777 +01:00 [INF] Request finished HTTP/2 GET https://localhost:7079/_vs/browserLink - 200 null text/javascript; charset=UTF-8 9.6266ms
2025-12-13 21:05:32.778 +01:00 [INF] Request finished HTTP/2 GET https://localhost:7079/_framework/aspnetcore-browser-refresh.js - 200 16511 application/javascript; charset=utf-8 9.9723ms
2025-12-13 21:05:33.459 +01:00 [INF] Request starting HTTP/2 GET https://localhost:7079/Adoptions - null null
2025-12-13 21:05:33.465 +01:00 [DBG] The request path /Adoptions does not match a supported file type
2025-12-13 21:05:33.467 +01:00 [DBG] 1 candidate(s) found for the request path '/Adoptions'
2025-12-13 21:05:33.468 +01:00 [DBG] Endpoint 'ValcharUtulek.Controllers.AdoptionsController.Index (ValcharUtulek)' with route pattern '{controller=Home}/{action=Index}/{id?}' is valid for the request path '/Adoptions'
2025-12-13 21:05:33.470 +01:00 [DBG] Request matched endpoint 'ValcharUtulek.Controllers.AdoptionsController.Index (ValcharUtulek)'
2025-12-13 21:05:33.472 +01:00 [DBG] AuthenticationScheme: Cookies was not authenticated.
2025-12-13 21:05:33.473 +01:00 [INF] Executing endpoint 'ValcharUtulek.Controllers.AdoptionsController.Index (ValcharUtulek)'
2025-12-13 21:05:33.475 +01:00 [INF] Route matched with {action = "Index", controller = "Adoptions"}. Executing controller action with signature System.Threading.Tasks.Task`1[Microsoft.AspNetCore.Mvc.IActionResult] Index() on controller ValcharUtulek.Controllers.AdoptionsController (ValcharUtulek).
2025-12-13 21:05:33.477 +01:00 [DBG] Execution plan of authorization filters (in the following order): ["None"]
2025-12-13 21:05:33.479 +01:00 [DBG] Execution plan of resource filters (in the following order): ["Microsoft.AspNetCore.Mvc.ViewFeatures.Filters.SaveTempDataFilter"]
2025-12-13 21:05:33.481 +01:00 [DBG] Execution plan of action filters (in the following order): ["Microsoft.AspNetCore.Mvc.Filters.ControllerActionFilter (Order: -2147483648)","Microsoft.AspNetCore.Mvc.ModelBinding.UnsupportedContentTypeFilter (Order: -3000)"]
2025-12-13 21:05:33.484 +01:00 [DBG] Execution plan of exception filters (in the following order): ["None"]
2025-12-13 21:05:33.486 +01:00 [DBG] Execution plan of result filters (in the following order): ["Microsoft.AspNetCore.Mvc.ViewFeatures.Filters.SaveTempDataFilter"]
2025-12-13 21:05:33.488 +01:00 [DBG] Executing controller factory for controller ValcharUtulek.Controllers.AdoptionsController (ValcharUtulek)
2025-12-13 21:05:33.498 +01:00 [DBG] Executed controller factory for controller ValcharUtulek.Controllers.AdoptionsController (ValcharUtulek)
2025-12-13 21:05:33.501 +01:00 [DBG] Entity Framework Core 9.0.10 initialized 'ShelterDbContext' using provider 'Pomelo.EntityFrameworkCore.MySql:9.0.0' with options: ParameterizedCollectionTranslationMode=Constantize ServerVersion=8.0.44-mysql 
2025-12-13 21:05:33.510 +01:00 [DBG] Creating DbConnection.
2025-12-13 21:05:33.512 +01:00 [DBG] Created DbConnection. (1ms).
2025-12-13 21:05:33.514 +01:00 [DBG] Opening connection to database 'shelter' on server '127.0.0.1'.
2025-12-13 21:05:33.516 +01:00 [DBG] Opened connection to database 'shelter' on server '127.0.0.1'.
2025-12-13 21:05:33.518 +01:00 [DBG] Creating DbCommand for 'ExecuteReader'.
2025-12-13 21:05:33.519 +01:00 [DBG] Created DbCommand for 'ExecuteReader' (1ms).
2025-12-13 21:05:33.520 +01:00 [DBG] Initialized DbCommand for 'ExecuteReader' (2ms).
2025-12-13 21:05:33.522 +01:00 [DBG] Executing DbCommand [Parameters=[], CommandType='"Text"', CommandTimeout='30']
SELECT `a`.`AnimalId`, `a`.`Age`, `a`.`Description`, `a`.`IsAvailable`, `a`.`Name`, `a`.`Photo`, `a`.`Species`
FROM `Animals` AS `a`
WHERE `a`.`IsAvailable`
2025-12-13 21:05:33.525 +01:00 [INF] Executed DbCommand (3ms) [Parameters=[], CommandType='"Text"', CommandTimeout='30']
SELECT `a`.`AnimalId`, `a`.`Age`, `a`.`Description`, `a`.`IsAvailable`, `a`.`Name`, `a`.`Photo`, `a`.`Species`
FROM `Animals` AS `a`
WHERE `a`.`IsAvailable`
2025-12-13 21:05:33.528 +01:00 [DBG] Closing data reader to 'shelter' on server '127.0.0.1'.
2025-12-13 21:05:33.530 +01:00 [DBG] A data reader for 'shelter' on server '127.0.0.1' is being disposed after spending 1ms reading results.
2025-12-13 21:05:33.532 +01:00 [DBG] Closing connection to database 'shelter' on server '127.0.0.1'.
2025-12-13 21:05:33.533 +01:00 [DBG] Closed connection to database 'shelter' on server '127.0.0.1' (1ms).
2025-12-13 21:05:33.535 +01:00 [DBG] View lookup cache hit for view 'Index' in controller 'Adoptions'.
2025-12-13 21:05:33.536 +01:00 [INF] Executing ViewResult, running view Index.
2025-12-13 21:05:33.538 +01:00 [DBG] The view path '/Views/Adoptions/Index.cshtml' was found in 2.7656ms.
2025-12-13 21:05:33.540 +01:00 [DBG] View lookup cache hit for view '_Layout' in controller 'Adoptions'.
2025-12-13 21:05:33.542 +01:00 [DBG] Response markup is scheduled to include Browser Link script injection.
2025-12-13 21:05:33.543 +01:00 [DBG] Response markup is scheduled to include browser refresh script injection.
2025-12-13 21:05:33.544 +01:00 [INF] Executed ViewResult - view Index executed in 9.4981ms.
2025-12-13 21:05:33.546 +01:00 [INF] Executed action ValcharUtulek.Controllers.AdoptionsController.Index (ValcharUtulek) in 58.6665ms
2025-12-13 21:05:33.548 +01:00 [INF] Executed endpoint 'ValcharUtulek.Controllers.AdoptionsController.Index (ValcharUtulek)'
2025-12-13 21:05:33.550 +01:00 [DBG] Response markup was updated to include Browser Link script injection.
2025-12-13 21:05:33.551 +01:00 [DBG] Response markup was updated to include browser refresh script injection.
2025-12-13 21:05:33.552 +01:00 [DBG] 'ShelterDbContext' disposed.
2025-12-13 21:05:33.554 +01:00 [DBG] Disposing connection to database 'shelter' on server '127.0.0.1'.
2025-12-13 21:05:33.557 +01:00 [DBG] Disposed connection to database 'shelter' on server '127.0.0.1' (2ms).
2025-12-13 21:05:33.560 +01:00 [INF] Request finished HTTP/2 GET https://localhost:7079/Adoptions - 200 null text/html; charset=utf-8 100.4613ms
2025-12-13 21:05:33.609 +01:00 [INF] Request starting HTTP/2 GET https://localhost:7079/_framework/aspnetcore-browser-refresh.js - null null
2025-12-13 21:05:33.609 +01:00 [INF] Request starting HTTP/2 GET https://localhost:7079/_vs/browserLink - null null
2025-12-13 21:05:33.622 +01:00 [DBG] Script injected: /_framework/aspnetcore-browser-refresh.js
2025-12-13 21:05:33.634 +01:00 [INF] Request finished HTTP/2 GET https://localhost:7079/_framework/aspnetcore-browser-refresh.js - 200 16511 application/javascript; charset=utf-8 20.4961ms
2025-12-13 21:05:33.638 +01:00 [INF] Request finished HTTP/2 GET https://localhost:7079/_vs/browserLink - 200 null text/javascript; charset=UTF-8 29.0232ms
2025-12-13 21:05:35.075 +01:00 [INF] Request starting HTTP/2 GET https://localhost:7079/Account/Login - null null
2025-12-13 21:05:35.081 +01:00 [DBG] The request path /Account/Login does not match a supported file type
2025-12-13 21:05:35.083 +01:00 [DBG] 1 candidate(s) found for the request path '/Account/Login'
2025-12-13 21:05:35.085 +01:00 [DBG] Endpoint 'ValcharUtulek.Controllers.AccountController.Login (ValcharUtulek)' with route pattern '{controller=Home}/{action=Index}/{id?}' is valid for the request path '/Account/Login'
2025-12-13 21:05:35.087 +01:00 [DBG] Request matched endpoint 'ValcharUtulek.Controllers.AccountController.Login (ValcharUtulek)'
2025-12-13 21:05:35.089 +01:00 [DBG] AuthenticationScheme: Cookies was not authenticated.
2025-12-13 21:05:35.090 +01:00 [INF] Executing endpoint 'ValcharUtulek.Controllers.AccountController.Login (ValcharUtulek)'
2025-12-13 21:05:35.100 +01:00 [INF] Route matched with {action = "Login", controller = "Account"}. Executing controller action with signature Microsoft.AspNetCore.Mvc.IActionResult Login(System.String) on controller ValcharUtulek.Controllers.AccountController (ValcharUtulek).
2025-12-13 21:05:35.102 +01:00 [DBG] Execution plan of authorization filters (in the following order): ["None"]
2025-12-13 21:05:35.104 +01:00 [DBG] Execution plan of resource filters (in the following order): ["Microsoft.AspNetCore.Mvc.ViewFeatures.Filters.SaveTempDataFilter"]
2025-12-13 21:05:35.106 +01:00 [DBG] Execution plan of action filters (in the following order): ["Microsoft.AspNetCore.Mvc.Filters.ControllerActionFilter (Order: -2147483648)","Microsoft.AspNetCore.Mvc.ModelBinding.UnsupportedContentTypeFilter (Order: -3000)"]
2025-12-13 21:05:35.108 +01:00 [DBG] Execution plan of exception filters (in the following order): ["None"]
2025-12-13 21:05:35.110 +01:00 [DBG] Execution plan of result filters (in the following order): ["Microsoft.AspNetCore.Mvc.ViewFeatures.Filters.SaveTempDataFilter"]
2025-12-13 21:05:35.112 +01:00 [DBG] Executing controller factory for controller ValcharUtulek.Controllers.AccountController (ValcharUtulek)
2025-12-13 21:05:35.123 +01:00 [DBG] Executed controller factory for controller ValcharUtulek.Controllers.AccountController (ValcharUtulek)
2025-12-13 21:05:35.130 +01:00 [DBG] Attempting to bind parameter 'returnUrl' of type 'System.String' ...
2025-12-13 21:05:35.135 +01:00 [DBG] Attempting to bind parameter 'returnUrl' of type 'System.String' using the name '' in request data ...
2025-12-13 21:05:35.137 +01:00 [DBG] Could not find a value in the request with name '' for binding parameter 'returnUrl' of type 'System.String'.
2025-12-13 21:05:35.140 +01:00 [DBG] Done attempting to bind parameter 'returnUrl' of type 'System.String'.
2025-12-13 21:05:35.142 +01:00 [DBG] Done attempting to bind parameter 'returnUrl' of type 'System.String'.
2025-12-13 21:05:35.144 +01:00 [DBG] Attempting to validate the bound parameter 'returnUrl' of type 'System.String' ...
2025-12-13 21:05:35.149 +01:00 [DBG] Done attempting to validate the bound parameter 'returnUrl' of type 'System.String'.
2025-12-13 21:05:35.152 +01:00 [DBG] View lookup cache miss for view 'Login' in controller 'Account'.
2025-12-13 21:05:35.155 +01:00 [INF] Executing ViewResult, running view Login.
2025-12-13 21:05:35.156 +01:00 [DBG] The view path '/Views/Account/Login.cshtml' was found in 3.6867ms.
2025-12-13 21:05:35.166 +01:00 [DBG] Found the endpoints ["Route: {controller=Home}/{action=Index}/{id?}"] for address (returnurl=[],action=[Login],controller=[Account])
2025-12-13 21:05:35.168 +01:00 [DBG] Successfully processed template {controller=Home}/{action=Index}/{id?} for Route: {controller=Home}/{action=Index}/{id?} resulting in /Account/Login and 
2025-12-13 21:05:35.170 +01:00 [DBG] Link generation succeeded for endpoints ["Route: {controller=Home}/{action=Index}/{id?}"] with result /Account/Login
2025-12-13 21:05:35.172 +01:00 [DBG] An antiforgery cookie token was reused.
2025-12-13 21:05:35.207 +01:00 [DBG] Found the endpoints ["Route: {controller=Home}/{action=Index}/{id?}"] for address (action=[Register],controller=[Account])
2025-12-13 21:05:35.209 +01:00 [DBG] Successfully processed template {controller=Home}/{action=Index}/{id?} for Route: {controller=Home}/{action=Index}/{id?} resulting in /Account/Register and 
2025-12-13 21:05:35.212 +01:00 [DBG] Link generation succeeded for endpoints ["Route: {controller=Home}/{action=Index}/{id?}"] with result /Account/Register
2025-12-13 21:05:35.214 +01:00 [DBG] View lookup cache miss for view '_Layout' in controller 'Account'.
2025-12-13 21:05:35.219 +01:00 [DBG] View lookup cache miss for view '_ValidationScriptsPartial' in controller 'Account'.
2025-12-13 21:05:35.226 +01:00 [DBG] Response markup is scheduled to include Browser Link script injection.
2025-12-13 21:05:35.227 +01:00 [DBG] Response markup is scheduled to include browser refresh script injection.
2025-12-13 21:05:35.236 +01:00 [INF] Executed ViewResult - view Login executed in 83.226ms.
2025-12-13 21:05:35.240 +01:00 [INF] Executed action ValcharUtulek.Controllers.AccountController.Login (ValcharUtulek) in 127.2553ms
2025-12-13 21:05:35.242 +01:00 [INF] Executed endpoint 'ValcharUtulek.Controllers.AccountController.Login (ValcharUtulek)'
2025-12-13 21:05:35.243 +01:00 [DBG] Response markup was updated to include Browser Link script injection.
2025-12-13 21:05:35.244 +01:00 [DBG] Response markup was updated to include browser refresh script injection.
2025-12-13 21:05:35.245 +01:00 [INF] Request finished HTTP/2 GET https://localhost:7079/Account/Login - 200 null text/html; charset=utf-8 169.9763ms
2025-12-13 21:05:35.289 +01:00 [INF] Request starting HTTP/2 GET https://localhost:7079/_vs/browserLink - null null
2025-12-13 21:05:35.289 +01:00 [INF] Request starting HTTP/2 GET https://localhost:7079/_framework/aspnetcore-browser-refresh.js - null null
2025-12-13 21:05:35.297 +01:00 [DBG] Script injected: /_framework/aspnetcore-browser-refresh.js
2025-12-13 21:05:35.298 +01:00 [INF] Request finished HTTP/2 GET https://localhost:7079/_vs/browserLink - 200 null text/javascript; charset=UTF-8 8.8591ms
2025-12-13 21:05:35.299 +01:00 [INF] Request finished HTTP/2 GET https://localhost:7079/_framework/aspnetcore-browser-refresh.js - 200 16511 application/javascript; charset=utf-8 9.613ms
2025-12-13 21:05:40.029 +01:00 [INF] Request starting HTTP/2 POST https://localhost:7079/Account/Login - application/x-www-form-urlencoded 209
2025-12-13 21:05:40.034 +01:00 [DBG] POST requests are not supported
2025-12-13 21:05:40.036 +01:00 [DBG] 1 candidate(s) found for the request path '/Account/Login'
2025-12-13 21:05:40.038 +01:00 [DBG] Endpoint 'ValcharUtulek.Controllers.AccountController.Login (ValcharUtulek)' with route pattern '{controller=Home}/{action=Index}/{id?}' is valid for the request path '/Account/Login'
2025-12-13 21:05:40.040 +01:00 [DBG] Request matched endpoint 'ValcharUtulek.Controllers.AccountController.Login (ValcharUtulek)'
2025-12-13 21:05:40.042 +01:00 [DBG] AuthenticationScheme: Cookies was not authenticated.
2025-12-13 21:05:40.043 +01:00 [INF] Executing endpoint 'ValcharUtulek.Controllers.AccountController.Login (ValcharUtulek)'
2025-12-13 21:05:40.051 +01:00 [INF] Route matched with {action = "Login", controller = "Account"}. Executing controller action with signature System.Threading.Tasks.Task`1[Microsoft.AspNetCore.Mvc.IActionResult] Login(ValcharUtulek.Models.LoginViewModel, System.String) on controller ValcharUtulek.Controllers.AccountController (ValcharUtulek).
2025-12-13 21:05:40.053 +01:00 [DBG] Execution plan of authorization filters (in the following order): ["Microsoft.AspNetCore.Mvc.ViewFeatures.Filters.ValidateAntiforgeryTokenAuthorizationFilter"]
2025-12-13 21:05:40.055 +01:00 [DBG] Execution plan of resource filters (in the following order): ["Microsoft.AspNetCore.Mvc.ViewFeatures.Filters.SaveTempDataFilter"]
2025-12-13 21:05:40.057 +01:00 [DBG] Execution plan of action filters (in the following order): ["Microsoft.AspNetCore.Mvc.Filters.ControllerActionFilter (Order: -2147483648)","Microsoft.AspNetCore.Mvc.ModelBinding.UnsupportedContentTypeFilter (Order: -3000)"]
2025-12-13 21:05:40.059 +01:00 [DBG] Execution plan of exception filters (in the following order): ["None"]
2025-12-13 21:05:40.061 +01:00 [DBG] Execution plan of result filters (in the following order): ["Microsoft.AspNetCore.Mvc.ViewFeatures.Filters.SaveTempDataFilter"]
2025-12-13 21:05:40.063 +01:00 [DBG] Connection id "0HNHQGBP9OUGG", Request id "0HNHQGBP9OUGG:00000027": started reading request body.
2025-12-13 21:05:40.065 +01:00 [DBG] Connection id "0HNHQGBP9OUGG", Request id "0HNHQGBP9OUGG:00000027": done reading request body.
2025-12-13 21:05:40.067 +01:00 [DBG] Antiforgery successfully validated a request.
2025-12-13 21:05:40.068 +01:00 [DBG] Executing controller factory for controller ValcharUtulek.Controllers.AccountController (ValcharUtulek)
2025-12-13 21:05:40.077 +01:00 [DBG] Executed controller factory for controller ValcharUtulek.Controllers.AccountController (ValcharUtulek)
2025-12-13 21:05:40.083 +01:00 [DBG] Attempting to bind parameter 'model' of type 'ValcharUtulek.Models.LoginViewModel' ...
2025-12-13 21:05:40.086 +01:00 [DBG] Attempting to bind parameter 'model' of type 'ValcharUtulek.Models.LoginViewModel' using the name '' in request data ...
2025-12-13 21:05:40.091 +01:00 [DBG] Attempting to bind property 'ValcharUtulek.Models.LoginViewModel.Name' of type 'System.String' using the name 'Name' in request data ...
2025-12-13 21:05:40.095 +01:00 [DBG] Done attempting to bind property 'ValcharUtulek.Models.LoginViewModel.Name' of type 'System.String'.
2025-12-13 21:05:40.097 +01:00 [DBG] Attempting to bind property 'ValcharUtulek.Models.LoginViewModel.Password' of type 'System.String' using the name 'Password' in request data ...
2025-12-13 21:05:40.100 +01:00 [DBG] Done attempting to bind property 'ValcharUtulek.Models.LoginViewModel.Password' of type 'System.String'.
2025-12-13 21:05:40.102 +01:00 [DBG] Done attempting to bind parameter 'model' of type 'ValcharUtulek.Models.LoginViewModel'.
2025-12-13 21:05:40.103 +01:00 [DBG] Done attempting to bind parameter 'model' of type 'ValcharUtulek.Models.LoginViewModel'.
2025-12-13 21:05:40.105 +01:00 [DBG] Attempting to validate the bound parameter 'model' of type 'ValcharUtulek.Models.LoginViewModel' ...
2025-12-13 21:05:40.115 +01:00 [DBG] Done attempting to validate the bound parameter 'model' of type 'ValcharUtulek.Models.LoginViewModel'.
2025-12-13 21:05:40.117 +01:00 [DBG] Attempting to bind parameter 'returnUrl' of type 'System.String' ...
2025-12-13 21:05:40.119 +01:00 [DBG] Attempting to bind parameter 'returnUrl' of type 'System.String' using the name '' in request data ...
2025-12-13 21:05:40.122 +01:00 [DBG] Could not find a value in the request with name '' for binding parameter 'returnUrl' of type 'System.String'.
2025-12-13 21:05:40.124 +01:00 [DBG] Done attempting to bind parameter 'returnUrl' of type 'System.String'.
2025-12-13 21:05:40.127 +01:00 [DBG] Done attempting to bind parameter 'returnUrl' of type 'System.String'.
2025-12-13 21:05:40.128 +01:00 [DBG] Attempting to validate the bound parameter 'returnUrl' of type 'System.String' ...
2025-12-13 21:05:40.130 +01:00 [DBG] Done attempting to validate the bound parameter 'returnUrl' of type 'System.String'.
2025-12-13 21:05:40.134 +01:00 [DBG] Entity Framework Core 9.0.10 initialized 'ShelterDbContext' using provider 'Pomelo.EntityFrameworkCore.MySql:9.0.0' with options: ParameterizedCollectionTranslationMode=Constantize ServerVersion=8.0.44-mysql 
2025-12-13 21:05:40.145 +01:00 [DBG] Compiling query expression: 
'DbSet<User>()
    .FirstOrDefault(u => u.Name == __model_Name_0)'
2025-12-13 21:05:40.174 +01:00 [DBG] Generated query execution expression: 
'queryContext => SingleQueryingEnumerable.Create<User>(
    relationalQueryContext: (RelationalQueryContext)queryContext, 
    relationalCommandResolver: parameters => [LIFTABLE Constant: RelationalCommandCache.QueryExpression(
        Projection Mapping:
            EmptyProjectionMember -> Dictionary<IProperty, int> { [Property: User.UserId (int) Required PK AfterSave:Throw ValueGenerated.OnAdd, 0], [Property: User.Email (string), 1], [Property: User.Name (string) Required, 2], [Property: User.PasswordHash (string) Required, 3], [Property: User.RegistrationDate (DateOnly) Required, 4], [Property: User.Role (Role) Required, 5] }
        SELECT TOP(1) u.UserId, u.Email, u.Name, u.password_hash, u.RegistrationDate, u.Role
        FROM Users AS u
        WHERE u.Name == @__model_Name_0) | Resolver: c => new RelationalCommandCache(
        c.Dependencies.MemoryCache, 
        c.RelationalDependencies.QuerySqlGeneratorFactory, 
        c.RelationalDependencies.RelationalParameterBasedSqlProcessorFactory, 
        Projection Mapping:
            EmptyProjectionMember -> Dictionary<IProperty, int> { [Property: User.UserId (int) Required PK AfterSave:Throw ValueGenerated.OnAdd, 0], [Property: User.Email (string), 1], [Property: User.Name (string) Required, 2], [Property: User.PasswordHash (string) Required, 3], [Property: User.RegistrationDate (DateOnly) Required, 4], [Property: User.Role (Role) Required, 5] }
        SELECT TOP(1) u.UserId, u.Email, u.Name, u.password_hash, u.RegistrationDate, u.Role
        FROM Users AS u
        WHERE u.Name == @__model_Name_0, 
        False, 
        new HashSet<string>(
            new string[]{ }, 
            StringComparer.Ordinal
        )
    )].GetRelationalCommandTemplate(parameters), 
    readerColumns: null, 
    shaper: (queryContext, dataReader, resultContext, resultCoordinator) => 
    {
        User entity;
        entity = 
        {
            MaterializationContext materializationContext1;
            IEntityType entityType1;
            User instance1;
            InternalEntityEntry entry1;
            bool hasNullKey1;
            materializationContext1 = new MaterializationContext(
                [LIFTABLE Constant: ValueBuffer | Resolver: _ => (object)ValueBuffer.Empty], 
                queryContext.Context
            );
            instance1 = default(User);
            entry1 = queryContext.TryGetEntry(
                key: Key: User.UserId PK, 
                keyValues: new object[]{ (object)dataReader.GetInt32(0) }, 
                throwOnNullKey: True, 
                hasNullKey: hasNullKey1);
            !(hasNullKey1) ? entry1 != default(InternalEntityEntry) ? 
            {
                entityType1 = entry1.EntityType;
                return instance1 = (User)entry1.Entity;
            } : 
            {
                ISnapshot shadowSnapshot1;
                shadowSnapshot1 = Snapshot;
                entityType1 = EntityType: User;
                instance1 = switch (entityType1)
                {
                    case EntityType: User: 
                        {
                            return 
                            {
                                User instance;
                                instance = new User();
                                instance.<UserId>k__BackingField = dataReader.GetInt32(0);
                                instance.<Email>k__BackingField = dataReader.IsDBNull(1) ? default(string) : dataReader.GetString(1);
                                instance.<Name>k__BackingField = dataReader.GetString(2);
                                instance.<PasswordHash>k__BackingField = dataReader.GetString(3);
                                instance.<RegistrationDate>k__BackingField = dataReader.GetFieldValue<DateOnly>(4);
                                instance.<Role>k__BackingField = Invoke(((EnumToStringConverter<Role>)((IReadOnlyProperty)[LIFTABLE Constant: Property: User.Role (Role) Required | Resolver: namelessParameter{0} => namelessParameter{0}.Dependencies.Model.FindEntityType("ValcharUtulek.Entities.User").FindProperty("Role")]).GetTypeMapping().Converter).ConvertFromProviderTyped, dataReader.GetString(5));
                                (instance is IInjectableService) ? ((IInjectableService)instance).Injected(
                                    context: materializationContext1.Context, 
                                    entity: instance, 
                                    queryTrackingBehavior: TrackAll, 
                                    structuralType: EntityType: User) : default(void);
                                return instance;
                            }}
                    default: 
                        default(User)
                }
                ;
                entry1 = entityType1 == default(IEntityType) ? default(InternalEntityEntry) : queryContext.StartTracking(
                    entityType: entityType1, 
                    entity: instance1, 
                    snapshot: shadowSnapshot1);
                return instance1;
            } : default(void);
            return instance1;
        };
        return entity;
    }, 
    contextType: ValcharUtulek.Database.ShelterDbContext, 
    standAloneStateManager: False, 
    detailedErrorsEnabled: False, 
    threadSafetyChecksEnabled: True)
    .SingleOrDefault()'
2025-12-13 21:05:40.190 +01:00 [DBG] Creating DbConnection.
2025-12-13 21:05:40.191 +01:00 [DBG] Created DbConnection. (1ms).
2025-12-13 21:05:40.193 +01:00 [DBG] Opening connection to database 'shelter' on server '127.0.0.1'.
2025-12-13 21:05:40.195 +01:00 [DBG] Opened connection to database 'shelter' on server '127.0.0.1'.
2025-12-13 21:05:40.197 +01:00 [DBG] Creating DbCommand for 'ExecuteReader'.
2025-12-13 21:05:40.198 +01:00 [DBG] Created DbCommand for 'ExecuteReader' (1ms).
2025-12-13 21:05:40.212 +01:00 [DBG] Initialized DbCommand for 'ExecuteReader' (14ms).
2025-12-13 21:05:40.216 +01:00 [DBG] Executing DbCommand [Parameters=[@__model_Name_0='?' (Size = 4000)], CommandType='"Text"', CommandTimeout='30']
SELECT `u`.`UserId`, `u`.`Email`, `u`.`Name`, `u`.`password_hash`, `u`.`RegistrationDate`, `u`.`Role`
FROM `Users` AS `u`
WHERE `u`.`Name` = @__model_Name_0
LIMIT 1
2025-12-13 21:05:40.239 +01:00 [INF] Executed DbCommand (25ms) [Parameters=[@__model_Name_0='?' (Size = 4000)], CommandType='"Text"', CommandTimeout='30']
SELECT `u`.`UserId`, `u`.`Email`, `u`.`Name`, `u`.`password_hash`, `u`.`RegistrationDate`, `u`.`Role`
FROM `Users` AS `u`
WHERE `u`.`Name` = @__model_Name_0
LIMIT 1
2025-12-13 21:05:40.265 +01:00 [DBG] Context 'ShelterDbContext' started tracking 'User' entity. Consider using 'DbContextOptionsBuilder.EnableSensitiveDataLogging' to see key values.
2025-12-13 21:05:40.291 +01:00 [DBG] Closing data reader to 'shelter' on server '127.0.0.1'.
2025-12-13 21:05:40.293 +01:00 [DBG] A data reader for 'shelter' on server '127.0.0.1' is being disposed after spending 50ms reading results.
2025-12-13 21:05:40.295 +01:00 [DBG] Closing connection to database 'shelter' on server '127.0.0.1'.
2025-12-13 21:05:40.297 +01:00 [DBG] Closed connection to database 'shelter' on server '127.0.0.1' (1ms).
2025-12-13 21:05:40.321 +01:00 [INF] AuthenticationScheme: Cookies signed in.
2025-12-13 21:05:40.322 +01:00 [INF] Uživatel admin se úspěšně přihlásil.
2025-12-13 21:05:40.324 +01:00 [DBG] Found the endpoints ["Route: {controller=Home}/{action=Index}/{id?}"] for address (action=[Index],controller=[Home])
2025-12-13 21:05:40.326 +01:00 [DBG] Successfully processed template {controller=Home}/{action=Index}/{id?} for Route: {controller=Home}/{action=Index}/{id?} resulting in  and 
2025-12-13 21:05:40.328 +01:00 [DBG] Link generation succeeded for endpoints ["Route: {controller=Home}/{action=Index}/{id?}"] with result /
2025-12-13 21:05:40.330 +01:00 [INF] Executing RedirectResult, redirecting to /.
2025-12-13 21:05:40.331 +01:00 [INF] Executed action ValcharUtulek.Controllers.AccountController.Login (ValcharUtulek) in 268.3347ms
2025-12-13 21:05:40.333 +01:00 [INF] Executed endpoint 'ValcharUtulek.Controllers.AccountController.Login (ValcharUtulek)'
2025-12-13 21:05:40.335 +01:00 [DBG] 'ShelterDbContext' disposed.
2025-12-13 21:05:40.336 +01:00 [DBG] Disposing connection to database 'shelter' on server '127.0.0.1'.
2025-12-13 21:05:40.338 +01:00 [DBG] Disposed connection to database 'shelter' on server '127.0.0.1' (1ms).
2025-12-13 21:05:40.341 +01:00 [INF] Request finished HTTP/2 POST https://localhost:7079/Account/Login - 302 0 null 311.9148ms
2025-12-13 21:05:40.344 +01:00 [INF] Request starting HTTP/2 GET https://localhost:7079/ - null null
2025-12-13 21:05:40.351 +01:00 [DBG] The request path / does not match a supported file type
2025-12-13 21:05:40.353 +01:00 [DBG] 1 candidate(s) found for the request path '/'
2025-12-13 21:05:40.354 +01:00 [DBG] Endpoint 'ValcharUtulek.Controllers.HomeController.Index (ValcharUtulek)' with route pattern '{controller=Home}/{action=Index}/{id?}' is valid for the request path '/'
2025-12-13 21:05:40.356 +01:00 [DBG] Request matched endpoint 'ValcharUtulek.Controllers.HomeController.Index (ValcharUtulek)'
2025-12-13 21:05:40.357 +01:00 [DBG] AuthenticationScheme: Cookies was successfully authenticated.
2025-12-13 21:05:40.359 +01:00 [INF] Executing endpoint 'ValcharUtulek.Controllers.HomeController.Index (ValcharUtulek)'
2025-12-13 21:05:40.360 +01:00 [INF] Route matched with {action = "Index", controller = "Home"}. Executing controller action with signature Microsoft.AspNetCore.Mvc.IActionResult Index() on controller ValcharUtulek.Controllers.HomeController (ValcharUtulek).
2025-12-13 21:05:40.362 +01:00 [DBG] Execution plan of authorization filters (in the following order): ["None"]
2025-12-13 21:05:40.364 +01:00 [DBG] Execution plan of resource filters (in the following order): ["Microsoft.AspNetCore.Mvc.ViewFeatures.Filters.SaveTempDataFilter"]
2025-12-13 21:05:40.366 +01:00 [DBG] Execution plan of action filters (in the following order): ["Microsoft.AspNetCore.Mvc.Filters.ControllerActionFilter (Order: -2147483648)","Microsoft.AspNetCore.Mvc.ModelBinding.UnsupportedContentTypeFilter (Order: -3000)"]
2025-12-13 21:05:40.368 +01:00 [DBG] Execution plan of exception filters (in the following order): ["None"]
2025-12-13 21:05:40.369 +01:00 [DBG] Execution plan of result filters (in the following order): ["Microsoft.AspNetCore.Mvc.ViewFeatures.Filters.SaveTempDataFilter"]
2025-12-13 21:05:40.371 +01:00 [DBG] Executing controller factory for controller ValcharUtulek.Controllers.HomeController (ValcharUtulek)
2025-12-13 21:05:40.373 +01:00 [DBG] Executed controller factory for controller ValcharUtulek.Controllers.HomeController (ValcharUtulek)
2025-12-13 21:05:40.375 +01:00 [DBG] View lookup cache hit for view 'Index' in controller 'Home'.
2025-12-13 21:05:40.377 +01:00 [INF] Executing ViewResult, running view Index.
2025-12-13 21:05:40.378 +01:00 [DBG] The view path '/Views/Home/Index.cshtml' was found in 3.5217ms.
2025-12-13 21:05:40.380 +01:00 [DBG] View lookup cache hit for view '_Layout' in controller 'Home'.
2025-12-13 21:05:40.382 +01:00 [DBG] Found the endpoints ["Route: {controller=Home}/{action=Index}/{id?}"] for address (action=[Logout],controller=[Account])
2025-12-13 21:05:40.384 +01:00 [DBG] Successfully processed template {controller=Home}/{action=Index}/{id?} for Route: {controller=Home}/{action=Index}/{id?} resulting in /Account/Logout and 
2025-12-13 21:05:40.386 +01:00 [DBG] Link generation succeeded for endpoints ["Route: {controller=Home}/{action=Index}/{id?}"] with result /Account/Logout
2025-12-13 21:05:40.388 +01:00 [DBG] An antiforgery cookie token was reused.
2025-12-13 21:05:40.389 +01:00 [DBG] Response markup is scheduled to include Browser Link script injection.
2025-12-13 21:05:40.390 +01:00 [DBG] Response markup is scheduled to include browser refresh script injection.
2025-12-13 21:05:40.392 +01:00 [INF] Executed ViewResult - view Index executed in 16.8824ms.
2025-12-13 21:05:40.394 +01:00 [INF] Executed action ValcharUtulek.Controllers.HomeController.Index (ValcharUtulek) in 22.4613ms
2025-12-13 21:05:40.395 +01:00 [INF] Executed endpoint 'ValcharUtulek.Controllers.HomeController.Index (ValcharUtulek)'
2025-12-13 21:05:40.396 +01:00 [DBG] Response markup was updated to include Browser Link script injection.
2025-12-13 21:05:40.397 +01:00 [DBG] Response markup was updated to include browser refresh script injection.
2025-12-13 21:05:40.398 +01:00 [INF] Request finished HTTP/2 GET https://localhost:7079/ - 200 null text/html; charset=utf-8 54.8072ms
2025-12-13 21:05:40.447 +01:00 [INF] Request starting HTTP/2 GET https://localhost:7079/_framework/aspnetcore-browser-refresh.js - null null
2025-12-13 21:05:40.447 +01:00 [INF] Request starting HTTP/2 GET https://localhost:7079/_vs/browserLink - null null
2025-12-13 21:05:40.451 +01:00 [DBG] Script injected: /_framework/aspnetcore-browser-refresh.js
2025-12-13 21:05:40.456 +01:00 [INF] Request finished HTTP/2 GET https://localhost:7079/_framework/aspnetcore-browser-refresh.js - 200 16511 application/javascript; charset=utf-8 9.7639ms
2025-12-13 21:05:40.460 +01:00 [INF] Request finished HTTP/2 GET https://localhost:7079/_vs/browserLink - 200 null text/javascript; charset=UTF-8 13.6433ms
2025-12-13 21:05:41.499 +01:00 [INF] Request starting HTTP/2 GET https://localhost:7079/Adoptions - null null
2025-12-13 21:05:41.506 +01:00 [DBG] The request path /Adoptions does not match a supported file type
2025-12-13 21:05:41.511 +01:00 [DBG] 1 candidate(s) found for the request path '/Adoptions'
2025-12-13 21:05:41.513 +01:00 [DBG] Endpoint 'ValcharUtulek.Controllers.AdoptionsController.Index (ValcharUtulek)' with route pattern '{controller=Home}/{action=Index}/{id?}' is valid for the request path '/Adoptions'
2025-12-13 21:05:41.515 +01:00 [DBG] Request matched endpoint 'ValcharUtulek.Controllers.AdoptionsController.Index (ValcharUtulek)'
2025-12-13 21:05:41.517 +01:00 [DBG] AuthenticationScheme: Cookies was successfully authenticated.
2025-12-13 21:05:41.518 +01:00 [INF] Executing endpoint 'ValcharUtulek.Controllers.AdoptionsController.Index (ValcharUtulek)'
2025-12-13 21:05:41.519 +01:00 [INF] Route matched with {action = "Index", controller = "Adoptions"}. Executing controller action with signature System.Threading.Tasks.Task`1[Microsoft.AspNetCore.Mvc.IActionResult] Index() on controller ValcharUtulek.Controllers.AdoptionsController (ValcharUtulek).
2025-12-13 21:05:41.522 +01:00 [DBG] Execution plan of authorization filters (in the following order): ["None"]
2025-12-13 21:05:41.524 +01:00 [DBG] Execution plan of resource filters (in the following order): ["Microsoft.AspNetCore.Mvc.ViewFeatures.Filters.SaveTempDataFilter"]
2025-12-13 21:05:41.526 +01:00 [DBG] Execution plan of action filters (in the following order): ["Microsoft.AspNetCore.Mvc.Filters.ControllerActionFilter (Order: -2147483648)","Microsoft.AspNetCore.Mvc.ModelBinding.UnsupportedContentTypeFilter (Order: -3000)"]
2025-12-13 21:05:41.528 +01:00 [DBG] Execution plan of exception filters (in the following order): ["None"]
2025-12-13 21:05:41.530 +01:00 [DBG] Execution plan of result filters (in the following order): ["Microsoft.AspNetCore.Mvc.ViewFeatures.Filters.SaveTempDataFilter"]
2025-12-13 21:05:41.532 +01:00 [DBG] Executing controller factory for controller ValcharUtulek.Controllers.AdoptionsController (ValcharUtulek)
2025-12-13 21:05:41.542 +01:00 [DBG] Executed controller factory for controller ValcharUtulek.Controllers.AdoptionsController (ValcharUtulek)
2025-12-13 21:05:41.544 +01:00 [DBG] Entity Framework Core 9.0.10 initialized 'ShelterDbContext' using provider 'Pomelo.EntityFrameworkCore.MySql:9.0.0' with options: ParameterizedCollectionTranslationMode=Constantize ServerVersion=8.0.44-mysql 
2025-12-13 21:05:41.547 +01:00 [DBG] Creating DbConnection.
2025-12-13 21:05:41.548 +01:00 [DBG] Created DbConnection. (1ms).
2025-12-13 21:05:41.549 +01:00 [DBG] Opening connection to database 'shelter' on server '127.0.0.1'.
2025-12-13 21:05:41.551 +01:00 [DBG] Opened connection to database 'shelter' on server '127.0.0.1'.
2025-12-13 21:05:41.554 +01:00 [DBG] Creating DbCommand for 'ExecuteReader'.
2025-12-13 21:05:41.555 +01:00 [DBG] Created DbCommand for 'ExecuteReader' (1ms).
2025-12-13 21:05:41.557 +01:00 [DBG] Initialized DbCommand for 'ExecuteReader' (3ms).
2025-12-13 21:05:41.559 +01:00 [DBG] Executing DbCommand [Parameters=[], CommandType='"Text"', CommandTimeout='30']
SELECT `a`.`AnimalId`, `a`.`Age`, `a`.`Description`, `a`.`IsAvailable`, `a`.`Name`, `a`.`Photo`, `a`.`Species`
FROM `Animals` AS `a`
WHERE `a`.`IsAvailable`
2025-12-13 21:05:41.562 +01:00 [INF] Executed DbCommand (3ms) [Parameters=[], CommandType='"Text"', CommandTimeout='30']
SELECT `a`.`AnimalId`, `a`.`Age`, `a`.`Description`, `a`.`IsAvailable`, `a`.`Name`, `a`.`Photo`, `a`.`Species`
FROM `Animals` AS `a`
WHERE `a`.`IsAvailable`
2025-12-13 21:05:41.565 +01:00 [DBG] Closing data reader to 'shelter' on server '127.0.0.1'.
2025-12-13 21:05:41.567 +01:00 [DBG] A data reader for 'shelter' on server '127.0.0.1' is being disposed after spending 1ms reading results.
2025-12-13 21:05:41.569 +01:00 [DBG] Closing connection to database 'shelter' on server '127.0.0.1'.
2025-12-13 21:05:41.571 +01:00 [DBG] Closed connection to database 'shelter' on server '127.0.0.1' (1ms).
2025-12-13 21:05:41.573 +01:00 [DBG] View lookup cache hit for view 'Index' in controller 'Adoptions'.
2025-12-13 21:05:41.574 +01:00 [INF] Executing ViewResult, running view Index.
2025-12-13 21:05:41.575 +01:00 [DBG] The view path '/Views/Adoptions/Index.cshtml' was found in 2.8188ms.
2025-12-13 21:05:41.578 +01:00 [DBG] Found the endpoints ["Route: {controller=Home}/{action=Index}/{id?}"] for address (action=[Create],controller=[Adoptions])
2025-12-13 21:05:41.580 +01:00 [DBG] Successfully processed template {controller=Home}/{action=Index}/{id?} for Route: {controller=Home}/{action=Index}/{id?} resulting in /Adoptions/Create and 
2025-12-13 21:05:41.582 +01:00 [DBG] Link generation succeeded for endpoints ["Route: {controller=Home}/{action=Index}/{id?}"] with result /Adoptions/Create
2025-12-13 21:05:41.584 +01:00 [DBG] View lookup cache hit for view '_Layout' in controller 'Adoptions'.
2025-12-13 21:05:41.586 +01:00 [DBG] Found the endpoints ["Route: {controller=Home}/{action=Index}/{id?}"] for address (action=[Logout],controller=[Account])
2025-12-13 21:05:41.588 +01:00 [DBG] Successfully processed template {controller=Home}/{action=Index}/{id?} for Route: {controller=Home}/{action=Index}/{id?} resulting in /Account/Logout and 
2025-12-13 21:05:41.590 +01:00 [DBG] Link generation succeeded for endpoints ["Route: {controller=Home}/{action=Index}/{id?}"] with result /Account/Logout
2025-12-13 21:05:41.592 +01:00 [DBG] An antiforgery cookie token was reused.
2025-12-13 21:05:41.593 +01:00 [DBG] Response markup is scheduled to include Browser Link script injection.
2025-12-13 21:05:41.594 +01:00 [DBG] Response markup is scheduled to include browser refresh script injection.
2025-12-13 21:05:41.595 +01:00 [INF] Executed ViewResult - view Index executed in 22.4335ms.
2025-12-13 21:05:41.597 +01:00 [INF] Executed action ValcharUtulek.Controllers.AdoptionsController.Index (ValcharUtulek) in 64.9606ms
2025-12-13 21:05:41.598 +01:00 [INF] Executed endpoint 'ValcharUtulek.Controllers.AdoptionsController.Index (ValcharUtulek)'
2025-12-13 21:05:41.600 +01:00 [DBG] Response markup was updated to include Browser Link script injection.
2025-12-13 21:05:41.601 +01:00 [DBG] Response markup was updated to include browser refresh script injection.
2025-12-13 21:05:41.602 +01:00 [DBG] 'ShelterDbContext' disposed.
2025-12-13 21:05:41.604 +01:00 [DBG] Disposing connection to database 'shelter' on server '127.0.0.1'.
2025-12-13 21:05:41.606 +01:00 [DBG] Disposed connection to database 'shelter' on server '127.0.0.1' (1ms).
2025-12-13 21:05:41.608 +01:00 [INF] Request finished HTTP/2 GET https://localhost:7079/Adoptions - 200 null text/html; charset=utf-8 109.0265ms
2025-12-13 21:05:41.656 +01:00 [INF] Request starting HTTP/2 GET https://localhost:7079/_vs/browserLink - null null
2025-12-13 21:05:41.657 +01:00 [INF] Request starting HTTP/2 GET https://localhost:7079/_framework/aspnetcore-browser-refresh.js - null null
2025-12-13 21:05:41.670 +01:00 [DBG] Script injected: /_framework/aspnetcore-browser-refresh.js
2025-12-13 21:05:41.671 +01:00 [INF] Request finished HTTP/2 GET https://localhost:7079/_vs/browserLink - 200 null text/javascript; charset=UTF-8 14.8354ms
2025-12-13 21:05:41.672 +01:00 [INF] Request finished HTTP/2 GET https://localhost:7079/_framework/aspnetcore-browser-refresh.js - 200 16511 application/javascript; charset=utf-8 15.216ms
2025-12-13 21:05:43.514 +01:00 [INF] Request starting HTTP/2 GET https://localhost:7079/Gifts - null null
2025-12-13 21:05:43.519 +01:00 [DBG] The request path /Gifts does not match a supported file type
2025-12-13 21:05:43.521 +01:00 [DBG] 1 candidate(s) found for the request path '/Gifts'
2025-12-13 21:05:43.523 +01:00 [DBG] Endpoint 'ValcharUtulek.Controllers.GiftsController.Index (ValcharUtulek)' with route pattern '{controller=Home}/{action=Index}/{id?}' is valid for the request path '/Gifts'
2025-12-13 21:05:43.525 +01:00 [DBG] Request matched endpoint 'ValcharUtulek.Controllers.GiftsController.Index (ValcharUtulek)'
2025-12-13 21:05:43.527 +01:00 [DBG] AuthenticationScheme: Cookies was successfully authenticated.
2025-12-13 21:05:43.529 +01:00 [INF] Executing endpoint 'ValcharUtulek.Controllers.GiftsController.Index (ValcharUtulek)'
2025-12-13 21:05:43.530 +01:00 [INF] Route matched with {action = "Index", controller = "Gifts"}. Executing controller action with signature System.Threading.Tasks.Task`1[Microsoft.AspNetCore.Mvc.IActionResult] Index() on controller ValcharUtulek.Controllers.GiftsController (ValcharUtulek).
2025-12-13 21:05:43.532 +01:00 [DBG] Execution plan of authorization filters (in the following order): ["None"]
2025-12-13 21:05:43.534 +01:00 [DBG] Execution plan of resource filters (in the following order): ["Microsoft.AspNetCore.Mvc.ViewFeatures.Filters.SaveTempDataFilter"]
2025-12-13 21:05:43.536 +01:00 [DBG] Execution plan of action filters (in the following order): ["Microsoft.AspNetCore.Mvc.Filters.ControllerActionFilter (Order: -2147483648)","Microsoft.AspNetCore.Mvc.ModelBinding.UnsupportedContentTypeFilter (Order: -3000)"]
2025-12-13 21:05:43.538 +01:00 [DBG] Execution plan of exception filters (in the following order): ["None"]
2025-12-13 21:05:43.540 +01:00 [DBG] Execution plan of result filters (in the following order): ["Microsoft.AspNetCore.Mvc.ViewFeatures.Filters.SaveTempDataFilter"]
2025-12-13 21:05:43.542 +01:00 [DBG] Executing controller factory for controller ValcharUtulek.Controllers.GiftsController (ValcharUtulek)
2025-12-13 21:05:43.553 +01:00 [DBG] Executed controller factory for controller ValcharUtulek.Controllers.GiftsController (ValcharUtulek)
2025-12-13 21:05:43.572 +01:00 [DBG] Entity Framework Core 9.0.10 initialized 'ShelterDbContext' using provider 'Pomelo.EntityFrameworkCore.MySql:9.0.0' with options: ParameterizedCollectionTranslationMode=Constantize ServerVersion=8.0.44-mysql 
2025-12-13 21:05:43.575 +01:00 [DBG] Creating DbConnection.
2025-12-13 21:05:43.576 +01:00 [DBG] Created DbConnection. (1ms).
2025-12-13 21:05:43.578 +01:00 [DBG] Opening connection to database 'shelter' on server '127.0.0.1'.
2025-12-13 21:05:43.580 +01:00 [DBG] Opened connection to database 'shelter' on server '127.0.0.1'.
2025-12-13 21:05:43.582 +01:00 [DBG] Creating DbCommand for 'ExecuteReader'.
2025-12-13 21:05:43.583 +01:00 [DBG] Created DbCommand for 'ExecuteReader' (1ms).
2025-12-13 21:05:43.585 +01:00 [DBG] Initialized DbCommand for 'ExecuteReader' (3ms).
2025-12-13 21:05:43.587 +01:00 [DBG] Executing DbCommand [Parameters=[], CommandType='"Text"', CommandTimeout='30']
SELECT `g`.`GiftId`, `g`.`Amount`, `g`.`GiftDate`, `g`.`UserId`
FROM `Gifts` AS `g`
2025-12-13 21:05:43.590 +01:00 [INF] Executed DbCommand (3ms) [Parameters=[], CommandType='"Text"', CommandTimeout='30']
SELECT `g`.`GiftId`, `g`.`Amount`, `g`.`GiftDate`, `g`.`UserId`
FROM `Gifts` AS `g`
2025-12-13 21:05:43.593 +01:00 [DBG] Closing data reader to 'shelter' on server '127.0.0.1'.
2025-12-13 21:05:43.595 +01:00 [DBG] A data reader for 'shelter' on server '127.0.0.1' is being disposed after spending 1ms reading results.
2025-12-13 21:05:43.597 +01:00 [DBG] Closing connection to database 'shelter' on server '127.0.0.1'.
2025-12-13 21:05:43.599 +01:00 [DBG] Closed connection to database 'shelter' on server '127.0.0.1' (1ms).
2025-12-13 21:05:43.601 +01:00 [DBG] View lookup cache hit for view 'Index' in controller 'Gifts'.
2025-12-13 21:05:43.603 +01:00 [INF] Executing ViewResult, running view Index.
2025-12-13 21:05:43.604 +01:00 [DBG] The view path '/Views/Gifts/Index.cshtml' was found in 3.2512ms.
2025-12-13 21:05:43.607 +01:00 [DBG] Found the endpoints ["Route: {controller=Home}/{action=Index}/{id?}"] for address (action=[Create],controller=[Gifts])
2025-12-13 21:05:43.609 +01:00 [DBG] Successfully processed template {controller=Home}/{action=Index}/{id?} for Route: {controller=Home}/{action=Index}/{id?} resulting in /Gifts/Create and 
2025-12-13 21:05:43.612 +01:00 [DBG] Link generation succeeded for endpoints ["Route: {controller=Home}/{action=Index}/{id?}"] with result /Gifts/Create
2025-12-13 21:05:43.614 +01:00 [DBG] View lookup cache hit for view '_Layout' in controller 'Gifts'.
2025-12-13 21:05:43.616 +01:00 [DBG] Found the endpoints ["Route: {controller=Home}/{action=Index}/{id?}"] for address (action=[Logout],controller=[Account])
2025-12-13 21:05:43.618 +01:00 [DBG] Successfully processed template {controller=Home}/{action=Index}/{id?} for Route: {controller=Home}/{action=Index}/{id?} resulting in /Account/Logout and 
2025-12-13 21:05:43.620 +01:00 [DBG] Link generation succeeded for endpoints ["Route: {controller=Home}/{action=Index}/{id?}"] with result /Account/Logout
2025-12-13 21:05:43.622 +01:00 [DBG] An antiforgery cookie token was reused.
2025-12-13 21:05:43.624 +01:00 [DBG] Response markup is scheduled to include Browser Link script injection.
2025-12-13 21:05:43.625 +01:00 [DBG] Response markup is scheduled to include browser refresh script injection.
2025-12-13 21:05:43.626 +01:00 [INF] Executed ViewResult - view Index executed in 24.6164ms.
2025-12-13 21:05:43.628 +01:00 [INF] Executed action ValcharUtulek.Controllers.GiftsController.Index (ValcharUtulek) in 85.1718ms
2025-12-13 21:05:43.629 +01:00 [INF] Executed endpoint 'ValcharUtulek.Controllers.GiftsController.Index (ValcharUtulek)'
2025-12-13 21:05:43.631 +01:00 [DBG] Response markup was updated to include Browser Link script injection.
2025-12-13 21:05:43.632 +01:00 [DBG] Response markup was updated to include browser refresh script injection.
2025-12-13 21:05:43.633 +01:00 [DBG] 'ShelterDbContext' disposed.
2025-12-13 21:05:43.635 +01:00 [DBG] Disposing connection to database 'shelter' on server '127.0.0.1'.
2025-12-13 21:05:43.637 +01:00 [DBG] Disposed connection to database 'shelter' on server '127.0.0.1' (1ms).
2025-12-13 21:05:43.638 +01:00 [INF] Request finished HTTP/2 GET https://localhost:7079/Gifts - 200 null text/html; charset=utf-8 124.9352ms
2025-12-13 21:05:43.680 +01:00 [INF] Request starting HTTP/2 GET https://localhost:7079/_vs/browserLink - null null
2025-12-13 21:05:43.681 +01:00 [INF] Request starting HTTP/2 GET https://localhost:7079/_framework/aspnetcore-browser-refresh.js - null null
2025-12-13 21:05:43.688 +01:00 [DBG] Script injected: /_framework/aspnetcore-browser-refresh.js
2025-12-13 21:05:43.688 +01:00 [INF] Request finished HTTP/2 GET https://localhost:7079/_vs/browserLink - 200 null text/javascript; charset=UTF-8 8.8404ms
2025-12-13 21:05:43.689 +01:00 [INF] Request finished HTTP/2 GET https://localhost:7079/_framework/aspnetcore-browser-refresh.js - 200 16511 application/javascript; charset=utf-8 8.3264ms
2025-12-13 21:05:45.481 +01:00 [INF] Request starting HTTP/2 GET https://localhost:7079/Home - null null
2025-12-13 21:05:45.485 +01:00 [DBG] The request path /Home does not match a supported file type
2025-12-13 21:05:45.487 +01:00 [DBG] 1 candidate(s) found for the request path '/Home'
2025-12-13 21:05:45.489 +01:00 [DBG] Endpoint 'ValcharUtulek.Controllers.HomeController.Index (ValcharUtulek)' with route pattern '{controller=Home}/{action=Index}/{id?}' is valid for the request path '/Home'
2025-12-13 21:05:45.491 +01:00 [DBG] Request matched endpoint 'ValcharUtulek.Controllers.HomeController.Index (ValcharUtulek)'
2025-12-13 21:05:45.492 +01:00 [DBG] AuthenticationScheme: Cookies was successfully authenticated.
2025-12-13 21:05:45.494 +01:00 [INF] Executing endpoint 'ValcharUtulek.Controllers.HomeController.Index (ValcharUtulek)'
2025-12-13 21:05:45.495 +01:00 [INF] Route matched with {action = "Index", controller = "Home"}. Executing controller action with signature Microsoft.AspNetCore.Mvc.IActionResult Index() on controller ValcharUtulek.Controllers.HomeController (ValcharUtulek).
2025-12-13 21:05:45.497 +01:00 [DBG] Execution plan of authorization filters (in the following order): ["None"]
2025-12-13 21:05:45.499 +01:00 [DBG] Execution plan of resource filters (in the following order): ["Microsoft.AspNetCore.Mvc.ViewFeatures.Filters.SaveTempDataFilter"]
2025-12-13 21:05:45.501 +01:00 [DBG] Execution plan of action filters (in the following order): ["Microsoft.AspNetCore.Mvc.Filters.ControllerActionFilter (Order: -2147483648)","Microsoft.AspNetCore.Mvc.ModelBinding.UnsupportedContentTypeFilter (Order: -3000)"]
2025-12-13 21:05:45.503 +01:00 [DBG] Execution plan of exception filters (in the following order): ["None"]
2025-12-13 21:05:45.505 +01:00 [DBG] Execution plan of result filters (in the following order): ["Microsoft.AspNetCore.Mvc.ViewFeatures.Filters.SaveTempDataFilter"]
2025-12-13 21:05:45.508 +01:00 [DBG] Executing controller factory for controller ValcharUtulek.Controllers.HomeController (ValcharUtulek)
2025-12-13 21:05:45.510 +01:00 [DBG] Executed controller factory for controller ValcharUtulek.Controllers.HomeController (ValcharUtulek)
2025-12-13 21:05:45.512 +01:00 [DBG] View lookup cache hit for view 'Index' in controller 'Home'.
2025-12-13 21:05:45.514 +01:00 [INF] Executing ViewResult, running view Index.
2025-12-13 21:05:45.515 +01:00 [DBG] The view path '/Views/Home/Index.cshtml' was found in 3.7018ms.
2025-12-13 21:05:45.517 +01:00 [DBG] View lookup cache hit for view '_Layout' in controller 'Home'.
2025-12-13 21:05:45.520 +01:00 [DBG] Found the endpoints ["Route: {controller=Home}/{action=Index}/{id?}"] for address (action=[Logout],controller=[Account])
2025-12-13 21:05:45.523 +01:00 [DBG] Successfully processed template {controller=Home}/{action=Index}/{id?} for Route: {controller=Home}/{action=Index}/{id?} resulting in /Account/Logout and 
2025-12-13 21:05:45.525 +01:00 [DBG] Link generation succeeded for endpoints ["Route: {controller=Home}/{action=Index}/{id?}"] with result /Account/Logout
2025-12-13 21:05:45.527 +01:00 [DBG] An antiforgery cookie token was reused.
2025-12-13 21:05:45.529 +01:00 [DBG] Response markup is scheduled to include Browser Link script injection.
2025-12-13 21:05:45.530 +01:00 [DBG] Response markup is scheduled to include browser refresh script injection.
2025-12-13 21:05:45.531 +01:00 [INF] Executed ViewResult - view Index executed in 19.2882ms.
2025-12-13 21:05:45.533 +01:00 [INF] Executed action ValcharUtulek.Controllers.HomeController.Index (ValcharUtulek) in 25.1632ms
2025-12-13 21:05:45.534 +01:00 [INF] Executed endpoint 'ValcharUtulek.Controllers.HomeController.Index (ValcharUtulek)'
2025-12-13 21:05:45.536 +01:00 [DBG] Response markup was updated to include Browser Link script injection.
2025-12-13 21:05:45.537 +01:00 [DBG] Response markup was updated to include browser refresh script injection.
2025-12-13 21:05:45.539 +01:00 [INF] Request finished HTTP/2 GET https://localhost:7079/Home - 200 null text/html; charset=utf-8 57.814ms
2025-12-13 21:05:45.586 +01:00 [INF] Request starting HTTP/2 GET https://localhost:7079/_vs/browserLink - null null
2025-12-13 21:05:45.596 +01:00 [INF] Request starting HTTP/2 GET https://localhost:7079/_framework/aspnetcore-browser-refresh.js - null null
2025-12-13 21:05:45.599 +01:00 [INF] Request finished HTTP/2 GET https://localhost:7079/_vs/browserLink - 200 null text/javascript; charset=UTF-8 12.5419ms
2025-12-13 21:05:45.601 +01:00 [DBG] Script injected: /_framework/aspnetcore-browser-refresh.js
2025-12-13 21:05:45.607 +01:00 [INF] Request finished HTTP/2 GET https://localhost:7079/_framework/aspnetcore-browser-refresh.js - 200 16511 application/javascript; charset=utf-8 11.2157ms
2025-12-13 21:05:47.128 +01:00 [INF] Request starting HTTP/2 GET https://localhost:7079/Adoptions - null null
2025-12-13 21:05:47.133 +01:00 [DBG] The request path /Adoptions does not match a supported file type
2025-12-13 21:05:47.135 +01:00 [DBG] 1 candidate(s) found for the request path '/Adoptions'
2025-12-13 21:05:47.137 +01:00 [DBG] Endpoint 'ValcharUtulek.Controllers.AdoptionsController.Index (ValcharUtulek)' with route pattern '{controller=Home}/{action=Index}/{id?}' is valid for the request path '/Adoptions'
2025-12-13 21:05:47.140 +01:00 [DBG] Request matched endpoint 'ValcharUtulek.Controllers.AdoptionsController.Index (ValcharUtulek)'
2025-12-13 21:05:47.142 +01:00 [DBG] AuthenticationScheme: Cookies was successfully authenticated.
2025-12-13 21:05:47.143 +01:00 [INF] Executing endpoint 'ValcharUtulek.Controllers.AdoptionsController.Index (ValcharUtulek)'
2025-12-13 21:05:47.145 +01:00 [INF] Route matched with {action = "Index", controller = "Adoptions"}. Executing controller action with signature System.Threading.Tasks.Task`1[Microsoft.AspNetCore.Mvc.IActionResult] Index() on controller ValcharUtulek.Controllers.AdoptionsController (ValcharUtulek).
2025-12-13 21:05:47.147 +01:00 [DBG] Execution plan of authorization filters (in the following order): ["None"]
2025-12-13 21:05:47.149 +01:00 [DBG] Execution plan of resource filters (in the following order): ["Microsoft.AspNetCore.Mvc.ViewFeatures.Filters.SaveTempDataFilter"]
2025-12-13 21:05:47.152 +01:00 [DBG] Execution plan of action filters (in the following order): ["Microsoft.AspNetCore.Mvc.Filters.ControllerActionFilter (Order: -2147483648)","Microsoft.AspNetCore.Mvc.ModelBinding.UnsupportedContentTypeFilter (Order: -3000)"]
2025-12-13 21:05:47.154 +01:00 [DBG] Execution plan of exception filters (in the following order): ["None"]
2025-12-13 21:05:47.156 +01:00 [DBG] Execution plan of result filters (in the following order): ["Microsoft.AspNetCore.Mvc.ViewFeatures.Filters.SaveTempDataFilter"]
2025-12-13 21:05:47.158 +01:00 [DBG] Executing controller factory for controller ValcharUtulek.Controllers.AdoptionsController (ValcharUtulek)
2025-12-13 21:05:47.170 +01:00 [DBG] Executed controller factory for controller ValcharUtulek.Controllers.AdoptionsController (ValcharUtulek)
2025-12-13 21:05:47.172 +01:00 [DBG] Entity Framework Core 9.0.10 initialized 'ShelterDbContext' using provider 'Pomelo.EntityFrameworkCore.MySql:9.0.0' with options: ParameterizedCollectionTranslationMode=Constantize ServerVersion=8.0.44-mysql 
2025-12-13 21:05:47.175 +01:00 [DBG] Creating DbConnection.
2025-12-13 21:05:47.176 +01:00 [DBG] Created DbConnection. (1ms).
2025-12-13 21:05:47.178 +01:00 [DBG] Opening connection to database 'shelter' on server '127.0.0.1'.
2025-12-13 21:05:47.180 +01:00 [DBG] Opened connection to database 'shelter' on server '127.0.0.1'.
2025-12-13 21:05:47.182 +01:00 [DBG] Creating DbCommand for 'ExecuteReader'.
2025-12-13 21:05:47.184 +01:00 [DBG] Created DbCommand for 'ExecuteReader' (1ms).
2025-12-13 21:05:47.185 +01:00 [DBG] Initialized DbCommand for 'ExecuteReader' (3ms).
2025-12-13 21:05:47.187 +01:00 [DBG] Executing DbCommand [Parameters=[], CommandType='"Text"', CommandTimeout='30']
SELECT `a`.`AnimalId`, `a`.`Age`, `a`.`Description`, `a`.`IsAvailable`, `a`.`Name`, `a`.`Photo`, `a`.`Species`
FROM `Animals` AS `a`
WHERE `a`.`IsAvailable`
2025-12-13 21:05:47.190 +01:00 [INF] Executed DbCommand (3ms) [Parameters=[], CommandType='"Text"', CommandTimeout='30']
SELECT `a`.`AnimalId`, `a`.`Age`, `a`.`Description`, `a`.`IsAvailable`, `a`.`Name`, `a`.`Photo`, `a`.`Species`
FROM `Animals` AS `a`
WHERE `a`.`IsAvailable`
2025-12-13 21:05:47.193 +01:00 [DBG] Closing data reader to 'shelter' on server '127.0.0.1'.
2025-12-13 21:05:47.194 +01:00 [DBG] A data reader for 'shelter' on server '127.0.0.1' is being disposed after spending 1ms reading results.
2025-12-13 21:05:47.196 +01:00 [DBG] Closing connection to database 'shelter' on server '127.0.0.1'.
2025-12-13 21:05:47.198 +01:00 [DBG] Closed connection to database 'shelter' on server '127.0.0.1' (1ms).
2025-12-13 21:05:47.200 +01:00 [DBG] View lookup cache hit for view 'Index' in controller 'Adoptions'.
2025-12-13 21:05:47.203 +01:00 [INF] Executing ViewResult, running view Index.
2025-12-13 21:05:47.204 +01:00 [DBG] The view path '/Views/Adoptions/Index.cshtml' was found in 3.915ms.
2025-12-13 21:05:47.206 +01:00 [DBG] Found the endpoints ["Route: {controller=Home}/{action=Index}/{id?}"] for address (action=[Create],controller=[Adoptions])
2025-12-13 21:05:47.209 +01:00 [DBG] Successfully processed template {controller=Home}/{action=Index}/{id?} for Route: {controller=Home}/{action=Index}/{id?} resulting in /Adoptions/Create and 
2025-12-13 21:05:47.211 +01:00 [DBG] Link generation succeeded for endpoints ["Route: {controller=Home}/{action=Index}/{id?}"] with result /Adoptions/Create
2025-12-13 21:05:47.213 +01:00 [DBG] View lookup cache hit for view '_Layout' in controller 'Adoptions'.
2025-12-13 21:05:47.215 +01:00 [DBG] Found the endpoints ["Route: {controller=Home}/{action=Index}/{id?}"] for address (action=[Logout],controller=[Account])
2025-12-13 21:05:47.217 +01:00 [DBG] Successfully processed template {controller=Home}/{action=Index}/{id?} for Route: {controller=Home}/{action=Index}/{id?} resulting in /Account/Logout and 
2025-12-13 21:05:47.219 +01:00 [DBG] Link generation succeeded for endpoints ["Route: {controller=Home}/{action=Index}/{id?}"] with result /Account/Logout
2025-12-13 21:05:47.221 +01:00 [DBG] An antiforgery cookie token was reused.
2025-12-13 21:05:47.223 +01:00 [DBG] Response markup is scheduled to include Browser Link script injection.
2025-12-13 21:05:47.224 +01:00 [DBG] Response markup is scheduled to include browser refresh script injection.
2025-12-13 21:05:47.225 +01:00 [INF] Executed ViewResult - view Index executed in 24.5253ms.
2025-12-13 21:05:47.226 +01:00 [INF] Executed action ValcharUtulek.Controllers.AdoptionsController.Index (ValcharUtulek) in 68.3463ms
2025-12-13 21:05:47.228 +01:00 [INF] Executed endpoint 'ValcharUtulek.Controllers.AdoptionsController.Index (ValcharUtulek)'
2025-12-13 21:05:47.229 +01:00 [DBG] Response markup was updated to include Browser Link script injection.
2025-12-13 21:05:47.230 +01:00 [DBG] Response markup was updated to include browser refresh script injection.
2025-12-13 21:05:47.231 +01:00 [DBG] 'ShelterDbContext' disposed.
2025-12-13 21:05:47.233 +01:00 [DBG] Disposing connection to database 'shelter' on server '127.0.0.1'.
2025-12-13 21:05:47.235 +01:00 [DBG] Disposed connection to database 'shelter' on server '127.0.0.1' (1ms).
2025-12-13 21:05:47.237 +01:00 [INF] Request finished HTTP/2 GET https://localhost:7079/Adoptions - 200 null text/html; charset=utf-8 109.5908ms
2025-12-13 21:05:47.283 +01:00 [INF] Request starting HTTP/2 GET https://localhost:7079/_framework/aspnetcore-browser-refresh.js - null null
2025-12-13 21:05:47.283 +01:00 [INF] Request starting HTTP/2 GET https://localhost:7079/_vs/browserLink - null null
2025-12-13 21:05:47.287 +01:00 [DBG] Script injected: /_framework/aspnetcore-browser-refresh.js
2025-12-13 21:05:47.291 +01:00 [INF] Request finished HTTP/2 GET https://localhost:7079/_framework/aspnetcore-browser-refresh.js - 200 16511 application/javascript; charset=utf-8 8.2544ms
2025-12-13 21:05:47.295 +01:00 [INF] Request finished HTTP/2 GET https://localhost:7079/_vs/browserLink - 200 null text/javascript; charset=UTF-8 11.6576ms
2025-12-13 21:05:49.211 +01:00 [INF] Request starting HTTP/2 POST https://localhost:7079/Account/Logout - application/x-www-form-urlencoded 225
2025-12-13 21:05:49.217 +01:00 [DBG] POST requests are not supported
2025-12-13 21:05:49.219 +01:00 [DBG] 1 candidate(s) found for the request path '/Account/Logout'
2025-12-13 21:05:49.221 +01:00 [DBG] Endpoint 'ValcharUtulek.Controllers.AccountController.Logout (ValcharUtulek)' with route pattern '{controller=Home}/{action=Index}/{id?}' is valid for the request path '/Account/Logout'
2025-12-13 21:05:49.223 +01:00 [DBG] Request matched endpoint 'ValcharUtulek.Controllers.AccountController.Logout (ValcharUtulek)'
2025-12-13 21:05:49.224 +01:00 [DBG] AuthenticationScheme: Cookies was successfully authenticated.
2025-12-13 21:05:49.226 +01:00 [INF] Executing endpoint 'ValcharUtulek.Controllers.AccountController.Logout (ValcharUtulek)'
2025-12-13 21:05:49.228 +01:00 [INF] Route matched with {action = "Logout", controller = "Account"}. Executing controller action with signature System.Threading.Tasks.Task`1[Microsoft.AspNetCore.Mvc.IActionResult] Logout() on controller ValcharUtulek.Controllers.AccountController (ValcharUtulek).
2025-12-13 21:05:49.230 +01:00 [DBG] Execution plan of authorization filters (in the following order): ["Microsoft.AspNetCore.Mvc.ViewFeatures.Filters.ValidateAntiforgeryTokenAuthorizationFilter"]
2025-12-13 21:05:49.232 +01:00 [DBG] Execution plan of resource filters (in the following order): ["Microsoft.AspNetCore.Mvc.ViewFeatures.Filters.SaveTempDataFilter"]
2025-12-13 21:05:49.234 +01:00 [DBG] Execution plan of action filters (in the following order): ["Microsoft.AspNetCore.Mvc.Filters.ControllerActionFilter (Order: -2147483648)","Microsoft.AspNetCore.Mvc.ModelBinding.UnsupportedContentTypeFilter (Order: -3000)"]
2025-12-13 21:05:49.237 +01:00 [DBG] Execution plan of exception filters (in the following order): ["None"]
2025-12-13 21:05:49.239 +01:00 [DBG] Execution plan of result filters (in the following order): ["Microsoft.AspNetCore.Mvc.ViewFeatures.Filters.SaveTempDataFilter"]
2025-12-13 21:05:49.241 +01:00 [DBG] Connection id "0HNHQGBP9OUGG", Request id "0HNHQGBP9OUGG:00000047": started reading request body.
2025-12-13 21:05:49.243 +01:00 [DBG] Connection id "0HNHQGBP9OUGG", Request id "0HNHQGBP9OUGG:00000047": done reading request body.
2025-12-13 21:05:49.244 +01:00 [DBG] Antiforgery successfully validated a request.
2025-12-13 21:05:49.246 +01:00 [DBG] Executing controller factory for controller ValcharUtulek.Controllers.AccountController (ValcharUtulek)
2025-12-13 21:05:49.257 +01:00 [DBG] Executed controller factory for controller ValcharUtulek.Controllers.AccountController (ValcharUtulek)
2025-12-13 21:05:49.259 +01:00 [INF] AuthenticationScheme: Cookies signed out.
2025-12-13 21:05:49.261 +01:00 [INF] User logged out.
2025-12-13 21:05:49.262 +01:00 [DBG] Found the endpoints ["Route: {controller=Home}/{action=Index}/{id?}"] for address (action=[Index],controller=[Home])
2025-12-13 21:05:49.265 +01:00 [DBG] Successfully processed template {controller=Home}/{action=Index}/{id?} for Route: {controller=Home}/{action=Index}/{id?} resulting in  and 
2025-12-13 21:05:49.267 +01:00 [DBG] Link generation succeeded for endpoints ["Route: {controller=Home}/{action=Index}/{id?}"] with result /
2025-12-13 21:05:49.269 +01:00 [INF] Executing RedirectResult, redirecting to /.
2025-12-13 21:05:49.271 +01:00 [INF] Executed action ValcharUtulek.Controllers.AccountController.Logout (ValcharUtulek) in 30.0021ms
2025-12-13 21:05:49.273 +01:00 [INF] Executed endpoint 'ValcharUtulek.Controllers.AccountController.Logout (ValcharUtulek)'
2025-12-13 21:05:49.274 +01:00 [INF] Request finished HTTP/2 POST https://localhost:7079/Account/Logout - 302 0 null 63.5151ms
2025-12-13 21:05:49.282 +01:00 [INF] Request starting HTTP/2 GET https://localhost:7079/ - null null
2025-12-13 21:05:49.286 +01:00 [DBG] The request path / does not match a supported file type
2025-12-13 21:05:49.288 +01:00 [DBG] 1 candidate(s) found for the request path '/'
2025-12-13 21:05:49.289 +01:00 [DBG] Endpoint 'ValcharUtulek.Controllers.HomeController.Index (ValcharUtulek)' with route pattern '{controller=Home}/{action=Index}/{id?}' is valid for the request path '/'
2025-12-13 21:05:49.291 +01:00 [DBG] Request matched endpoint 'ValcharUtulek.Controllers.HomeController.Index (ValcharUtulek)'
2025-12-13 21:05:49.293 +01:00 [DBG] AuthenticationScheme: Cookies was not authenticated.
2025-12-13 21:05:49.294 +01:00 [INF] Executing endpoint 'ValcharUtulek.Controllers.HomeController.Index (ValcharUtulek)'
2025-12-13 21:05:49.296 +01:00 [INF] Route matched with {action = "Index", controller = "Home"}. Executing controller action with signature Microsoft.AspNetCore.Mvc.IActionResult Index() on controller ValcharUtulek.Controllers.HomeController (ValcharUtulek).
2025-12-13 21:05:49.298 +01:00 [DBG] Execution plan of authorization filters (in the following order): ["None"]
2025-12-13 21:05:49.300 +01:00 [DBG] Execution plan of resource filters (in the following order): ["Microsoft.AspNetCore.Mvc.ViewFeatures.Filters.SaveTempDataFilter"]
2025-12-13 21:05:49.302 +01:00 [DBG] Execution plan of action filters (in the following order): ["Microsoft.AspNetCore.Mvc.Filters.ControllerActionFilter (Order: -2147483648)","Microsoft.AspNetCore.Mvc.ModelBinding.UnsupportedContentTypeFilter (Order: -3000)"]
2025-12-13 21:05:49.304 +01:00 [DBG] Execution plan of exception filters (in the following order): ["None"]
2025-12-13 21:05:49.307 +01:00 [DBG] Execution plan of result filters (in the following order): ["Microsoft.AspNetCore.Mvc.ViewFeatures.Filters.SaveTempDataFilter"]
2025-12-13 21:05:49.309 +01:00 [DBG] Executing controller factory for controller ValcharUtulek.Controllers.HomeController (ValcharUtulek)
2025-12-13 21:05:49.310 +01:00 [DBG] Executed controller factory for controller ValcharUtulek.Controllers.HomeController (ValcharUtulek)
2025-12-13 21:05:49.313 +01:00 [DBG] View lookup cache hit for view 'Index' in controller 'Home'.
2025-12-13 21:05:49.315 +01:00 [INF] Executing ViewResult, running view Index.
2025-12-13 21:05:49.316 +01:00 [DBG] The view path '/Views/Home/Index.cshtml' was found in 3.3035ms.
2025-12-13 21:05:49.318 +01:00 [DBG] View lookup cache hit for view '_Layout' in controller 'Home'.
2025-12-13 21:05:49.320 +01:00 [DBG] Response markup is scheduled to include Browser Link script injection.
2025-12-13 21:05:49.321 +01:00 [DBG] Response markup is scheduled to include browser refresh script injection.
2025-12-13 21:05:49.322 +01:00 [INF] Executed ViewResult - view Index executed in 8.9835ms.
2025-12-13 21:05:49.323 +01:00 [INF] Executed action ValcharUtulek.Controllers.HomeController.Index (ValcharUtulek) in 14.7184ms
2025-12-13 21:05:49.325 +01:00 [INF] Executed endpoint 'ValcharUtulek.Controllers.HomeController.Index (ValcharUtulek)'
2025-12-13 21:05:49.326 +01:00 [DBG] Response markup was updated to include Browser Link script injection.
2025-12-13 21:05:49.328 +01:00 [DBG] Response markup was updated to include browser refresh script injection.
2025-12-13 21:05:49.329 +01:00 [INF] Request finished HTTP/2 GET https://localhost:7079/ - 200 null text/html; charset=utf-8 47.3215ms
2025-12-13 21:05:49.377 +01:00 [INF] Request starting HTTP/2 GET https://localhost:7079/_vs/browserLink - null null
2025-12-13 21:05:49.378 +01:00 [INF] Request starting HTTP/2 GET https://localhost:7079/_framework/aspnetcore-browser-refresh.js - null null
2025-12-13 21:05:49.385 +01:00 [DBG] Script injected: /_framework/aspnetcore-browser-refresh.js
2025-12-13 21:05:49.386 +01:00 [INF] Request finished HTTP/2 GET https://localhost:7079/_framework/aspnetcore-browser-refresh.js - 200 16511 application/javascript; charset=utf-8 8.6399ms
2025-12-13 21:05:49.387 +01:00 [INF] Request finished HTTP/2 GET https://localhost:7079/_vs/browserLink - 200 null text/javascript; charset=UTF-8 10.1809ms
2025-12-13 21:05:49.812 +01:00 [INF] Request starting HTTP/2 GET https://localhost:7079/Account/Login - null null
2025-12-13 21:05:49.817 +01:00 [DBG] The request path /Account/Login does not match a supported file type
2025-12-13 21:05:49.818 +01:00 [DBG] 1 candidate(s) found for the request path '/Account/Login'
2025-12-13 21:05:49.820 +01:00 [DBG] Endpoint 'ValcharUtulek.Controllers.AccountController.Login (ValcharUtulek)' with route pattern '{controller=Home}/{action=Index}/{id?}' is valid for the request path '/Account/Login'
2025-12-13 21:05:49.822 +01:00 [DBG] Request matched endpoint 'ValcharUtulek.Controllers.AccountController.Login (ValcharUtulek)'
2025-12-13 21:05:49.823 +01:00 [DBG] AuthenticationScheme: Cookies was not authenticated.
2025-12-13 21:05:49.824 +01:00 [INF] Executing endpoint 'ValcharUtulek.Controllers.AccountController.Login (ValcharUtulek)'
2025-12-13 21:05:49.826 +01:00 [INF] Route matched with {action = "Login", controller = "Account"}. Executing controller action with signature Microsoft.AspNetCore.Mvc.IActionResult Login(System.String) on controller ValcharUtulek.Controllers.AccountController (ValcharUtulek).
2025-12-13 21:05:49.829 +01:00 [DBG] Execution plan of authorization filters (in the following order): ["None"]
2025-12-13 21:05:49.831 +01:00 [DBG] Execution plan of resource filters (in the following order): ["Microsoft.AspNetCore.Mvc.ViewFeatures.Filters.SaveTempDataFilter"]
2025-12-13 21:05:49.833 +01:00 [DBG] Execution plan of action filters (in the following order): ["Microsoft.AspNetCore.Mvc.Filters.ControllerActionFilter (Order: -2147483648)","Microsoft.AspNetCore.Mvc.ModelBinding.UnsupportedContentTypeFilter (Order: -3000)"]
2025-12-13 21:05:49.835 +01:00 [DBG] Execution plan of exception filters (in the following order): ["None"]
2025-12-13 21:05:49.837 +01:00 [DBG] Execution plan of result filters (in the following order): ["Microsoft.AspNetCore.Mvc.ViewFeatures.Filters.SaveTempDataFilter"]
2025-12-13 21:05:49.839 +01:00 [DBG] Executing controller factory for controller ValcharUtulek.Controllers.AccountController (ValcharUtulek)
2025-12-13 21:05:49.849 +01:00 [DBG] Executed controller factory for controller ValcharUtulek.Controllers.AccountController (ValcharUtulek)
2025-12-13 21:05:49.851 +01:00 [DBG] Attempting to bind parameter 'returnUrl' of type 'System.String' ...
2025-12-13 21:05:49.853 +01:00 [DBG] Attempting to bind parameter 'returnUrl' of type 'System.String' using the name '' in request data ...
2025-12-13 21:05:49.855 +01:00 [DBG] Could not find a value in the request with name '' for binding parameter 'returnUrl' of type 'System.String'.
2025-12-13 21:05:49.856 +01:00 [DBG] Done attempting to bind parameter 'returnUrl' of type 'System.String'.
2025-12-13 21:05:49.858 +01:00 [DBG] Done attempting to bind parameter 'returnUrl' of type 'System.String'.
2025-12-13 21:05:49.861 +01:00 [DBG] Attempting to validate the bound parameter 'returnUrl' of type 'System.String' ...
2025-12-13 21:05:49.862 +01:00 [DBG] Done attempting to validate the bound parameter 'returnUrl' of type 'System.String'.
2025-12-13 21:05:49.864 +01:00 [DBG] View lookup cache hit for view 'Login' in controller 'Account'.
2025-12-13 21:05:49.866 +01:00 [INF] Executing ViewResult, running view Login.
2025-12-13 21:05:49.867 +01:00 [DBG] The view path '/Views/Account/Login.cshtml' was found in 3.1187ms.
2025-12-13 21:05:49.870 +01:00 [DBG] Found the endpoints ["Route: {controller=Home}/{action=Index}/{id?}"] for address (returnurl=[],action=[Login],controller=[Account])
2025-12-13 21:05:49.872 +01:00 [DBG] Successfully processed template {controller=Home}/{action=Index}/{id?} for Route: {controller=Home}/{action=Index}/{id?} resulting in /Account/Login and 
2025-12-13 21:05:49.874 +01:00 [DBG] Link generation succeeded for endpoints ["Route: {controller=Home}/{action=Index}/{id?}"] with result /Account/Login
2025-12-13 21:05:49.877 +01:00 [DBG] An antiforgery cookie token was reused.
2025-12-13 21:05:49.879 +01:00 [DBG] Found the endpoints ["Route: {controller=Home}/{action=Index}/{id?}"] for address (action=[Register],controller=[Account])
2025-12-13 21:05:49.881 +01:00 [DBG] Successfully processed template {controller=Home}/{action=Index}/{id?} for Route: {controller=Home}/{action=Index}/{id?} resulting in /Account/Register and 
2025-12-13 21:05:49.883 +01:00 [DBG] Link generation succeeded for endpoints ["Route: {controller=Home}/{action=Index}/{id?}"] with result /Account/Register
2025-12-13 21:05:49.885 +01:00 [DBG] View lookup cache hit for view '_Layout' in controller 'Account'.
2025-12-13 21:05:49.887 +01:00 [DBG] View lookup cache hit for view '_ValidationScriptsPartial' in controller 'Account'.
2025-12-13 21:05:49.889 +01:00 [DBG] Response markup is scheduled to include Browser Link script injection.
2025-12-13 21:05:49.890 +01:00 [DBG] Response markup is scheduled to include browser refresh script injection.
2025-12-13 21:05:49.891 +01:00 [INF] Executed ViewResult - view Login executed in 27.1645ms.
2025-12-13 21:05:49.893 +01:00 [INF] Executed action ValcharUtulek.Controllers.AccountController.Login (ValcharUtulek) in 54.4494ms
2025-12-13 21:05:49.895 +01:00 [INF] Executed endpoint 'ValcharUtulek.Controllers.AccountController.Login (ValcharUtulek)'
2025-12-13 21:05:49.896 +01:00 [DBG] Response markup was updated to include Browser Link script injection.
2025-12-13 21:05:49.897 +01:00 [DBG] Response markup was updated to include browser refresh script injection.
2025-12-13 21:05:49.899 +01:00 [INF] Request finished HTTP/2 GET https://localhost:7079/Account/Login - 200 null text/html; charset=utf-8 87.0559ms
2025-12-13 21:05:49.949 +01:00 [INF] Request starting HTTP/2 GET https://localhost:7079/_vs/browserLink - null null
2025-12-13 21:05:49.949 +01:00 [INF] Request starting HTTP/2 GET https://localhost:7079/_framework/aspnetcore-browser-refresh.js - null null
2025-12-13 21:05:49.956 +01:00 [DBG] Script injected: /_framework/aspnetcore-browser-refresh.js
2025-12-13 21:05:49.957 +01:00 [INF] Request finished HTTP/2 GET https://localhost:7079/_vs/browserLink - 200 null text/javascript; charset=UTF-8 7.9908ms
2025-12-13 21:05:49.958 +01:00 [INF] Request finished HTTP/2 GET https://localhost:7079/_framework/aspnetcore-browser-refresh.js - 200 16511 application/javascript; charset=utf-8 8.4052ms
2025-12-13 21:23:56.857 +01:00 [INF] Starting web application
2025-12-13 21:23:58.198 +01:00 [DBG] An 'IServiceProvider' was created for internal use by Entity Framework.
2025-12-13 21:23:58.852 +01:00 [DBG] Entity Framework Core 9.0.10 initialized 'ShelterDbContext' using provider 'Pomelo.EntityFrameworkCore.MySql:9.0.0' with options: ParameterizedCollectionTranslationMode=Constantize ServerVersion=8.0.44-mysql 
2025-12-13 21:23:59.086 +01:00 [DBG] Creating DbConnection.
2025-12-13 21:23:59.094 +01:00 [DBG] Created DbConnection. (5ms).
2025-12-13 21:23:59.104 +01:00 [DBG] Migrating using database 'shelter' on server '127.0.0.1'.
2025-12-13 21:23:59.117 +01:00 [DBG] Creating DbConnection.
2025-12-13 21:23:59.119 +01:00 [DBG] Created DbConnection. (2ms).
2025-12-13 21:23:59.124 +01:00 [DBG] Opening connection to database '' on server '127.0.0.1'.
2025-12-13 21:23:59.168 +01:00 [DBG] Opened connection to database '' on server '127.0.0.1'.
2025-12-13 21:23:59.221 +01:00 [DBG] Disposing connection to database '' on server '127.0.0.1'.
2025-12-13 21:23:59.230 +01:00 [DBG] Disposed connection to database '' on server '127.0.0.1' (3ms).
2025-12-13 21:23:59.233 +01:00 [DBG] Opening connection to database 'shelter' on server '127.0.0.1'.
2025-12-13 21:23:59.258 +01:00 [DBG] Opened connection to database 'shelter' on server '127.0.0.1'.
2025-12-13 21:23:59.273 +01:00 [DBG] Creating DbCommand for 'ExecuteNonQuery'.
2025-12-13 21:23:59.280 +01:00 [DBG] Created DbCommand for 'ExecuteNonQuery' (6ms).
2025-12-13 21:23:59.283 +01:00 [DBG] Initialized DbCommand for 'ExecuteNonQuery' (14ms).
2025-12-13 21:23:59.292 +01:00 [DBG] Executing DbCommand [Parameters=[], CommandType='"Text"', CommandTimeout='30']
SELECT GET_LOCK('__shelter_EFMigrationsLock', 259200)
2025-12-13 21:23:59.322 +01:00 [INF] Executed DbCommand (19ms) [Parameters=[], CommandType='"Text"', CommandTimeout='30']
SELECT GET_LOCK('__shelter_EFMigrationsLock', 259200)
2025-12-13 21:23:59.431 +01:00 [DBG] Beginning transaction with isolation level 'Unspecified'.
2025-12-13 21:23:59.448 +01:00 [DBG] Began transaction with isolation level 'Unspecified'.
2025-12-13 21:23:59.452 +01:00 [DBG] Creating DbCommand for 'ExecuteNonQuery'.
2025-12-13 21:23:59.453 +01:00 [DBG] Created DbCommand for 'ExecuteNonQuery' (1ms).
2025-12-13 21:23:59.456 +01:00 [DBG] Initialized DbCommand for 'ExecuteNonQuery' (3ms).
2025-12-13 21:23:59.458 +01:00 [DBG] Executing DbCommand [Parameters=[], CommandType='"Text"', CommandTimeout='30']
CREATE TABLE IF NOT EXISTS `__EFMigrationsHistory` (
    `MigrationId` varchar(150) CHARACTER SET utf8mb4 NOT NULL,
    `ProductVersion` varchar(32) CHARACTER SET utf8mb4 NOT NULL,
    CONSTRAINT `PK___EFMigrationsHistory` PRIMARY KEY (`MigrationId`)
) CHARACTER SET=utf8mb4;
2025-12-13 21:23:59.469 +01:00 [INF] Executed DbCommand (10ms) [Parameters=[], CommandType='"Text"', CommandTimeout='30']
CREATE TABLE IF NOT EXISTS `__EFMigrationsHistory` (
    `MigrationId` varchar(150) CHARACTER SET utf8mb4 NOT NULL,
    `ProductVersion` varchar(32) CHARACTER SET utf8mb4 NOT NULL,
    CONSTRAINT `PK___EFMigrationsHistory` PRIMARY KEY (`MigrationId`)
) CHARACTER SET=utf8mb4;
2025-12-13 21:23:59.487 +01:00 [DBG] Committing transaction.
2025-12-13 21:23:59.495 +01:00 [DBG] Committed transaction.
2025-12-13 21:23:59.501 +01:00 [DBG] Disposing transaction.
2025-12-13 21:23:59.512 +01:00 [DBG] Beginning transaction with isolation level 'Unspecified'.
2025-12-13 21:23:59.514 +01:00 [DBG] Began transaction with isolation level 'Unspecified'.
2025-12-13 21:23:59.520 +01:00 [DBG] Creating DbConnection.
2025-12-13 21:23:59.521 +01:00 [DBG] Created DbConnection. (1ms).
2025-12-13 21:23:59.523 +01:00 [DBG] Opening connection to database '' on server '127.0.0.1'.
2025-12-13 21:23:59.538 +01:00 [DBG] Opened connection to database '' on server '127.0.0.1'.
2025-12-13 21:23:59.541 +01:00 [DBG] Disposing connection to database '' on server '127.0.0.1'.
2025-12-13 21:23:59.543 +01:00 [DBG] Disposed connection to database '' on server '127.0.0.1' (1ms).
2025-12-13 21:23:59.549 +01:00 [DBG] Creating DbCommand for 'ExecuteScalar'.
2025-12-13 21:23:59.551 +01:00 [DBG] Created DbCommand for 'ExecuteScalar' (1ms).
2025-12-13 21:23:59.553 +01:00 [DBG] Initialized DbCommand for 'ExecuteScalar' (3ms).
2025-12-13 21:23:59.555 +01:00 [DBG] Executing DbCommand [Parameters=[], CommandType='"Text"', CommandTimeout='30']
SELECT 1 FROM INFORMATION_SCHEMA.TABLES WHERE TABLE_SCHEMA='shelter' AND TABLE_NAME='__EFMigrationsHistory';
2025-12-13 21:23:59.563 +01:00 [INF] Executed DbCommand (8ms) [Parameters=[], CommandType='"Text"', CommandTimeout='30']
SELECT 1 FROM INFORMATION_SCHEMA.TABLES WHERE TABLE_SCHEMA='shelter' AND TABLE_NAME='__EFMigrationsHistory';
2025-12-13 21:23:59.572 +01:00 [DBG] Creating DbCommand for 'ExecuteReader'.
2025-12-13 21:23:59.574 +01:00 [DBG] Created DbCommand for 'ExecuteReader' (1ms).
2025-12-13 21:23:59.577 +01:00 [DBG] Initialized DbCommand for 'ExecuteReader' (4ms).
2025-12-13 21:23:59.580 +01:00 [DBG] Executing DbCommand [Parameters=[], CommandType='"Text"', CommandTimeout='30']
SELECT `MigrationId`, `ProductVersion`
FROM `__EFMigrationsHistory`
ORDER BY `MigrationId`;
2025-12-13 21:23:59.589 +01:00 [INF] Executed DbCommand (9ms) [Parameters=[], CommandType='"Text"', CommandTimeout='30']
SELECT `MigrationId`, `ProductVersion`
FROM `__EFMigrationsHistory`
ORDER BY `MigrationId`;
2025-12-13 21:23:59.597 +01:00 [DBG] Closing data reader to 'shelter' on server '127.0.0.1'.
2025-12-13 21:23:59.601 +01:00 [DBG] A data reader for 'shelter' on server '127.0.0.1' is being disposed after spending 7ms reading results.
2025-12-13 21:23:59.611 +01:00 [INF] Applying migration '20251201175334_InitialMigration'.
2025-12-13 21:23:59.662 +01:00 [DBG] Creating DbCommand for 'ExecuteNonQuery'.
2025-12-13 21:23:59.664 +01:00 [DBG] Created DbCommand for 'ExecuteNonQuery' (1ms).
2025-12-13 21:23:59.666 +01:00 [DBG] Initialized DbCommand for 'ExecuteNonQuery' (3ms).
2025-12-13 21:23:59.668 +01:00 [DBG] Executing DbCommand [Parameters=[], CommandType='"Text"', CommandTimeout='30']
ALTER DATABASE CHARACTER SET utf8mb4;
2025-12-13 21:23:59.678 +01:00 [INF] Executed DbCommand (10ms) [Parameters=[], CommandType='"Text"', CommandTimeout='30']
ALTER DATABASE CHARACTER SET utf8mb4;
2025-12-13 21:23:59.681 +01:00 [DBG] Creating DbCommand for 'ExecuteNonQuery'.
2025-12-13 21:23:59.683 +01:00 [DBG] Created DbCommand for 'ExecuteNonQuery' (2ms).
2025-12-13 21:23:59.685 +01:00 [DBG] Initialized DbCommand for 'ExecuteNonQuery' (3ms).
2025-12-13 21:23:59.687 +01:00 [DBG] Executing DbCommand [Parameters=[], CommandType='"Text"', CommandTimeout='30']
CREATE TABLE `Adoptions` (
    `AdoptionId` int NOT NULL AUTO_INCREMENT,
    `UserId` int NOT NULL,
    `AnimalId` int NOT NULL,
    `AdoptionDate` date NOT NULL,
    `Amount` double NOT NULL,
    CONSTRAINT `PK_Adoptions` PRIMARY KEY (`AdoptionId`)
) CHARACTER SET=utf8mb4;
2025-12-13 21:23:59.698 +01:00 [ERR] Failed executing DbCommand (10ms) [Parameters=[], CommandType='"Text"', CommandTimeout='30']
CREATE TABLE `Adoptions` (
    `AdoptionId` int NOT NULL AUTO_INCREMENT,
    `UserId` int NOT NULL,
    `AnimalId` int NOT NULL,
    `AdoptionDate` date NOT NULL,
    `Amount` double NOT NULL,
    CONSTRAINT `PK_Adoptions` PRIMARY KEY (`AdoptionId`)
) CHARACTER SET=utf8mb4;
2025-12-13 21:23:59.708 +01:00 [DBG] Disposing transaction.
2025-12-13 21:23:59.712 +01:00 [DBG] Creating DbCommand for 'ExecuteScalar'.
2025-12-13 21:23:59.714 +01:00 [DBG] Created DbCommand for 'ExecuteScalar' (2ms).
2025-12-13 21:23:59.716 +01:00 [DBG] Initialized DbCommand for 'ExecuteScalar' (3ms).
2025-12-13 21:23:59.718 +01:00 [DBG] Executing DbCommand [Parameters=[], CommandType='"Text"', CommandTimeout='30']
SELECT RELEASE_LOCK('__shelter_EFMigrationsLock')
2025-12-13 21:23:59.721 +01:00 [INF] Executed DbCommand (3ms) [Parameters=[], CommandType='"Text"', CommandTimeout='30']
SELECT RELEASE_LOCK('__shelter_EFMigrationsLock')
2025-12-13 21:23:59.727 +01:00 [DBG] Closing connection to database 'shelter' on server '127.0.0.1'.
2025-12-13 21:23:59.733 +01:00 [DBG] Closed connection to database 'shelter' on server '127.0.0.1' (5ms).
2025-12-13 21:23:59.817 +01:00 [ERR] An error occurred while seeding the database.
MySqlConnector.MySqlException (0x80004005): Table 'adoptions' already exists
   at MySqlConnector.Core.ServerSession.ReceiveReplyAsync(IOBehavior ioBehavior, CancellationToken cancellationToken) in /_/src/MySqlConnector/Core/ServerSession.cs:line 1081
   at MySqlConnector.Core.ResultSet.ReadResultSetHeaderAsync(IOBehavior ioBehavior) in /_/src/MySqlConnector/Core/ResultSet.cs:line 37
   at MySqlConnector.MySqlDataReader.ActivateResultSet(CancellationToken cancellationToken) in /_/src/MySqlConnector/MySqlDataReader.cs:line 131
   at MySqlConnector.MySqlDataReader.InitAsync(CommandListPosition commandListPosition, ICommandPayloadCreator payloadCreator, IDictionary`2 cachedProcedures, IMySqlCommand command, CommandBehavior behavior, Activity activity, IOBehavior ioBehavior, CancellationToken cancellationToken) in /_/src/MySqlConnector/MySqlDataReader.cs:line 487
   at MySqlConnector.Core.CommandExecutor.ExecuteReaderAsync(CommandListPosition commandListPosition, ICommandPayloadCreator payloadCreator, CommandBehavior behavior, Activity activity, IOBehavior ioBehavior, CancellationToken cancellationToken) in /_/src/MySqlConnector/Core/CommandExecutor.cs:line 56
   at MySqlConnector.MySqlCommand.ExecuteNonQueryAsync(IOBehavior ioBehavior, CancellationToken cancellationToken) in /_/src/MySqlConnector/MySqlCommand.cs:line 309
   at Microsoft.EntityFrameworkCore.Storage.RelationalCommand.ExecuteNonQueryAsync(RelationalCommandParameterObject parameterObject, CancellationToken cancellationToken)
   at Microsoft.EntityFrameworkCore.Storage.RelationalCommand.ExecuteNonQueryAsync(RelationalCommandParameterObject parameterObject, CancellationToken cancellationToken)
   at Microsoft.EntityFrameworkCore.Storage.RelationalCommand.ExecuteNonQueryAsync(RelationalCommandParameterObject parameterObject, CancellationToken cancellationToken)
   at Microsoft.EntityFrameworkCore.Migrations.Internal.MigrationCommandExecutor.ExecuteAsync(IReadOnlyList`1 migrationCommands, IRelationalConnection connection, MigrationExecutionState executionState, Boolean beginTransaction, Boolean commitTransaction, Nullable`1 isolationLevel, CancellationToken cancellationToken)
   at Microsoft.EntityFrameworkCore.Migrations.Internal.MigrationCommandExecutor.ExecuteAsync(IReadOnlyList`1 migrationCommands, IRelationalConnection connection, MigrationExecutionState executionState, Boolean beginTransaction, Boolean commitTransaction, Nullable`1 isolationLevel, CancellationToken cancellationToken)
   at Pomelo.EntityFrameworkCore.MySql.Storage.Internal.MySqlExecutionStrategy.ExecuteAsync[TState,TResult](TState state, Func`4 operation, Func`4 verifySucceeded, CancellationToken cancellationToken)
   at Microsoft.EntityFrameworkCore.Migrations.Internal.MigrationCommandExecutor.ExecuteNonQueryAsync(IReadOnlyList`1 migrationCommands, IRelationalConnection connection, MigrationExecutionState executionState, Boolean commitTransaction, Nullable`1 isolationLevel, CancellationToken cancellationToken)
   at Microsoft.EntityFrameworkCore.Migrations.Internal.Migrator.MigrateImplementationAsync(DbContext context, String targetMigration, MigrationExecutionState state, Boolean useTransaction, CancellationToken cancellationToken)
   at Microsoft.EntityFrameworkCore.Migrations.Internal.Migrator.MigrateImplementationAsync(DbContext context, String targetMigration, MigrationExecutionState state, Boolean useTransaction, CancellationToken cancellationToken)
   at Microsoft.EntityFrameworkCore.Migrations.Internal.Migrator.<>c.<<MigrateAsync>b__22_1>d.MoveNext()
--- End of stack trace from previous location ---
   at Pomelo.EntityFrameworkCore.MySql.Storage.Internal.MySqlExecutionStrategy.ExecuteAsync[TState,TResult](TState state, Func`4 operation, Func`4 verifySucceeded, CancellationToken cancellationToken)
   at Microsoft.EntityFrameworkCore.Migrations.Internal.Migrator.MigrateAsync(String targetMigration, CancellationToken cancellationToken)
   at Microsoft.EntityFrameworkCore.Migrations.Internal.Migrator.MigrateAsync(String targetMigration, CancellationToken cancellationToken)
   at ValcharUtulek.Program.Main(String[] args) in C:\Users\David\source\repos\ValcharUtulek\ValcharUtulek\Program.cs:line 75
2025-12-13 21:23:59.876 +01:00 [DBG] 'ShelterDbContext' disposed.
2025-12-13 21:23:59.878 +01:00 [DBG] Disposing connection to database 'shelter' on server '127.0.0.1'.
2025-12-13 21:23:59.881 +01:00 [DBG] Disposed connection to database 'shelter' on server '127.0.0.1' (2ms).
2025-12-13 21:23:59.942 +01:00 [DBG] Initializing Razor view compiler with compiled view: '/Views/Account/Login.cshtml'.
2025-12-13 21:23:59.944 +01:00 [DBG] Initializing Razor view compiler with compiled view: '/Views/Account/Register.cshtml'.
2025-12-13 21:23:59.947 +01:00 [DBG] Initializing Razor view compiler with compiled view: '/Views/Adoptions/Create.cshtml'.
2025-12-13 21:23:59.948 +01:00 [DBG] Initializing Razor view compiler with compiled view: '/Views/Adoptions/Delete.cshtml'.
2025-12-13 21:23:59.950 +01:00 [DBG] Initializing Razor view compiler with compiled view: '/Views/Adoptions/Details.cshtml'.
2025-12-13 21:23:59.951 +01:00 [DBG] Initializing Razor view compiler with compiled view: '/Views/Adoptions/Edit.cshtml'.
2025-12-13 21:23:59.953 +01:00 [DBG] Initializing Razor view compiler with compiled view: '/Views/Adoptions/Index.cshtml'.
2025-12-13 21:23:59.954 +01:00 [DBG] Initializing Razor view compiler with compiled view: '/Views/Gifts/Create.cshtml'.
2025-12-13 21:23:59.956 +01:00 [DBG] Initializing Razor view compiler with compiled view: '/Views/Gifts/Delete.cshtml'.
2025-12-13 21:23:59.958 +01:00 [DBG] Initializing Razor view compiler with compiled view: '/Views/Gifts/Details.cshtml'.
2025-12-13 21:23:59.959 +01:00 [DBG] Initializing Razor view compiler with compiled view: '/Views/Gifts/Edit.cshtml'.
2025-12-13 21:23:59.960 +01:00 [DBG] Initializing Razor view compiler with compiled view: '/Views/Gifts/Index.cshtml'.
2025-12-13 21:23:59.962 +01:00 [DBG] Initializing Razor view compiler with compiled view: '/Views/Home/Index.cshtml'.
2025-12-13 21:23:59.964 +01:00 [DBG] Initializing Razor view compiler with compiled view: '/Views/Home/Privacy.cshtml'.
2025-12-13 21:23:59.966 +01:00 [DBG] Initializing Razor view compiler with compiled view: '/Views/News/Create.cshtml'.
2025-12-13 21:23:59.967 +01:00 [DBG] Initializing Razor view compiler with compiled view: '/Views/News/Delete.cshtml'.
2025-12-13 21:23:59.968 +01:00 [DBG] Initializing Razor view compiler with compiled view: '/Views/News/Details.cshtml'.
2025-12-13 21:23:59.970 +01:00 [DBG] Initializing Razor view compiler with compiled view: '/Views/News/Edit.cshtml'.
2025-12-13 21:23:59.972 +01:00 [DBG] Initializing Razor view compiler with compiled view: '/Views/News/Index.cshtml'.
2025-12-13 21:23:59.973 +01:00 [DBG] Initializing Razor view compiler with compiled view: '/Views/Shared/Error.cshtml'.
2025-12-13 21:23:59.974 +01:00 [DBG] Initializing Razor view compiler with compiled view: '/Views/Shared/_ValidationScriptsPartial.cshtml'.
2025-12-13 21:23:59.976 +01:00 [DBG] Initializing Razor view compiler with compiled view: '/Views/Users/Index.cshtml'.
2025-12-13 21:23:59.977 +01:00 [DBG] Initializing Razor view compiler with compiled view: '/Views/_ViewImports.cshtml'.
2025-12-13 21:23:59.979 +01:00 [DBG] Initializing Razor view compiler with compiled view: '/Views/_ViewStart.cshtml'.
2025-12-13 21:23:59.981 +01:00 [DBG] Initializing Razor view compiler with compiled view: '/Views/Shared/_Layout.cshtml'.
2025-12-13 21:24:00.010 +01:00 [DBG] Registered model binder providers, in the following order: ["Microsoft.AspNetCore.Mvc.ModelBinding.Binders.BinderTypeModelBinderProvider","Microsoft.AspNetCore.Mvc.ModelBinding.Binders.ServicesModelBinderProvider","Microsoft.AspNetCore.Mvc.ModelBinding.Binders.BodyModelBinderProvider","Microsoft.AspNetCore.Mvc.ModelBinding.Binders.HeaderModelBinderProvider","Microsoft.AspNetCore.Mvc.ModelBinding.Binders.FloatingPointTypeModelBinderProvider","Microsoft.AspNetCore.Mvc.ModelBinding.Binders.EnumTypeModelBinderProvider","Microsoft.AspNetCore.Mvc.ModelBinding.Binders.DateTimeModelBinderProvider","Microsoft.AspNetCore.Mvc.ModelBinding.Binders.SimpleTypeModelBinderProvider","Microsoft.AspNetCore.Mvc.ModelBinding.Binders.TryParseModelBinderProvider","Microsoft.AspNetCore.Mvc.ModelBinding.Binders.CancellationTokenModelBinderProvider","Microsoft.AspNetCore.Mvc.ModelBinding.Binders.ByteArrayModelBinderProvider","Microsoft.AspNetCore.Mvc.ModelBinding.Binders.FormFileModelBinderProvider","Microsoft.AspNetCore.Mvc.ModelBinding.Binders.FormCollectionModelBinderProvider","Microsoft.AspNetCore.Mvc.ModelBinding.Binders.KeyValuePairModelBinderProvider","Microsoft.AspNetCore.Mvc.ModelBinding.Binders.DictionaryModelBinderProvider","Microsoft.AspNetCore.Mvc.ModelBinding.Binders.ArrayModelBinderProvider","Microsoft.AspNetCore.Mvc.ModelBinding.Binders.CollectionModelBinderProvider","Microsoft.AspNetCore.Mvc.ModelBinding.Binders.ComplexObjectModelBinderProvider"]
2025-12-13 21:24:00.098 +01:00 [DBG] Hosting starting
2025-12-13 21:24:00.130 +01:00 [INF] User profile is available. Using 'C:\Users\David\AppData\Local\ASP.NET\DataProtection-Keys' as key repository and Windows DPAPI to encrypt keys at rest.
2025-12-13 21:24:00.155 +01:00 [DBG] Reading data from file 'C:\Users\David\AppData\Local\ASP.NET\DataProtection-Keys\key-f5c154a5-e5b4-4c9b-b7eb-6e5e819bbbdf.xml'.
2025-12-13 21:24:00.168 +01:00 [DBG] Found key {f5c154a5-e5b4-4c9b-b7eb-6e5e819bbbdf}.
2025-12-13 21:24:00.183 +01:00 [DBG] Considering key {f5c154a5-e5b4-4c9b-b7eb-6e5e819bbbdf} with expiration date 2025-12-22 06:21:24Z as default key.
2025-12-13 21:24:00.190 +01:00 [DBG] Forwarded activator type request from Microsoft.AspNetCore.DataProtection.XmlEncryption.DpapiXmlDecryptor, Microsoft.AspNetCore.DataProtection, Version=9.0.0.0, Culture=neutral, PublicKeyToken=adb9793829ddae60 to Microsoft.AspNetCore.DataProtection.XmlEncryption.DpapiXmlDecryptor, Microsoft.AspNetCore.DataProtection, Culture=neutral, PublicKeyToken=adb9793829ddae60
2025-12-13 21:24:00.193 +01:00 [DBG] Decrypting secret element using Windows DPAPI.
2025-12-13 21:24:00.196 +01:00 [DBG] Forwarded activator type request from Microsoft.AspNetCore.DataProtection.AuthenticatedEncryption.ConfigurationModel.AuthenticatedEncryptorDescriptorDeserializer, Microsoft.AspNetCore.DataProtection, Version=9.0.0.0, Culture=neutral, PublicKeyToken=adb9793829ddae60 to Microsoft.AspNetCore.DataProtection.AuthenticatedEncryption.ConfigurationModel.AuthenticatedEncryptorDescriptorDeserializer, Microsoft.AspNetCore.DataProtection, Culture=neutral, PublicKeyToken=adb9793829ddae60
2025-12-13 21:24:00.202 +01:00 [DBG] Opening CNG algorithm 'AES' from provider 'null' with chaining mode CBC.
2025-12-13 21:24:00.205 +01:00 [DBG] Opening CNG algorithm 'SHA256' from provider 'null' with HMAC.
2025-12-13 21:24:00.209 +01:00 [DBG] Using key {f5c154a5-e5b4-4c9b-b7eb-6e5e819bbbdf} as the default key.
2025-12-13 21:24:00.212 +01:00 [DBG] Key ring with default key {f5c154a5-e5b4-4c9b-b7eb-6e5e819bbbdf} was loaded during application startup.
2025-12-13 21:24:00.226 +01:00 [DBG] Middleware loaded
2025-12-13 21:24:00.231 +01:00 [DBG] Middleware loaded. Script /_framework/aspnetcore-browser-refresh.js (16511 B).
2025-12-13 21:24:00.234 +01:00 [DBG] Middleware loaded. Script /_framework/blazor-hotreload.js (799 B).
2025-12-13 21:24:00.287 +01:00 [DBG] Middleware configuration started with options: {AllowedHosts = *, AllowEmptyHosts = True, IncludeFailureMessage = True}
2025-12-13 21:24:00.291 +01:00 [DBG] Wildcard detected, all requests with hosts will be allowed.
2025-12-13 21:24:00.303 +01:00 [DBG] Middleware loaded: DOTNET_MODIFIABLE_ASSEMBLIES=debug, __ASPNETCORE_BROWSER_TOOLS=true
2025-12-13 21:24:00.396 +01:00 [INF] Now listening on: https://localhost:7079
2025-12-13 21:24:00.416 +01:00 [INF] Now listening on: http://localhost:5048
2025-12-13 21:24:00.418 +01:00 [DBG] Loaded hosting startup assembly ValcharUtulek
2025-12-13 21:24:00.419 +01:00 [DBG] Loaded hosting startup assembly Microsoft.WebTools.ApiEndpointDiscovery
2025-12-13 21:24:00.421 +01:00 [DBG] Loaded hosting startup assembly Microsoft.AspNetCore.Watch.BrowserRefresh
2025-12-13 21:24:00.423 +01:00 [DBG] Loaded hosting startup assembly Microsoft.WebTools.BrowserLink.Net
2025-12-13 21:24:00.437 +01:00 [DBG] Executing API description provider 'EndpointMetadataApiDescriptionProvider' from assembly Microsoft.AspNetCore.Mvc.ApiExplorer v9.0.0.0.
2025-12-13 21:24:00.442 +01:00 [DBG] Executing API description provider 'DefaultApiDescriptionProvider' from assembly Microsoft.AspNetCore.Mvc.ApiExplorer v9.0.0.0.
2025-12-13 21:24:00.523 +01:00 [INF] Application started. Press Ctrl+C to shut down.
2025-12-13 21:24:00.524 +01:00 [INF] Hosting environment: Development
2025-12-13 21:24:00.525 +01:00 [INF] Content root path: C:\Users\David\source\repos\ValcharUtulek\ValcharUtulek
2025-12-13 21:24:00.526 +01:00 [DBG] Hosting started
2025-12-13 21:24:00.724 +01:00 [DBG] Connection id "0HNHQGM6J7RC1" accepted.
2025-12-13 21:24:00.726 +01:00 [DBG] Connection id "0HNHQGM6J7RC2" accepted.
2025-12-13 21:24:00.728 +01:00 [DBG] Connection id "0HNHQGM6J7RC1" started.
2025-12-13 21:24:00.729 +01:00 [DBG] Connection id "0HNHQGM6J7RC2" started.
2025-12-13 21:24:00.761 +01:00 [DBG] Connection id "0HNHQGM6J7RC1" received FIN.
2025-12-13 21:24:00.761 +01:00 [DBG] Connection id "0HNHQGM6J7RC2" received FIN.
2025-12-13 21:24:00.778 +01:00 [DBG] Failed to authenticate HTTPS connection.
System.IO.IOException: Received an unexpected EOF or 0 bytes from the transport stream.
   at System.Net.Security.SslStream.ReceiveHandshakeFrameAsync[TIOAdapter](CancellationToken cancellationToken)
   at System.Net.Security.SslStream.ForceAuthenticationAsync[TIOAdapter](Boolean receiveFirst, Byte[] reAuthenticationData, CancellationToken cancellationToken)
   at System.Net.Security.SslStream.ProcessAuthenticationWithTelemetryAsync(Boolean isAsync, CancellationToken cancellationToken)
   at Microsoft.AspNetCore.Server.Kestrel.Https.Internal.HttpsConnectionMiddleware.OnConnectionAsync(ConnectionContext context)
2025-12-13 21:24:00.778 +01:00 [DBG] Failed to authenticate HTTPS connection.
System.IO.IOException: Received an unexpected EOF or 0 bytes from the transport stream.
   at System.Net.Security.SslStream.ReceiveHandshakeFrameAsync[TIOAdapter](CancellationToken cancellationToken)
   at System.Net.Security.SslStream.ForceAuthenticationAsync[TIOAdapter](Boolean receiveFirst, Byte[] reAuthenticationData, CancellationToken cancellationToken)
   at System.Net.Security.SslStream.ProcessAuthenticationWithTelemetryAsync(Boolean isAsync, CancellationToken cancellationToken)
   at Microsoft.AspNetCore.Server.Kestrel.Https.Internal.HttpsConnectionMiddleware.OnConnectionAsync(ConnectionContext context)
2025-12-13 21:24:00.789 +01:00 [DBG] Connection id "0HNHQGM6J7RC2" stopped.
2025-12-13 21:24:00.789 +01:00 [DBG] Connection id "0HNHQGM6J7RC1" stopped.
2025-12-13 21:24:00.793 +01:00 [DBG] Connection id "0HNHQGM6J7RC2" sending FIN because: "The Socket transport's send loop completed gracefully."
2025-12-13 21:24:00.793 +01:00 [DBG] Connection id "0HNHQGM6J7RC1" sending FIN because: "The Socket transport's send loop completed gracefully."
2025-12-13 21:24:01.114 +01:00 [DBG] Connection id "0HNHQGM6J7RC3" accepted.
2025-12-13 21:24:01.116 +01:00 [DBG] Connection id "0HNHQGM6J7RC3" started.
2025-12-13 21:24:01.134 +01:00 [DBG] Connection 0HNHQGM6J7RC3 established using the following protocol: "Tls13"
2025-12-13 21:24:01.213 +01:00 [INF] Request starting HTTP/2 GET https://localhost:7079/ - null null
2025-12-13 21:24:01.345 +01:00 [DBG] The request path / does not match a supported file type
2025-12-13 21:24:01.379 +01:00 [DBG] 1 candidate(s) found for the request path '/'
2025-12-13 21:24:01.382 +01:00 [DBG] Endpoint 'ValcharUtulek.Controllers.HomeController.Index (ValcharUtulek)' with route pattern '{controller=Home}/{action=Index}/{id?}' is valid for the request path '/'
2025-12-13 21:24:01.385 +01:00 [DBG] Request matched endpoint 'ValcharUtulek.Controllers.HomeController.Index (ValcharUtulek)'
2025-12-13 21:24:01.407 +01:00 [DBG] AuthenticationScheme: Cookies was not authenticated.
2025-12-13 21:24:01.412 +01:00 [INF] Executing endpoint 'ValcharUtulek.Controllers.HomeController.Index (ValcharUtulek)'
2025-12-13 21:24:01.433 +01:00 [INF] Route matched with {action = "Index", controller = "Home"}. Executing controller action with signature Microsoft.AspNetCore.Mvc.IActionResult Index() on controller ValcharUtulek.Controllers.HomeController (ValcharUtulek).
2025-12-13 21:24:01.437 +01:00 [DBG] Execution plan of authorization filters (in the following order): ["None"]
2025-12-13 21:24:01.440 +01:00 [DBG] Execution plan of resource filters (in the following order): ["Microsoft.AspNetCore.Mvc.ViewFeatures.Filters.SaveTempDataFilter"]
2025-12-13 21:24:01.443 +01:00 [DBG] Execution plan of action filters (in the following order): ["Microsoft.AspNetCore.Mvc.Filters.ControllerActionFilter (Order: -2147483648)","Microsoft.AspNetCore.Mvc.ModelBinding.UnsupportedContentTypeFilter (Order: -3000)"]
2025-12-13 21:24:01.446 +01:00 [DBG] Execution plan of exception filters (in the following order): ["None"]
2025-12-13 21:24:01.448 +01:00 [DBG] Execution plan of result filters (in the following order): ["Microsoft.AspNetCore.Mvc.ViewFeatures.Filters.SaveTempDataFilter"]
2025-12-13 21:24:01.453 +01:00 [DBG] Executing controller factory for controller ValcharUtulek.Controllers.HomeController (ValcharUtulek)
2025-12-13 21:24:01.456 +01:00 [DBG] Executed controller factory for controller ValcharUtulek.Controllers.HomeController (ValcharUtulek)
2025-12-13 21:24:01.465 +01:00 [DBG] View lookup cache miss for view 'Index' in controller 'Home'.
2025-12-13 21:24:01.473 +01:00 [INF] Executing ViewResult, running view Index.
2025-12-13 21:24:01.479 +01:00 [DBG] The view path '/Views/Home/Index.cshtml' was found in 11.2308ms.
2025-12-13 21:24:01.519 +01:00 [DBG] View lookup cache miss for view '_Layout' in controller 'Home'.
2025-12-13 21:24:01.595 +01:00 [DBG] Response markup is scheduled to include Browser Link script injection.
2025-12-13 21:24:01.603 +01:00 [DBG] Response markup is scheduled to include browser refresh script injection.
2025-12-13 21:24:01.610 +01:00 [INF] Executed ViewResult - view Index executed in 145.7191ms.
2025-12-13 21:24:01.613 +01:00 [INF] Executed action ValcharUtulek.Controllers.HomeController.Index (ValcharUtulek) in 162.2091ms
2025-12-13 21:24:01.616 +01:00 [INF] Executed endpoint 'ValcharUtulek.Controllers.HomeController.Index (ValcharUtulek)'
2025-12-13 21:24:01.618 +01:00 [DBG] Response markup was updated to include Browser Link script injection.
2025-12-13 21:24:01.620 +01:00 [DBG] Response markup was updated to include browser refresh script injection.
2025-12-13 21:24:01.626 +01:00 [INF] Request finished HTTP/2 GET https://localhost:7079/ - 200 null text/html; charset=utf-8 426.5775ms
2025-12-13 21:24:01.667 +01:00 [INF] Request starting HTTP/2 GET https://localhost:7079/_framework/aspnetcore-browser-refresh.js - null null
2025-12-13 21:24:01.667 +01:00 [INF] Request starting HTTP/2 GET https://localhost:7079/_vs/browserLink - null null
2025-12-13 21:24:01.686 +01:00 [DBG] Script injected: /_framework/aspnetcore-browser-refresh.js
2025-12-13 21:24:01.688 +01:00 [INF] Request finished HTTP/2 GET https://localhost:7079/_framework/aspnetcore-browser-refresh.js - 200 16511 application/javascript; charset=utf-8 21.1631ms
2025-12-13 21:24:01.716 +01:00 [INF] Request finished HTTP/2 GET https://localhost:7079/_vs/browserLink - 200 null text/javascript; charset=UTF-8 48.8477ms
2025-12-13 21:24:03.356 +01:00 [INF] Request starting HTTP/2 GET https://localhost:7079/Adoptions - null null
2025-12-13 21:24:03.368 +01:00 [DBG] The request path /Adoptions does not match a supported file type
2025-12-13 21:24:03.371 +01:00 [DBG] 1 candidate(s) found for the request path '/Adoptions'
2025-12-13 21:24:03.374 +01:00 [DBG] Endpoint 'ValcharUtulek.Controllers.AdoptionsController.Index (ValcharUtulek)' with route pattern '{controller=Home}/{action=Index}/{id?}' is valid for the request path '/Adoptions'
2025-12-13 21:24:03.376 +01:00 [DBG] Request matched endpoint 'ValcharUtulek.Controllers.AdoptionsController.Index (ValcharUtulek)'
2025-12-13 21:24:03.378 +01:00 [DBG] AuthenticationScheme: Cookies was not authenticated.
2025-12-13 21:24:03.380 +01:00 [INF] Executing endpoint 'ValcharUtulek.Controllers.AdoptionsController.Index (ValcharUtulek)'
2025-12-13 21:24:03.395 +01:00 [INF] Route matched with {action = "Index", controller = "Adoptions"}. Executing controller action with signature System.Threading.Tasks.Task`1[Microsoft.AspNetCore.Mvc.IActionResult] Index() on controller ValcharUtulek.Controllers.AdoptionsController (ValcharUtulek).
2025-12-13 21:24:03.399 +01:00 [DBG] Execution plan of authorization filters (in the following order): ["None"]
2025-12-13 21:24:03.402 +01:00 [DBG] Execution plan of resource filters (in the following order): ["Microsoft.AspNetCore.Mvc.ViewFeatures.Filters.SaveTempDataFilter"]
2025-12-13 21:24:03.404 +01:00 [DBG] Execution plan of action filters (in the following order): ["Microsoft.AspNetCore.Mvc.Filters.ControllerActionFilter (Order: -2147483648)","Microsoft.AspNetCore.Mvc.ModelBinding.UnsupportedContentTypeFilter (Order: -3000)"]
2025-12-13 21:24:03.406 +01:00 [DBG] Execution plan of exception filters (in the following order): ["None"]
2025-12-13 21:24:03.408 +01:00 [DBG] Execution plan of result filters (in the following order): ["Microsoft.AspNetCore.Mvc.ViewFeatures.Filters.SaveTempDataFilter"]
2025-12-13 21:24:03.410 +01:00 [DBG] Executing controller factory for controller ValcharUtulek.Controllers.AdoptionsController (ValcharUtulek)
2025-12-13 21:24:03.421 +01:00 [DBG] Executed controller factory for controller ValcharUtulek.Controllers.AdoptionsController (ValcharUtulek)
2025-12-13 21:24:03.437 +01:00 [DBG] Entity Framework Core 9.0.10 initialized 'ShelterDbContext' using provider 'Pomelo.EntityFrameworkCore.MySql:9.0.0' with options: ParameterizedCollectionTranslationMode=Constantize ServerVersion=8.0.44-mysql 
2025-12-13 21:24:03.483 +01:00 [DBG] Compiling query expression: 
'DbSet<Animal>()
    .Where(a => a.IsAvailable)'
2025-12-13 21:24:03.751 +01:00 [DBG] Generated query execution expression: 
'queryContext => SingleQueryingEnumerable.Create<Animal>(
    relationalQueryContext: (RelationalQueryContext)queryContext, 
    relationalCommandResolver: parameters => [LIFTABLE Constant: RelationalCommandCache.QueryExpression(
        Projection Mapping:
            EmptyProjectionMember -> Dictionary<IProperty, int> { [Property: Animal.AnimalId (int) Required PK AfterSave:Throw ValueGenerated.OnAdd, 0], [Property: Animal.Age (int) Required, 1], [Property: Animal.Description (string), 2], [Property: Animal.IsAvailable (bool) Required, 3], [Property: Animal.Name (string) Required, 4], [Property: Animal.Photo (string), 5], [Property: Animal.Species (string), 6] }
        SELECT a.AnimalId, a.Age, a.Description, a.IsAvailable, a.Name, a.Photo, a.Species
        FROM Animals AS a
        WHERE a.IsAvailable) | Resolver: c => new RelationalCommandCache(
        c.Dependencies.MemoryCache, 
        c.RelationalDependencies.QuerySqlGeneratorFactory, 
        c.RelationalDependencies.RelationalParameterBasedSqlProcessorFactory, 
        Projection Mapping:
            EmptyProjectionMember -> Dictionary<IProperty, int> { [Property: Animal.AnimalId (int) Required PK AfterSave:Throw ValueGenerated.OnAdd, 0], [Property: Animal.Age (int) Required, 1], [Property: Animal.Description (string), 2], [Property: Animal.IsAvailable (bool) Required, 3], [Property: Animal.Name (string) Required, 4], [Property: Animal.Photo (string), 5], [Property: Animal.Species (string), 6] }
        SELECT a.AnimalId, a.Age, a.Description, a.IsAvailable, a.Name, a.Photo, a.Species
        FROM Animals AS a
        WHERE a.IsAvailable, 
        False, 
        new HashSet<string>(
            new string[]{ }, 
            StringComparer.Ordinal
        )
    )].GetRelationalCommandTemplate(parameters), 
    readerColumns: null, 
    shaper: (queryContext, dataReader, resultContext, resultCoordinator) => 
    {
        Animal entity;
        entity = 
        {
            MaterializationContext materializationContext1;
            IEntityType entityType1;
            Animal instance1;
            InternalEntityEntry entry1;
            bool hasNullKey1;
            materializationContext1 = new MaterializationContext(
                [LIFTABLE Constant: ValueBuffer | Resolver: _ => (object)ValueBuffer.Empty], 
                queryContext.Context
            );
            instance1 = default(Animal);
            entry1 = queryContext.TryGetEntry(
                key: Key: Animal.AnimalId PK, 
                keyValues: new object[]{ (object)dataReader.GetInt32(0) }, 
                throwOnNullKey: True, 
                hasNullKey: hasNullKey1);
            !(hasNullKey1) ? entry1 != default(InternalEntityEntry) ? 
            {
                entityType1 = entry1.EntityType;
                return instance1 = (Animal)entry1.Entity;
            } : 
            {
                ISnapshot shadowSnapshot1;
                shadowSnapshot1 = Snapshot;
                entityType1 = EntityType: Animal;
                instance1 = switch (entityType1)
                {
                    case EntityType: Animal: 
                        {
                            return 
                            {
                                Animal instance;
                                instance = new Animal();
                                instance.<AnimalId>k__BackingField = dataReader.GetInt32(0);
                                instance.<Age>k__BackingField = dataReader.GetInt32(1);
                                instance.<Description>k__BackingField = dataReader.IsDBNull(2) ? default(string) : dataReader.GetString(2);
                                instance.<IsAvailable>k__BackingField = dataReader.GetBoolean(3);
                                instance.<Name>k__BackingField = dataReader.GetString(4);
                                instance.<Photo>k__BackingField = dataReader.IsDBNull(5) ? default(string) : dataReader.GetString(5);
                                instance.<Species>k__BackingField = dataReader.IsDBNull(6) ? default(string) : dataReader.GetString(6);
                                (instance is IInjectableService) ? ((IInjectableService)instance).Injected(
                                    context: materializationContext1.Context, 
                                    entity: instance, 
                                    queryTrackingBehavior: TrackAll, 
                                    structuralType: EntityType: Animal) : default(void);
                                return instance;
                            }}
                    default: 
                        default(Animal)
                }
                ;
                entry1 = entityType1 == default(IEntityType) ? default(InternalEntityEntry) : queryContext.StartTracking(
                    entityType: entityType1, 
                    entity: instance1, 
                    snapshot: shadowSnapshot1);
                return instance1;
            } : default(void);
            return instance1;
        };
        return entity;
    }, 
    contextType: ValcharUtulek.Database.ShelterDbContext, 
    standAloneStateManager: False, 
    detailedErrorsEnabled: False, 
    threadSafetyChecksEnabled: True)'
2025-12-13 21:24:03.783 +01:00 [DBG] Creating DbConnection.
2025-12-13 21:24:03.785 +01:00 [DBG] Created DbConnection. (1ms).
2025-12-13 21:24:03.787 +01:00 [DBG] Opening connection to database 'shelter' on server '127.0.0.1'.
2025-12-13 21:24:03.795 +01:00 [DBG] Opened connection to database 'shelter' on server '127.0.0.1'.
2025-12-13 21:24:03.797 +01:00 [DBG] Creating DbCommand for 'ExecuteReader'.
2025-12-13 21:24:03.798 +01:00 [DBG] Created DbCommand for 'ExecuteReader' (1ms).
2025-12-13 21:24:03.800 +01:00 [DBG] Initialized DbCommand for 'ExecuteReader' (3ms).
2025-12-13 21:24:03.802 +01:00 [DBG] Executing DbCommand [Parameters=[], CommandType='"Text"', CommandTimeout='30']
SELECT `a`.`AnimalId`, `a`.`Age`, `a`.`Description`, `a`.`IsAvailable`, `a`.`Name`, `a`.`Photo`, `a`.`Species`
FROM `Animals` AS `a`
WHERE `a`.`IsAvailable`
2025-12-13 21:24:03.805 +01:00 [INF] Executed DbCommand (4ms) [Parameters=[], CommandType='"Text"', CommandTimeout='30']
SELECT `a`.`AnimalId`, `a`.`Age`, `a`.`Description`, `a`.`IsAvailable`, `a`.`Name`, `a`.`Photo`, `a`.`Species`
FROM `Animals` AS `a`
WHERE `a`.`IsAvailable`
2025-12-13 21:24:03.813 +01:00 [DBG] Closing data reader to 'shelter' on server '127.0.0.1'.
2025-12-13 21:24:03.814 +01:00 [DBG] A data reader for 'shelter' on server '127.0.0.1' is being disposed after spending 6ms reading results.
2025-12-13 21:24:03.816 +01:00 [DBG] Closing connection to database 'shelter' on server '127.0.0.1'.
2025-12-13 21:24:03.818 +01:00 [DBG] Closed connection to database 'shelter' on server '127.0.0.1' (1ms).
2025-12-13 21:24:03.824 +01:00 [DBG] View lookup cache miss for view 'Index' in controller 'Adoptions'.
2025-12-13 21:24:03.828 +01:00 [INF] Executing ViewResult, running view Index.
2025-12-13 21:24:03.829 +01:00 [DBG] The view path '/Views/Adoptions/Index.cshtml' was found in 5.4273ms.
2025-12-13 21:24:03.838 +01:00 [DBG] View lookup cache miss for view '_Layout' in controller 'Adoptions'.
2025-12-13 21:24:03.846 +01:00 [DBG] Response markup is scheduled to include Browser Link script injection.
2025-12-13 21:24:03.847 +01:00 [DBG] Response markup is scheduled to include browser refresh script injection.
2025-12-13 21:24:03.848 +01:00 [INF] Executed ViewResult - view Index executed in 24.1857ms.
2025-12-13 21:24:03.851 +01:00 [INF] Executed action ValcharUtulek.Controllers.AdoptionsController.Index (ValcharUtulek) in 440.3978ms
2025-12-13 21:24:03.853 +01:00 [INF] Executed endpoint 'ValcharUtulek.Controllers.AdoptionsController.Index (ValcharUtulek)'
2025-12-13 21:24:03.856 +01:00 [DBG] Response markup was updated to include Browser Link script injection.
2025-12-13 21:24:03.860 +01:00 [DBG] Response markup was updated to include browser refresh script injection.
2025-12-13 21:24:03.865 +01:00 [DBG] 'ShelterDbContext' disposed.
2025-12-13 21:24:03.869 +01:00 [DBG] Disposing connection to database 'shelter' on server '127.0.0.1'.
2025-12-13 21:24:03.873 +01:00 [DBG] Disposed connection to database 'shelter' on server '127.0.0.1' (3ms).
2025-12-13 21:24:03.876 +01:00 [INF] Request finished HTTP/2 GET https://localhost:7079/Adoptions - 200 null text/html; charset=utf-8 519.9023ms
2025-12-13 21:24:03.900 +01:00 [INF] Request starting HTTP/2 GET https://localhost:7079/_framework/aspnetcore-browser-refresh.js - null null
2025-12-13 21:24:03.900 +01:00 [INF] Request starting HTTP/2 GET https://localhost:7079/_vs/browserLink - null null
2025-12-13 21:24:03.905 +01:00 [DBG] Script injected: /_framework/aspnetcore-browser-refresh.js
2025-12-13 21:24:03.910 +01:00 [INF] Request finished HTTP/2 GET https://localhost:7079/_framework/aspnetcore-browser-refresh.js - 200 16511 application/javascript; charset=utf-8 10.3213ms
2025-12-13 21:24:03.930 +01:00 [INF] Request finished HTTP/2 GET https://localhost:7079/_vs/browserLink - 200 null text/javascript; charset=UTF-8 30.4651ms
2025-12-13 21:24:05.606 +01:00 [INF] Request starting HTTP/2 GET https://localhost:7079/Account/Login - null null
2025-12-13 21:24:05.611 +01:00 [DBG] The request path /Account/Login does not match a supported file type
2025-12-13 21:24:05.614 +01:00 [DBG] 1 candidate(s) found for the request path '/Account/Login'
2025-12-13 21:24:05.616 +01:00 [DBG] Endpoint 'ValcharUtulek.Controllers.AccountController.Login (ValcharUtulek)' with route pattern '{controller=Home}/{action=Index}/{id?}' is valid for the request path '/Account/Login'
2025-12-13 21:24:05.619 +01:00 [DBG] Request matched endpoint 'ValcharUtulek.Controllers.AccountController.Login (ValcharUtulek)'
2025-12-13 21:24:05.623 +01:00 [DBG] AuthenticationScheme: Cookies was not authenticated.
2025-12-13 21:24:05.625 +01:00 [INF] Executing endpoint 'ValcharUtulek.Controllers.AccountController.Login (ValcharUtulek)'
2025-12-13 21:24:05.636 +01:00 [INF] Route matched with {action = "Login", controller = "Account"}. Executing controller action with signature Microsoft.AspNetCore.Mvc.IActionResult Login(System.String) on controller ValcharUtulek.Controllers.AccountController (ValcharUtulek).
2025-12-13 21:24:05.639 +01:00 [DBG] Execution plan of authorization filters (in the following order): ["None"]
2025-12-13 21:24:05.641 +01:00 [DBG] Execution plan of resource filters (in the following order): ["Microsoft.AspNetCore.Mvc.ViewFeatures.Filters.SaveTempDataFilter"]
2025-12-13 21:24:05.643 +01:00 [DBG] Execution plan of action filters (in the following order): ["Microsoft.AspNetCore.Mvc.Filters.ControllerActionFilter (Order: -2147483648)","Microsoft.AspNetCore.Mvc.ModelBinding.UnsupportedContentTypeFilter (Order: -3000)"]
2025-12-13 21:24:05.646 +01:00 [DBG] Execution plan of exception filters (in the following order): ["None"]
2025-12-13 21:24:05.648 +01:00 [DBG] Execution plan of result filters (in the following order): ["Microsoft.AspNetCore.Mvc.ViewFeatures.Filters.SaveTempDataFilter"]
2025-12-13 21:24:05.650 +01:00 [DBG] Executing controller factory for controller ValcharUtulek.Controllers.AccountController (ValcharUtulek)
2025-12-13 21:24:05.664 +01:00 [DBG] Executed controller factory for controller ValcharUtulek.Controllers.AccountController (ValcharUtulek)
2025-12-13 21:24:05.671 +01:00 [DBG] Attempting to bind parameter 'returnUrl' of type 'System.String' ...
2025-12-13 21:24:05.676 +01:00 [DBG] Attempting to bind parameter 'returnUrl' of type 'System.String' using the name '' in request data ...
2025-12-13 21:24:05.680 +01:00 [DBG] Could not find a value in the request with name '' for binding parameter 'returnUrl' of type 'System.String'.
2025-12-13 21:24:05.682 +01:00 [DBG] Done attempting to bind parameter 'returnUrl' of type 'System.String'.
2025-12-13 21:24:05.684 +01:00 [DBG] Done attempting to bind parameter 'returnUrl' of type 'System.String'.
2025-12-13 21:24:05.687 +01:00 [DBG] Attempting to validate the bound parameter 'returnUrl' of type 'System.String' ...
2025-12-13 21:24:05.690 +01:00 [DBG] Done attempting to validate the bound parameter 'returnUrl' of type 'System.String'.
2025-12-13 21:24:05.694 +01:00 [DBG] View lookup cache miss for view 'Login' in controller 'Account'.
2025-12-13 21:24:05.697 +01:00 [INF] Executing ViewResult, running view Login.
2025-12-13 21:24:05.698 +01:00 [DBG] The view path '/Views/Account/Login.cshtml' was found in 4.2071ms.
2025-12-13 21:24:05.723 +01:00 [DBG] Found the endpoints ["Route: {controller=Home}/{action=Index}/{id?}"] for address (returnurl=[],action=[Login],controller=[Account])
2025-12-13 21:24:05.729 +01:00 [DBG] Successfully processed template {controller=Home}/{action=Index}/{id?} for Route: {controller=Home}/{action=Index}/{id?} resulting in /Account/Login and 
2025-12-13 21:24:05.733 +01:00 [DBG] Link generation succeeded for endpoints ["Route: {controller=Home}/{action=Index}/{id?}"] with result /Account/Login
2025-12-13 21:24:05.744 +01:00 [DBG] An antiforgery cookie token was reused.
2025-12-13 21:24:05.781 +01:00 [DBG] Found the endpoints ["Route: {controller=Home}/{action=Index}/{id?}"] for address (action=[Register],controller=[Account])
2025-12-13 21:24:05.783 +01:00 [DBG] Successfully processed template {controller=Home}/{action=Index}/{id?} for Route: {controller=Home}/{action=Index}/{id?} resulting in /Account/Register and 
2025-12-13 21:24:05.786 +01:00 [DBG] Link generation succeeded for endpoints ["Route: {controller=Home}/{action=Index}/{id?}"] with result /Account/Register
2025-12-13 21:24:05.790 +01:00 [DBG] View lookup cache miss for view '_Layout' in controller 'Account'.
2025-12-13 21:24:05.797 +01:00 [DBG] View lookup cache miss for view '_ValidationScriptsPartial' in controller 'Account'.
2025-12-13 21:24:05.814 +01:00 [DBG] Response markup is scheduled to include Browser Link script injection.
2025-12-13 21:24:05.816 +01:00 [DBG] Response markup is scheduled to include browser refresh script injection.
2025-12-13 21:24:05.826 +01:00 [INF] Executed ViewResult - view Login executed in 132.1963ms.
2025-12-13 21:24:05.830 +01:00 [INF] Executed action ValcharUtulek.Controllers.AccountController.Login (ValcharUtulek) in 180.1785ms
2025-12-13 21:24:05.832 +01:00 [INF] Executed endpoint 'ValcharUtulek.Controllers.AccountController.Login (ValcharUtulek)'
2025-12-13 21:24:05.834 +01:00 [DBG] Response markup was updated to include Browser Link script injection.
2025-12-13 21:24:05.835 +01:00 [DBG] Response markup was updated to include browser refresh script injection.
2025-12-13 21:24:05.836 +01:00 [INF] Request finished HTTP/2 GET https://localhost:7079/Account/Login - 200 null text/html; charset=utf-8 230.2583ms
2025-12-13 21:24:05.873 +01:00 [INF] Request starting HTTP/2 GET https://localhost:7079/_framework/aspnetcore-browser-refresh.js - null null
2025-12-13 21:24:05.873 +01:00 [INF] Request starting HTTP/2 GET https://localhost:7079/_vs/browserLink - null null
2025-12-13 21:24:05.877 +01:00 [DBG] Script injected: /_framework/aspnetcore-browser-refresh.js
2025-12-13 21:24:05.883 +01:00 [INF] Request finished HTTP/2 GET https://localhost:7079/_framework/aspnetcore-browser-refresh.js - 200 16511 application/javascript; charset=utf-8 9.8536ms
2025-12-13 21:24:05.891 +01:00 [INF] Request finished HTTP/2 GET https://localhost:7079/_vs/browserLink - 200 null text/javascript; charset=UTF-8 17.6748ms
2025-12-13 21:24:10.561 +01:00 [INF] Request starting HTTP/2 POST https://localhost:7079/Account/Login - application/x-www-form-urlencoded 209
2025-12-13 21:24:10.567 +01:00 [DBG] POST requests are not supported
2025-12-13 21:24:10.569 +01:00 [DBG] 1 candidate(s) found for the request path '/Account/Login'
2025-12-13 21:24:10.571 +01:00 [DBG] Endpoint 'ValcharUtulek.Controllers.AccountController.Login (ValcharUtulek)' with route pattern '{controller=Home}/{action=Index}/{id?}' is valid for the request path '/Account/Login'
2025-12-13 21:24:10.573 +01:00 [DBG] Request matched endpoint 'ValcharUtulek.Controllers.AccountController.Login (ValcharUtulek)'
2025-12-13 21:24:10.575 +01:00 [DBG] AuthenticationScheme: Cookies was not authenticated.
2025-12-13 21:24:10.576 +01:00 [INF] Executing endpoint 'ValcharUtulek.Controllers.AccountController.Login (ValcharUtulek)'
2025-12-13 21:24:10.584 +01:00 [INF] Route matched with {action = "Login", controller = "Account"}. Executing controller action with signature System.Threading.Tasks.Task`1[Microsoft.AspNetCore.Mvc.IActionResult] Login(ValcharUtulek.Models.LoginViewModel, System.String) on controller ValcharUtulek.Controllers.AccountController (ValcharUtulek).
2025-12-13 21:24:10.587 +01:00 [DBG] Execution plan of authorization filters (in the following order): ["Microsoft.AspNetCore.Mvc.ViewFeatures.Filters.ValidateAntiforgeryTokenAuthorizationFilter"]
2025-12-13 21:24:10.589 +01:00 [DBG] Execution plan of resource filters (in the following order): ["Microsoft.AspNetCore.Mvc.ViewFeatures.Filters.SaveTempDataFilter"]
2025-12-13 21:24:10.591 +01:00 [DBG] Execution plan of action filters (in the following order): ["Microsoft.AspNetCore.Mvc.Filters.ControllerActionFilter (Order: -2147483648)","Microsoft.AspNetCore.Mvc.ModelBinding.UnsupportedContentTypeFilter (Order: -3000)"]
2025-12-13 21:24:10.594 +01:00 [DBG] Execution plan of exception filters (in the following order): ["None"]
2025-12-13 21:24:10.596 +01:00 [DBG] Execution plan of result filters (in the following order): ["Microsoft.AspNetCore.Mvc.ViewFeatures.Filters.SaveTempDataFilter"]
2025-12-13 21:24:10.603 +01:00 [DBG] Connection id "0HNHQGM6J7RC3", Request id "0HNHQGM6J7RC3:00000013": started reading request body.
2025-12-13 21:24:10.605 +01:00 [DBG] Connection id "0HNHQGM6J7RC3", Request id "0HNHQGM6J7RC3:00000013": done reading request body.
2025-12-13 21:24:10.608 +01:00 [DBG] Antiforgery successfully validated a request.
2025-12-13 21:24:10.610 +01:00 [DBG] Executing controller factory for controller ValcharUtulek.Controllers.AccountController (ValcharUtulek)
2025-12-13 21:24:10.620 +01:00 [DBG] Executed controller factory for controller ValcharUtulek.Controllers.AccountController (ValcharUtulek)
2025-12-13 21:24:10.626 +01:00 [DBG] Attempting to bind parameter 'model' of type 'ValcharUtulek.Models.LoginViewModel' ...
2025-12-13 21:24:10.628 +01:00 [DBG] Attempting to bind parameter 'model' of type 'ValcharUtulek.Models.LoginViewModel' using the name '' in request data ...
2025-12-13 21:24:10.635 +01:00 [DBG] Attempting to bind property 'ValcharUtulek.Models.LoginViewModel.Name' of type 'System.String' using the name 'Name' in request data ...
2025-12-13 21:24:10.639 +01:00 [DBG] Done attempting to bind property 'ValcharUtulek.Models.LoginViewModel.Name' of type 'System.String'.
2025-12-13 21:24:10.642 +01:00 [DBG] Attempting to bind property 'ValcharUtulek.Models.LoginViewModel.Password' of type 'System.String' using the name 'Password' in request data ...
2025-12-13 21:24:10.644 +01:00 [DBG] Done attempting to bind property 'ValcharUtulek.Models.LoginViewModel.Password' of type 'System.String'.
2025-12-13 21:24:10.646 +01:00 [DBG] Done attempting to bind parameter 'model' of type 'ValcharUtulek.Models.LoginViewModel'.
2025-12-13 21:24:10.648 +01:00 [DBG] Done attempting to bind parameter 'model' of type 'ValcharUtulek.Models.LoginViewModel'.
2025-12-13 21:24:10.649 +01:00 [DBG] Attempting to validate the bound parameter 'model' of type 'ValcharUtulek.Models.LoginViewModel' ...
2025-12-13 21:24:10.658 +01:00 [DBG] Done attempting to validate the bound parameter 'model' of type 'ValcharUtulek.Models.LoginViewModel'.
2025-12-13 21:24:10.660 +01:00 [DBG] Attempting to bind parameter 'returnUrl' of type 'System.String' ...
2025-12-13 21:24:10.662 +01:00 [DBG] Attempting to bind parameter 'returnUrl' of type 'System.String' using the name '' in request data ...
2025-12-13 21:24:10.665 +01:00 [DBG] Could not find a value in the request with name '' for binding parameter 'returnUrl' of type 'System.String'.
2025-12-13 21:24:10.668 +01:00 [DBG] Done attempting to bind parameter 'returnUrl' of type 'System.String'.
2025-12-13 21:24:10.669 +01:00 [DBG] Done attempting to bind parameter 'returnUrl' of type 'System.String'.
2025-12-13 21:24:10.671 +01:00 [DBG] Attempting to validate the bound parameter 'returnUrl' of type 'System.String' ...
2025-12-13 21:24:10.673 +01:00 [DBG] Done attempting to validate the bound parameter 'returnUrl' of type 'System.String'.
2025-12-13 21:24:10.736 +01:00 [DBG] Entity Framework Core 9.0.10 initialized 'ShelterDbContext' using provider 'Pomelo.EntityFrameworkCore.MySql:9.0.0' with options: ParameterizedCollectionTranslationMode=Constantize ServerVersion=8.0.44-mysql 
2025-12-13 21:24:10.748 +01:00 [DBG] Compiling query expression: 
'DbSet<User>()
    .FirstOrDefault(u => u.Name == __model_Name_0)'
2025-12-13 21:24:10.782 +01:00 [DBG] Generated query execution expression: 
'queryContext => SingleQueryingEnumerable.Create<User>(
    relationalQueryContext: (RelationalQueryContext)queryContext, 
    relationalCommandResolver: parameters => [LIFTABLE Constant: RelationalCommandCache.QueryExpression(
        Projection Mapping:
            EmptyProjectionMember -> Dictionary<IProperty, int> { [Property: User.UserId (int) Required PK AfterSave:Throw ValueGenerated.OnAdd, 0], [Property: User.Email (string), 1], [Property: User.Name (string) Required, 2], [Property: User.PasswordHash (string) Required, 3], [Property: User.RegistrationDate (DateOnly) Required, 4], [Property: User.Role (Role) Required, 5] }
        SELECT TOP(1) u.UserId, u.Email, u.Name, u.password_hash, u.RegistrationDate, u.Role
        FROM Users AS u
        WHERE u.Name == @__model_Name_0) | Resolver: c => new RelationalCommandCache(
        c.Dependencies.MemoryCache, 
        c.RelationalDependencies.QuerySqlGeneratorFactory, 
        c.RelationalDependencies.RelationalParameterBasedSqlProcessorFactory, 
        Projection Mapping:
            EmptyProjectionMember -> Dictionary<IProperty, int> { [Property: User.UserId (int) Required PK AfterSave:Throw ValueGenerated.OnAdd, 0], [Property: User.Email (string), 1], [Property: User.Name (string) Required, 2], [Property: User.PasswordHash (string) Required, 3], [Property: User.RegistrationDate (DateOnly) Required, 4], [Property: User.Role (Role) Required, 5] }
        SELECT TOP(1) u.UserId, u.Email, u.Name, u.password_hash, u.RegistrationDate, u.Role
        FROM Users AS u
        WHERE u.Name == @__model_Name_0, 
        False, 
        new HashSet<string>(
            new string[]{ }, 
            StringComparer.Ordinal
        )
    )].GetRelationalCommandTemplate(parameters), 
    readerColumns: null, 
    shaper: (queryContext, dataReader, resultContext, resultCoordinator) => 
    {
        User entity;
        entity = 
        {
            MaterializationContext materializationContext1;
            IEntityType entityType1;
            User instance1;
            InternalEntityEntry entry1;
            bool hasNullKey1;
            materializationContext1 = new MaterializationContext(
                [LIFTABLE Constant: ValueBuffer | Resolver: _ => (object)ValueBuffer.Empty], 
                queryContext.Context
            );
            instance1 = default(User);
            entry1 = queryContext.TryGetEntry(
                key: Key: User.UserId PK, 
                keyValues: new object[]{ (object)dataReader.GetInt32(0) }, 
                throwOnNullKey: True, 
                hasNullKey: hasNullKey1);
            !(hasNullKey1) ? entry1 != default(InternalEntityEntry) ? 
            {
                entityType1 = entry1.EntityType;
                return instance1 = (User)entry1.Entity;
            } : 
            {
                ISnapshot shadowSnapshot1;
                shadowSnapshot1 = Snapshot;
                entityType1 = EntityType: User;
                instance1 = switch (entityType1)
                {
                    case EntityType: User: 
                        {
                            return 
                            {
                                User instance;
                                instance = new User();
                                instance.<UserId>k__BackingField = dataReader.GetInt32(0);
                                instance.<Email>k__BackingField = dataReader.IsDBNull(1) ? default(string) : dataReader.GetString(1);
                                instance.<Name>k__BackingField = dataReader.GetString(2);
                                instance.<PasswordHash>k__BackingField = dataReader.GetString(3);
                                instance.<RegistrationDate>k__BackingField = dataReader.GetFieldValue<DateOnly>(4);
                                instance.<Role>k__BackingField = Invoke(((EnumToStringConverter<Role>)((IReadOnlyProperty)[LIFTABLE Constant: Property: User.Role (Role) Required | Resolver: namelessParameter{0} => namelessParameter{0}.Dependencies.Model.FindEntityType("ValcharUtulek.Entities.User").FindProperty("Role")]).GetTypeMapping().Converter).ConvertFromProviderTyped, dataReader.GetString(5));
                                (instance is IInjectableService) ? ((IInjectableService)instance).Injected(
                                    context: materializationContext1.Context, 
                                    entity: instance, 
                                    queryTrackingBehavior: TrackAll, 
                                    structuralType: EntityType: User) : default(void);
                                return instance;
                            }}
                    default: 
                        default(User)
                }
                ;
                entry1 = entityType1 == default(IEntityType) ? default(InternalEntityEntry) : queryContext.StartTracking(
                    entityType: entityType1, 
                    entity: instance1, 
                    snapshot: shadowSnapshot1);
                return instance1;
            } : default(void);
            return instance1;
        };
        return entity;
    }, 
    contextType: ValcharUtulek.Database.ShelterDbContext, 
    standAloneStateManager: False, 
    detailedErrorsEnabled: False, 
    threadSafetyChecksEnabled: True)
    .SingleOrDefault()'
2025-12-13 21:24:10.797 +01:00 [DBG] Creating DbConnection.
2025-12-13 21:24:10.798 +01:00 [DBG] Created DbConnection. (1ms).
2025-12-13 21:24:10.800 +01:00 [DBG] Opening connection to database 'shelter' on server '127.0.0.1'.
2025-12-13 21:24:10.803 +01:00 [DBG] Opened connection to database 'shelter' on server '127.0.0.1'.
2025-12-13 21:24:10.805 +01:00 [DBG] Creating DbCommand for 'ExecuteReader'.
2025-12-13 21:24:10.806 +01:00 [DBG] Created DbCommand for 'ExecuteReader' (1ms).
2025-12-13 21:24:10.819 +01:00 [DBG] Initialized DbCommand for 'ExecuteReader' (14ms).
2025-12-13 21:24:10.824 +01:00 [DBG] Executing DbCommand [Parameters=[@__model_Name_0='?' (Size = 4000)], CommandType='"Text"', CommandTimeout='30']
SELECT `u`.`UserId`, `u`.`Email`, `u`.`Name`, `u`.`password_hash`, `u`.`RegistrationDate`, `u`.`Role`
FROM `Users` AS `u`
WHERE `u`.`Name` = @__model_Name_0
LIMIT 1
2025-12-13 21:24:10.848 +01:00 [INF] Executed DbCommand (26ms) [Parameters=[@__model_Name_0='?' (Size = 4000)], CommandType='"Text"', CommandTimeout='30']
SELECT `u`.`UserId`, `u`.`Email`, `u`.`Name`, `u`.`password_hash`, `u`.`RegistrationDate`, `u`.`Role`
FROM `Users` AS `u`
WHERE `u`.`Name` = @__model_Name_0
LIMIT 1
2025-12-13 21:24:10.881 +01:00 [DBG] Context 'ShelterDbContext' started tracking 'User' entity. Consider using 'DbContextOptionsBuilder.EnableSensitiveDataLogging' to see key values.
2025-12-13 21:24:10.914 +01:00 [DBG] Closing data reader to 'shelter' on server '127.0.0.1'.
2025-12-13 21:24:10.916 +01:00 [DBG] A data reader for 'shelter' on server '127.0.0.1' is being disposed after spending 64ms reading results.
2025-12-13 21:24:10.919 +01:00 [DBG] Closing connection to database 'shelter' on server '127.0.0.1'.
2025-12-13 21:24:10.921 +01:00 [DBG] Closed connection to database 'shelter' on server '127.0.0.1' (2ms).
2025-12-13 21:24:10.952 +01:00 [INF] AuthenticationScheme: Cookies signed in.
2025-12-13 21:24:10.955 +01:00 [INF] Uživatel admin se úspěšně přihlásil.
2025-12-13 21:24:10.957 +01:00 [DBG] Found the endpoints ["Route: {controller=Home}/{action=Index}/{id?}"] for address (action=[Index],controller=[Home])
2025-12-13 21:24:10.959 +01:00 [DBG] Successfully processed template {controller=Home}/{action=Index}/{id?} for Route: {controller=Home}/{action=Index}/{id?} resulting in  and 
2025-12-13 21:24:10.961 +01:00 [DBG] Link generation succeeded for endpoints ["Route: {controller=Home}/{action=Index}/{id?}"] with result /
2025-12-13 21:24:10.964 +01:00 [INF] Executing RedirectResult, redirecting to /.
2025-12-13 21:24:10.966 +01:00 [INF] Executed action ValcharUtulek.Controllers.AccountController.Login (ValcharUtulek) in 368.2164ms
2025-12-13 21:24:10.967 +01:00 [INF] Executed endpoint 'ValcharUtulek.Controllers.AccountController.Login (ValcharUtulek)'
2025-12-13 21:24:10.969 +01:00 [DBG] 'ShelterDbContext' disposed.
2025-12-13 21:24:10.970 +01:00 [DBG] Disposing connection to database 'shelter' on server '127.0.0.1'.
2025-12-13 21:24:10.972 +01:00 [DBG] Disposed connection to database 'shelter' on server '127.0.0.1' (1ms).
2025-12-13 21:24:10.974 +01:00 [INF] Request finished HTTP/2 POST https://localhost:7079/Account/Login - 302 0 null 413.1177ms
2025-12-13 21:24:10.980 +01:00 [INF] Request starting HTTP/2 GET https://localhost:7079/ - null null
2025-12-13 21:24:10.985 +01:00 [DBG] The request path / does not match a supported file type
2025-12-13 21:24:10.986 +01:00 [DBG] 1 candidate(s) found for the request path '/'
2025-12-13 21:24:10.987 +01:00 [DBG] Endpoint 'ValcharUtulek.Controllers.HomeController.Index (ValcharUtulek)' with route pattern '{controller=Home}/{action=Index}/{id?}' is valid for the request path '/'
2025-12-13 21:24:10.989 +01:00 [DBG] Request matched endpoint 'ValcharUtulek.Controllers.HomeController.Index (ValcharUtulek)'
2025-12-13 21:24:10.992 +01:00 [DBG] AuthenticationScheme: Cookies was successfully authenticated.
2025-12-13 21:24:10.994 +01:00 [INF] Executing endpoint 'ValcharUtulek.Controllers.HomeController.Index (ValcharUtulek)'
2025-12-13 21:24:10.995 +01:00 [INF] Route matched with {action = "Index", controller = "Home"}. Executing controller action with signature Microsoft.AspNetCore.Mvc.IActionResult Index() on controller ValcharUtulek.Controllers.HomeController (ValcharUtulek).
2025-12-13 21:24:10.997 +01:00 [DBG] Execution plan of authorization filters (in the following order): ["None"]
2025-12-13 21:24:10.999 +01:00 [DBG] Execution plan of resource filters (in the following order): ["Microsoft.AspNetCore.Mvc.ViewFeatures.Filters.SaveTempDataFilter"]
2025-12-13 21:24:11.001 +01:00 [DBG] Execution plan of action filters (in the following order): ["Microsoft.AspNetCore.Mvc.Filters.ControllerActionFilter (Order: -2147483648)","Microsoft.AspNetCore.Mvc.ModelBinding.UnsupportedContentTypeFilter (Order: -3000)"]
2025-12-13 21:24:11.003 +01:00 [DBG] Execution plan of exception filters (in the following order): ["None"]
2025-12-13 21:24:11.005 +01:00 [DBG] Execution plan of result filters (in the following order): ["Microsoft.AspNetCore.Mvc.ViewFeatures.Filters.SaveTempDataFilter"]
2025-12-13 21:24:11.007 +01:00 [DBG] Executing controller factory for controller ValcharUtulek.Controllers.HomeController (ValcharUtulek)
2025-12-13 21:24:11.008 +01:00 [DBG] Executed controller factory for controller ValcharUtulek.Controllers.HomeController (ValcharUtulek)
2025-12-13 21:24:11.011 +01:00 [DBG] View lookup cache hit for view 'Index' in controller 'Home'.
2025-12-13 21:24:11.015 +01:00 [INF] Executing ViewResult, running view Index.
2025-12-13 21:24:11.016 +01:00 [DBG] The view path '/Views/Home/Index.cshtml' was found in 6.5451ms.
2025-12-13 21:24:11.018 +01:00 [DBG] View lookup cache hit for view '_Layout' in controller 'Home'.
2025-12-13 21:24:11.021 +01:00 [DBG] Found the endpoints ["Route: {controller=Home}/{action=Index}/{id?}"] for address (action=[Logout],controller=[Account])
2025-12-13 21:24:11.023 +01:00 [DBG] Successfully processed template {controller=Home}/{action=Index}/{id?} for Route: {controller=Home}/{action=Index}/{id?} resulting in /Account/Logout and 
2025-12-13 21:24:11.027 +01:00 [DBG] Link generation succeeded for endpoints ["Route: {controller=Home}/{action=Index}/{id?}"] with result /Account/Logout
2025-12-13 21:24:11.032 +01:00 [DBG] An antiforgery cookie token was reused.
2025-12-13 21:24:11.034 +01:00 [DBG] Response markup is scheduled to include Browser Link script injection.
2025-12-13 21:24:11.035 +01:00 [DBG] Response markup is scheduled to include browser refresh script injection.
2025-12-13 21:24:11.036 +01:00 [INF] Executed ViewResult - view Index executed in 26.5855ms.
2025-12-13 21:24:11.038 +01:00 [INF] Executed action ValcharUtulek.Controllers.HomeController.Index (ValcharUtulek) in 31.6835ms
2025-12-13 21:24:11.040 +01:00 [INF] Executed endpoint 'ValcharUtulek.Controllers.HomeController.Index (ValcharUtulek)'
2025-12-13 21:24:11.043 +01:00 [DBG] Response markup was updated to include Browser Link script injection.
2025-12-13 21:24:11.045 +01:00 [DBG] Response markup was updated to include browser refresh script injection.
2025-12-13 21:24:11.046 +01:00 [INF] Request finished HTTP/2 GET https://localhost:7079/ - 200 null text/html; charset=utf-8 66.2603ms
2025-12-13 21:24:11.100 +01:00 [INF] Request starting HTTP/2 GET https://localhost:7079/_vs/browserLink - null null
2025-12-13 21:24:11.100 +01:00 [INF] Request starting HTTP/2 GET https://localhost:7079/_framework/aspnetcore-browser-refresh.js - null null
2025-12-13 21:24:11.115 +01:00 [DBG] Script injected: /_framework/aspnetcore-browser-refresh.js
2025-12-13 21:24:11.116 +01:00 [INF] Request finished HTTP/2 GET https://localhost:7079/_vs/browserLink - 200 null text/javascript; charset=UTF-8 16.0354ms
2025-12-13 21:24:11.117 +01:00 [INF] Request finished HTTP/2 GET https://localhost:7079/_framework/aspnetcore-browser-refresh.js - 200 16511 application/javascript; charset=utf-8 17.2345ms
2025-12-13 21:24:12.095 +01:00 [INF] Request starting HTTP/2 GET https://localhost:7079/Adoptions - null null
2025-12-13 21:24:12.101 +01:00 [DBG] The request path /Adoptions does not match a supported file type
2025-12-13 21:24:12.103 +01:00 [DBG] 1 candidate(s) found for the request path '/Adoptions'
2025-12-13 21:24:12.105 +01:00 [DBG] Endpoint 'ValcharUtulek.Controllers.AdoptionsController.Index (ValcharUtulek)' with route pattern '{controller=Home}/{action=Index}/{id?}' is valid for the request path '/Adoptions'
2025-12-13 21:24:12.107 +01:00 [DBG] Request matched endpoint 'ValcharUtulek.Controllers.AdoptionsController.Index (ValcharUtulek)'
2025-12-13 21:24:12.109 +01:00 [DBG] AuthenticationScheme: Cookies was successfully authenticated.
2025-12-13 21:24:12.111 +01:00 [INF] Executing endpoint 'ValcharUtulek.Controllers.AdoptionsController.Index (ValcharUtulek)'
2025-12-13 21:24:12.112 +01:00 [INF] Route matched with {action = "Index", controller = "Adoptions"}. Executing controller action with signature System.Threading.Tasks.Task`1[Microsoft.AspNetCore.Mvc.IActionResult] Index() on controller ValcharUtulek.Controllers.AdoptionsController (ValcharUtulek).
2025-12-13 21:24:12.115 +01:00 [DBG] Execution plan of authorization filters (in the following order): ["None"]
2025-12-13 21:24:12.117 +01:00 [DBG] Execution plan of resource filters (in the following order): ["Microsoft.AspNetCore.Mvc.ViewFeatures.Filters.SaveTempDataFilter"]
2025-12-13 21:24:12.119 +01:00 [DBG] Execution plan of action filters (in the following order): ["Microsoft.AspNetCore.Mvc.Filters.ControllerActionFilter (Order: -2147483648)","Microsoft.AspNetCore.Mvc.ModelBinding.UnsupportedContentTypeFilter (Order: -3000)"]
2025-12-13 21:24:12.121 +01:00 [DBG] Execution plan of exception filters (in the following order): ["None"]
2025-12-13 21:24:12.123 +01:00 [DBG] Execution plan of result filters (in the following order): ["Microsoft.AspNetCore.Mvc.ViewFeatures.Filters.SaveTempDataFilter"]
2025-12-13 21:24:12.125 +01:00 [DBG] Executing controller factory for controller ValcharUtulek.Controllers.AdoptionsController (ValcharUtulek)
2025-12-13 21:24:12.137 +01:00 [DBG] Executed controller factory for controller ValcharUtulek.Controllers.AdoptionsController (ValcharUtulek)
2025-12-13 21:24:12.140 +01:00 [DBG] Entity Framework Core 9.0.10 initialized 'ShelterDbContext' using provider 'Pomelo.EntityFrameworkCore.MySql:9.0.0' with options: ParameterizedCollectionTranslationMode=Constantize ServerVersion=8.0.44-mysql 
2025-12-13 21:24:12.148 +01:00 [DBG] Creating DbConnection.
2025-12-13 21:24:12.149 +01:00 [DBG] Created DbConnection. (1ms).
2025-12-13 21:24:12.151 +01:00 [DBG] Opening connection to database 'shelter' on server '127.0.0.1'.
2025-12-13 21:24:12.153 +01:00 [DBG] Opened connection to database 'shelter' on server '127.0.0.1'.
2025-12-13 21:24:12.155 +01:00 [DBG] Creating DbCommand for 'ExecuteReader'.
2025-12-13 21:24:12.156 +01:00 [DBG] Created DbCommand for 'ExecuteReader' (1ms).
2025-12-13 21:24:12.158 +01:00 [DBG] Initialized DbCommand for 'ExecuteReader' (2ms).
2025-12-13 21:24:12.159 +01:00 [DBG] Executing DbCommand [Parameters=[], CommandType='"Text"', CommandTimeout='30']
SELECT `a`.`AnimalId`, `a`.`Age`, `a`.`Description`, `a`.`IsAvailable`, `a`.`Name`, `a`.`Photo`, `a`.`Species`
FROM `Animals` AS `a`
WHERE `a`.`IsAvailable`
2025-12-13 21:24:12.162 +01:00 [INF] Executed DbCommand (3ms) [Parameters=[], CommandType='"Text"', CommandTimeout='30']
SELECT `a`.`AnimalId`, `a`.`Age`, `a`.`Description`, `a`.`IsAvailable`, `a`.`Name`, `a`.`Photo`, `a`.`Species`
FROM `Animals` AS `a`
WHERE `a`.`IsAvailable`
2025-12-13 21:24:12.165 +01:00 [DBG] Closing data reader to 'shelter' on server '127.0.0.1'.
2025-12-13 21:24:12.167 +01:00 [DBG] A data reader for 'shelter' on server '127.0.0.1' is being disposed after spending 1ms reading results.
2025-12-13 21:24:12.169 +01:00 [DBG] Closing connection to database 'shelter' on server '127.0.0.1'.
2025-12-13 21:24:12.170 +01:00 [DBG] Closed connection to database 'shelter' on server '127.0.0.1' (1ms).
2025-12-13 21:24:12.173 +01:00 [DBG] View lookup cache hit for view 'Index' in controller 'Adoptions'.
2025-12-13 21:24:12.175 +01:00 [INF] Executing ViewResult, running view Index.
2025-12-13 21:24:12.176 +01:00 [DBG] The view path '/Views/Adoptions/Index.cshtml' was found in 3.0906ms.
2025-12-13 21:24:12.179 +01:00 [DBG] Found the endpoints ["Route: {controller=Home}/{action=Index}/{id?}"] for address (action=[Create],controller=[Adoptions])
2025-12-13 21:24:12.182 +01:00 [DBG] Successfully processed template {controller=Home}/{action=Index}/{id?} for Route: {controller=Home}/{action=Index}/{id?} resulting in /Adoptions/Create and 
2025-12-13 21:24:12.184 +01:00 [DBG] Link generation succeeded for endpoints ["Route: {controller=Home}/{action=Index}/{id?}"] with result /Adoptions/Create
2025-12-13 21:24:12.187 +01:00 [DBG] View lookup cache hit for view '_Layout' in controller 'Adoptions'.
2025-12-13 21:24:12.189 +01:00 [DBG] Found the endpoints ["Route: {controller=Home}/{action=Index}/{id?}"] for address (action=[Logout],controller=[Account])
2025-12-13 21:24:12.191 +01:00 [DBG] Successfully processed template {controller=Home}/{action=Index}/{id?} for Route: {controller=Home}/{action=Index}/{id?} resulting in /Account/Logout and 
2025-12-13 21:24:12.193 +01:00 [DBG] Link generation succeeded for endpoints ["Route: {controller=Home}/{action=Index}/{id?}"] with result /Account/Logout
2025-12-13 21:24:12.196 +01:00 [DBG] An antiforgery cookie token was reused.
2025-12-13 21:24:12.198 +01:00 [DBG] Response markup is scheduled to include Browser Link script injection.
2025-12-13 21:24:12.199 +01:00 [DBG] Response markup is scheduled to include browser refresh script injection.
2025-12-13 21:24:12.201 +01:00 [INF] Executed ViewResult - view Index executed in 27.8229ms.
2025-12-13 21:24:12.203 +01:00 [INF] Executed action ValcharUtulek.Controllers.AdoptionsController.Index (ValcharUtulek) in 77.6897ms
2025-12-13 21:24:12.205 +01:00 [INF] Executed endpoint 'ValcharUtulek.Controllers.AdoptionsController.Index (ValcharUtulek)'
2025-12-13 21:24:12.207 +01:00 [DBG] Response markup was updated to include Browser Link script injection.
2025-12-13 21:24:12.209 +01:00 [DBG] Response markup was updated to include browser refresh script injection.
2025-12-13 21:24:12.211 +01:00 [DBG] 'ShelterDbContext' disposed.
2025-12-13 21:24:12.213 +01:00 [DBG] Disposing connection to database 'shelter' on server '127.0.0.1'.
2025-12-13 21:24:12.214 +01:00 [DBG] Disposed connection to database 'shelter' on server '127.0.0.1' (1ms).
2025-12-13 21:24:12.216 +01:00 [INF] Request finished HTTP/2 GET https://localhost:7079/Adoptions - 200 null text/html; charset=utf-8 121.4957ms
2025-12-13 21:24:12.253 +01:00 [INF] Request starting HTTP/2 GET https://localhost:7079/_vs/browserLink - null null
2025-12-13 21:24:12.253 +01:00 [INF] Request starting HTTP/2 GET https://localhost:7079/_framework/aspnetcore-browser-refresh.js - null null
2025-12-13 21:24:12.264 +01:00 [DBG] Script injected: /_framework/aspnetcore-browser-refresh.js
2025-12-13 21:24:12.266 +01:00 [INF] Request finished HTTP/2 GET https://localhost:7079/_vs/browserLink - 200 null text/javascript; charset=UTF-8 12.9017ms
2025-12-13 21:24:12.266 +01:00 [INF] Request finished HTTP/2 GET https://localhost:7079/_framework/aspnetcore-browser-refresh.js - 200 16511 application/javascript; charset=utf-8 13.0683ms
2025-12-13 21:24:14.034 +01:00 [INF] Request starting HTTP/2 POST https://localhost:7079/Account/Logout - application/x-www-form-urlencoded 225
2025-12-13 21:24:14.041 +01:00 [DBG] POST requests are not supported
2025-12-13 21:24:14.043 +01:00 [DBG] 1 candidate(s) found for the request path '/Account/Logout'
2025-12-13 21:24:14.045 +01:00 [DBG] Endpoint 'ValcharUtulek.Controllers.AccountController.Logout (ValcharUtulek)' with route pattern '{controller=Home}/{action=Index}/{id?}' is valid for the request path '/Account/Logout'
2025-12-13 21:24:14.047 +01:00 [DBG] Request matched endpoint 'ValcharUtulek.Controllers.AccountController.Logout (ValcharUtulek)'
2025-12-13 21:24:14.049 +01:00 [DBG] AuthenticationScheme: Cookies was successfully authenticated.
2025-12-13 21:24:14.051 +01:00 [INF] Executing endpoint 'ValcharUtulek.Controllers.AccountController.Logout (ValcharUtulek)'
2025-12-13 21:24:14.056 +01:00 [INF] Route matched with {action = "Logout", controller = "Account"}. Executing controller action with signature System.Threading.Tasks.Task`1[Microsoft.AspNetCore.Mvc.IActionResult] Logout() on controller ValcharUtulek.Controllers.AccountController (ValcharUtulek).
2025-12-13 21:24:14.058 +01:00 [DBG] Execution plan of authorization filters (in the following order): ["Microsoft.AspNetCore.Mvc.ViewFeatures.Filters.ValidateAntiforgeryTokenAuthorizationFilter"]
2025-12-13 21:24:14.060 +01:00 [DBG] Execution plan of resource filters (in the following order): ["Microsoft.AspNetCore.Mvc.ViewFeatures.Filters.SaveTempDataFilter"]
2025-12-13 21:24:14.062 +01:00 [DBG] Execution plan of action filters (in the following order): ["Microsoft.AspNetCore.Mvc.Filters.ControllerActionFilter (Order: -2147483648)","Microsoft.AspNetCore.Mvc.ModelBinding.UnsupportedContentTypeFilter (Order: -3000)"]
2025-12-13 21:24:14.065 +01:00 [DBG] Execution plan of exception filters (in the following order): ["None"]
2025-12-13 21:24:14.067 +01:00 [DBG] Execution plan of result filters (in the following order): ["Microsoft.AspNetCore.Mvc.ViewFeatures.Filters.SaveTempDataFilter"]
2025-12-13 21:24:14.069 +01:00 [DBG] Connection id "0HNHQGM6J7RC3", Request id "0HNHQGM6J7RC3:00000021": started reading request body.
2025-12-13 21:24:14.071 +01:00 [DBG] Connection id "0HNHQGM6J7RC3", Request id "0HNHQGM6J7RC3:00000021": done reading request body.
2025-12-13 21:24:14.073 +01:00 [DBG] Antiforgery successfully validated a request.
2025-12-13 21:24:14.074 +01:00 [DBG] Executing controller factory for controller ValcharUtulek.Controllers.AccountController (ValcharUtulek)
2025-12-13 21:24:14.085 +01:00 [DBG] Executed controller factory for controller ValcharUtulek.Controllers.AccountController (ValcharUtulek)
2025-12-13 21:24:14.089 +01:00 [INF] AuthenticationScheme: Cookies signed out.
2025-12-13 21:24:14.091 +01:00 [INF] User logged out.
2025-12-13 21:24:14.092 +01:00 [DBG] Found the endpoints ["Route: {controller=Home}/{action=Index}/{id?}"] for address (action=[Index],controller=[Home])
2025-12-13 21:24:14.095 +01:00 [DBG] Successfully processed template {controller=Home}/{action=Index}/{id?} for Route: {controller=Home}/{action=Index}/{id?} resulting in  and 
2025-12-13 21:24:14.097 +01:00 [DBG] Link generation succeeded for endpoints ["Route: {controller=Home}/{action=Index}/{id?}"] with result /
2025-12-13 21:24:14.099 +01:00 [INF] Executing RedirectResult, redirecting to /.
2025-12-13 21:24:14.101 +01:00 [INF] Executed action ValcharUtulek.Controllers.AccountController.Logout (ValcharUtulek) in 32.1844ms
2025-12-13 21:24:14.103 +01:00 [INF] Executed endpoint 'ValcharUtulek.Controllers.AccountController.Logout (ValcharUtulek)'
2025-12-13 21:24:14.105 +01:00 [INF] Request finished HTTP/2 POST https://localhost:7079/Account/Logout - 302 0 null 71.0271ms
2025-12-13 21:24:14.115 +01:00 [INF] Request starting HTTP/2 GET https://localhost:7079/ - null null
2025-12-13 21:24:14.120 +01:00 [DBG] The request path / does not match a supported file type
2025-12-13 21:24:14.121 +01:00 [DBG] 1 candidate(s) found for the request path '/'
2025-12-13 21:24:14.123 +01:00 [DBG] Endpoint 'ValcharUtulek.Controllers.HomeController.Index (ValcharUtulek)' with route pattern '{controller=Home}/{action=Index}/{id?}' is valid for the request path '/'
2025-12-13 21:24:14.125 +01:00 [DBG] Request matched endpoint 'ValcharUtulek.Controllers.HomeController.Index (ValcharUtulek)'
2025-12-13 21:24:14.127 +01:00 [DBG] AuthenticationScheme: Cookies was not authenticated.
2025-12-13 21:24:14.129 +01:00 [INF] Executing endpoint 'ValcharUtulek.Controllers.HomeController.Index (ValcharUtulek)'
2025-12-13 21:24:14.130 +01:00 [INF] Route matched with {action = "Index", controller = "Home"}. Executing controller action with signature Microsoft.AspNetCore.Mvc.IActionResult Index() on controller ValcharUtulek.Controllers.HomeController (ValcharUtulek).
2025-12-13 21:24:14.133 +01:00 [DBG] Execution plan of authorization filters (in the following order): ["None"]
2025-12-13 21:24:14.135 +01:00 [DBG] Execution plan of resource filters (in the following order): ["Microsoft.AspNetCore.Mvc.ViewFeatures.Filters.SaveTempDataFilter"]
2025-12-13 21:24:14.137 +01:00 [DBG] Execution plan of action filters (in the following order): ["Microsoft.AspNetCore.Mvc.Filters.ControllerActionFilter (Order: -2147483648)","Microsoft.AspNetCore.Mvc.ModelBinding.UnsupportedContentTypeFilter (Order: -3000)"]
2025-12-13 21:24:14.140 +01:00 [DBG] Execution plan of exception filters (in the following order): ["None"]
2025-12-13 21:24:14.142 +01:00 [DBG] Execution plan of result filters (in the following order): ["Microsoft.AspNetCore.Mvc.ViewFeatures.Filters.SaveTempDataFilter"]
2025-12-13 21:24:14.145 +01:00 [DBG] Executing controller factory for controller ValcharUtulek.Controllers.HomeController (ValcharUtulek)
2025-12-13 21:24:14.147 +01:00 [DBG] Executed controller factory for controller ValcharUtulek.Controllers.HomeController (ValcharUtulek)
2025-12-13 21:24:14.148 +01:00 [DBG] View lookup cache hit for view 'Index' in controller 'Home'.
2025-12-13 21:24:14.151 +01:00 [INF] Executing ViewResult, running view Index.
2025-12-13 21:24:14.153 +01:00 [DBG] The view path '/Views/Home/Index.cshtml' was found in 4.0503ms.
2025-12-13 21:24:14.154 +01:00 [DBG] View lookup cache hit for view '_Layout' in controller 'Home'.
2025-12-13 21:24:14.157 +01:00 [DBG] Response markup is scheduled to include Browser Link script injection.
2025-12-13 21:24:14.160 +01:00 [DBG] Response markup is scheduled to include browser refresh script injection.
2025-12-13 21:24:14.161 +01:00 [INF] Executed ViewResult - view Index executed in 12.9081ms.
2025-12-13 21:24:14.163 +01:00 [INF] Executed action ValcharUtulek.Controllers.HomeController.Index (ValcharUtulek) in 18.9584ms
2025-12-13 21:24:14.166 +01:00 [INF] Executed endpoint 'ValcharUtulek.Controllers.HomeController.Index (ValcharUtulek)'
2025-12-13 21:24:14.167 +01:00 [DBG] Response markup was updated to include Browser Link script injection.
2025-12-13 21:24:14.168 +01:00 [DBG] Response markup was updated to include browser refresh script injection.
2025-12-13 21:24:14.169 +01:00 [INF] Request finished HTTP/2 GET https://localhost:7079/ - 200 null text/html; charset=utf-8 53.9069ms
2025-12-13 21:24:14.216 +01:00 [INF] Request starting HTTP/2 GET https://localhost:7079/_framework/aspnetcore-browser-refresh.js - null null
2025-12-13 21:24:14.216 +01:00 [INF] Request starting HTTP/2 GET https://localhost:7079/_vs/browserLink - null null
2025-12-13 21:24:14.220 +01:00 [DBG] Script injected: /_framework/aspnetcore-browser-refresh.js
2025-12-13 21:24:14.225 +01:00 [INF] Request finished HTTP/2 GET https://localhost:7079/_framework/aspnetcore-browser-refresh.js - 200 16511 application/javascript; charset=utf-8 8.9344ms
2025-12-13 21:24:14.228 +01:00 [INF] Request finished HTTP/2 GET https://localhost:7079/_vs/browserLink - 200 null text/javascript; charset=UTF-8 12.2021ms
2025-12-13 21:24:15.457 +01:00 [INF] Request starting HTTP/2 GET https://localhost:7079/Account/Login - null null
2025-12-13 21:24:15.464 +01:00 [DBG] The request path /Account/Login does not match a supported file type
2025-12-13 21:24:15.465 +01:00 [DBG] 1 candidate(s) found for the request path '/Account/Login'
2025-12-13 21:24:15.467 +01:00 [DBG] Endpoint 'ValcharUtulek.Controllers.AccountController.Login (ValcharUtulek)' with route pattern '{controller=Home}/{action=Index}/{id?}' is valid for the request path '/Account/Login'
2025-12-13 21:24:15.470 +01:00 [DBG] Request matched endpoint 'ValcharUtulek.Controllers.AccountController.Login (ValcharUtulek)'
2025-12-13 21:24:15.472 +01:00 [DBG] AuthenticationScheme: Cookies was not authenticated.
2025-12-13 21:24:15.474 +01:00 [INF] Executing endpoint 'ValcharUtulek.Controllers.AccountController.Login (ValcharUtulek)'
2025-12-13 21:24:15.475 +01:00 [INF] Route matched with {action = "Login", controller = "Account"}. Executing controller action with signature Microsoft.AspNetCore.Mvc.IActionResult Login(System.String) on controller ValcharUtulek.Controllers.AccountController (ValcharUtulek).
2025-12-13 21:24:15.478 +01:00 [DBG] Execution plan of authorization filters (in the following order): ["None"]
2025-12-13 21:24:15.480 +01:00 [DBG] Execution plan of resource filters (in the following order): ["Microsoft.AspNetCore.Mvc.ViewFeatures.Filters.SaveTempDataFilter"]
2025-12-13 21:24:15.482 +01:00 [DBG] Execution plan of action filters (in the following order): ["Microsoft.AspNetCore.Mvc.Filters.ControllerActionFilter (Order: -2147483648)","Microsoft.AspNetCore.Mvc.ModelBinding.UnsupportedContentTypeFilter (Order: -3000)"]
2025-12-13 21:24:15.484 +01:00 [DBG] Execution plan of exception filters (in the following order): ["None"]
2025-12-13 21:24:15.486 +01:00 [DBG] Execution plan of result filters (in the following order): ["Microsoft.AspNetCore.Mvc.ViewFeatures.Filters.SaveTempDataFilter"]
2025-12-13 21:24:15.488 +01:00 [DBG] Executing controller factory for controller ValcharUtulek.Controllers.AccountController (ValcharUtulek)
2025-12-13 21:24:15.499 +01:00 [DBG] Executed controller factory for controller ValcharUtulek.Controllers.AccountController (ValcharUtulek)
2025-12-13 21:24:15.501 +01:00 [DBG] Attempting to bind parameter 'returnUrl' of type 'System.String' ...
2025-12-13 21:24:15.503 +01:00 [DBG] Attempting to bind parameter 'returnUrl' of type 'System.String' using the name '' in request data ...
2025-12-13 21:24:15.505 +01:00 [DBG] Could not find a value in the request with name '' for binding parameter 'returnUrl' of type 'System.String'.
2025-12-13 21:24:15.507 +01:00 [DBG] Done attempting to bind parameter 'returnUrl' of type 'System.String'.
2025-12-13 21:24:15.509 +01:00 [DBG] Done attempting to bind parameter 'returnUrl' of type 'System.String'.
2025-12-13 21:24:15.510 +01:00 [DBG] Attempting to validate the bound parameter 'returnUrl' of type 'System.String' ...
2025-12-13 21:24:15.512 +01:00 [DBG] Done attempting to validate the bound parameter 'returnUrl' of type 'System.String'.
2025-12-13 21:24:15.514 +01:00 [DBG] View lookup cache hit for view 'Login' in controller 'Account'.
2025-12-13 21:24:15.516 +01:00 [INF] Executing ViewResult, running view Login.
2025-12-13 21:24:15.517 +01:00 [DBG] The view path '/Views/Account/Login.cshtml' was found in 3.5447ms.
2025-12-13 21:24:15.520 +01:00 [DBG] Found the endpoints ["Route: {controller=Home}/{action=Index}/{id?}"] for address (returnurl=[],action=[Login],controller=[Account])
2025-12-13 21:24:15.522 +01:00 [DBG] Successfully processed template {controller=Home}/{action=Index}/{id?} for Route: {controller=Home}/{action=Index}/{id?} resulting in /Account/Login and 
2025-12-13 21:24:15.524 +01:00 [DBG] Link generation succeeded for endpoints ["Route: {controller=Home}/{action=Index}/{id?}"] with result /Account/Login
2025-12-13 21:24:15.527 +01:00 [DBG] An antiforgery cookie token was reused.
2025-12-13 21:24:15.529 +01:00 [DBG] Found the endpoints ["Route: {controller=Home}/{action=Index}/{id?}"] for address (action=[Register],controller=[Account])
2025-12-13 21:24:15.531 +01:00 [DBG] Successfully processed template {controller=Home}/{action=Index}/{id?} for Route: {controller=Home}/{action=Index}/{id?} resulting in /Account/Register and 
2025-12-13 21:24:15.533 +01:00 [DBG] Link generation succeeded for endpoints ["Route: {controller=Home}/{action=Index}/{id?}"] with result /Account/Register
2025-12-13 21:24:15.535 +01:00 [DBG] View lookup cache hit for view '_Layout' in controller 'Account'.
2025-12-13 21:24:15.537 +01:00 [DBG] View lookup cache hit for view '_ValidationScriptsPartial' in controller 'Account'.
2025-12-13 21:24:15.540 +01:00 [DBG] Response markup is scheduled to include Browser Link script injection.
2025-12-13 21:24:15.541 +01:00 [DBG] Response markup is scheduled to include browser refresh script injection.
2025-12-13 21:24:15.542 +01:00 [INF] Executed ViewResult - view Login executed in 28.3711ms.
2025-12-13 21:24:15.544 +01:00 [INF] Executed action ValcharUtulek.Controllers.AccountController.Login (ValcharUtulek) in 55.5837ms
2025-12-13 21:24:15.546 +01:00 [INF] Executed endpoint 'ValcharUtulek.Controllers.AccountController.Login (ValcharUtulek)'
2025-12-13 21:24:15.548 +01:00 [DBG] Response markup was updated to include Browser Link script injection.
2025-12-13 21:24:15.549 +01:00 [DBG] Response markup was updated to include browser refresh script injection.
2025-12-13 21:24:15.550 +01:00 [INF] Request finished HTTP/2 GET https://localhost:7079/Account/Login - 200 null text/html; charset=utf-8 93.145ms
2025-12-13 21:24:15.591 +01:00 [INF] Request starting HTTP/2 GET https://localhost:7079/_vs/browserLink - null null
2025-12-13 21:24:15.591 +01:00 [INF] Request starting HTTP/2 GET https://localhost:7079/_framework/aspnetcore-browser-refresh.js - null null
2025-12-13 21:24:15.599 +01:00 [DBG] Script injected: /_framework/aspnetcore-browser-refresh.js
2025-12-13 21:24:15.600 +01:00 [INF] Request finished HTTP/2 GET https://localhost:7079/_vs/browserLink - 200 null text/javascript; charset=UTF-8 8.8813ms
2025-12-13 21:24:15.602 +01:00 [INF] Request finished HTTP/2 GET https://localhost:7079/_framework/aspnetcore-browser-refresh.js - 200 16511 application/javascript; charset=utf-8 11.0424ms
2025-12-13 21:24:55.912 +01:00 [DBG] Connection id "0HNHQGM6J7RC3" received FIN.
2025-12-13 21:24:55.985 +01:00 [DBG] Connection id "0HNHQGM6J7RC3" is closed. The last processed stream ID was 45.
2025-12-13 21:24:55.987 +01:00 [DBG] The connection queue processing loop for 0HNHQGM6J7RC3 completed.
2025-12-13 21:24:55.987 +01:00 [DBG] Connection id "0HNHQGM6J7RC3" sending FIN because: "The Socket transport's send loop completed gracefully."
2025-12-13 21:24:55.998 +01:00 [DBG] Connection id "0HNHQGM6J7RC3" stopped.
